stat_id,match_id,player_id,team_id,minutes_played,points,rebounds,assists,steals,blocks,turnovers,fg_made,fg_attempted,three_made,three_attempted,ft_made,ft_attempted,efficiency,goals,shots,shots_on_target,passes,pass_accuracy,tackles,interceptions,yellow_cards,red_cards,fouls,saves,rating,sets_played,attacks,attack_kills,serves,serve_aces,digs,receptions,reception_efficiency,errors,games_played,points_won,points_lost,smash_winners,net_shots,service_aces,unforced_errors,longest_rally,win_rate
S000001,M00001,P0003,T001,24.0,19.0,5.0,11.0,1.0,1.0,3.0,3.0,10.0,2.0,4.0,7.0,10.0,11.0,,,,,,,,,,,,,,,,,,,,,,,,,,,,,,
S000002,M00001,P0010,T001,18.0,30.0,2.0,5.0,3.0,3.0,1.0,8.0,17.0,3.0,8.0,6.0,2.0,31.0,,,,,,,,,,,,,,,,,,,,,,,,,,,,,,
S000003,M00001,P0009,T001,40.0,30.0,0.0,12.0,3.0,3.0,6.0,2.0,12.0,4.0,8.0,2.0,8.0,28.0,,,,,,,,,,,,,,,,,,,,,,,,,,,,,,
S000004,M00001,P0004,T001,15.0,16.0,12.0,7.0,2.0,3.0,2.0,7.0,20.0,4.0,7.0,1.0,5.0,9.0,,,,,,,,,,,,,,,,,,,,,,,,,,,,,,
S000005,M00001,P0012,T001,32.0,30.0,6.0,2.0,1.0,0.0,0.0,9.0,14.0,3.0,6.0,6.0,6.0,28.0,,,,,,,,,,,,,,,,,,,,,,,,,,,,,,
S000006,M00001,P0002,T001,21.0,24.0,15.0,4.0,5.0,4.0,0.0,7.0,4.0,0.0,6.0,2.0,3.0,29.0,,,,,,,,,,,,,,,,,,,,,,,,,,,,,,
S000007,M00001,P0011,T001,23.0,16.0,11.0,8.0,5.0,3.0,5.0,6.0,4.0,5.0,6.0,6.0,3.0,12.0,,,,,,,,,,,,,,,,,,,,,,,,,,,,,,
S000008,M00001,P0006,T001,25.0,2.0,11.0,10.0,5.0,0.0,5.0,3.0,11.0,4.0,7.0,2.0,4.0,12.0,,,,,,,,,,,,,,,,,,,,,,,,,,,,,,
S000009,M00001,P0088,T007,22.0,5.0,6.0,6.0,1.0,3.0,2.0,5.0,19.0,4.0,10.0,6.0,9.0,14.0,,,,,,,,,,,,,,,,,,,,,,,,,,,,,,
S000010,M00001,P0090,T007,33.0,26.0,2.0,1.0,5.0,4.0,6.0,6.0,7.0,2.0,3.0,6.0,4.0,5.0,,,,,,,,,,,,,,,,,,,,,,,,,,,,,,
S000011,M00001,P0081,T007,15.0,31.0,0.0,1.0,0.0,3.0,4.0,7.0,12.0,5.0,6.0,2.0,2.0,16.0,,,,,,,,,,,,,,,,,,,,,,,,,,,,,,
S000012,M00001,P0079,T007,15.0,8.0,6.0,7.0,1.0,4.0,0.0,8.0,9.0,1.0,3.0,0.0,2.0,30.0,,,,,,,,,,,,,,,,,,,,,,,,,,,,,,
S000013,M00001,P0080,T007,34.0,12.0,8.0,6.0,3.0,4.0,0.0,3.0,5.0,2.0,1.0,6.0,1.0,13.0,,,,,,,,,,,,,,,,,,,,,,,,,,,,,,
S000014,M00001,P0085,T007,12.0,21.0,0.0,9.0,1.0,3.0,3.0,2.0,3.0,0.0,4.0,0.0,10.0,23.0,,,,,,,,,,,,,,,,,,,,,,,,,,,,,,
S000015,M00001,P0087,T007,35.0,2.0,3.0,3.0,4.0,0.0,3.0,10.0,19.0,6.0,4.0,7.0,7.0,29.0,,,,,,,,,,,,,,,,,,,,,,,,,,,,,,
S000016,M00001,P0082,T007,20.0,27.0,10.0,5.0,5.0,2.0,2.0,4.0,14.0,5.0,6.0,6.0,9.0,6.0,,,,,,,,,,,,,,,,,,,,,,,,,,,,,,
S000017,M00004,P0042,T004,29.0,7.0,8.0,11.0,1.0,2.0,3.0,10.0,18.0,4.0,6.0,3.0,0.0,25.0,,,,,,,,,,,,,,,,,,,,,,,,,,,,,,
S000018,M00004,P0050,T004,40.0,20.0,0.0,10.0,2.0,0.0,6.0,6.0,17.0,1.0,9.0,7.0,6.0,28.0,,,,,,,,,,,,,,,,,,,,,,,,,,,,,,
S000019,M00004,P0038,T004,29.0,5.0,11.0,6.0,3.0,0.0,5.0,7.0,12.0,4.0,3.0,2.0,8.0,33.0,,,,,,,,,,,,,,,,,,,,,,,,,,,,,,
S000020,M00004,P0037,T004,28.0,32.0,1.0,2.0,3.0,0.0,2.0,9.0,17.0,1.0,7.0,1.0,7.0,26.0,,,,,,,,,,,,,,,,,,,,,,,,,,,,,,
S000021,M00004,P0044,T004,27.0,15.0,7.0,3.0,1.0,0.0,0.0,7.0,3.0,1.0,5.0,6.0,4.0,12.0,,,,,,,,,,,,,,,,,,,,,,,,,,,,,,
S000022,M00004,P0043,T004,33.0,16.0,15.0,10.0,0.0,1.0,4.0,8.0,5.0,6.0,5.0,3.0,9.0,29.0,,,,,,,,,,,,,,,,,,,,,,,,,,,,,,
S000023,M00004,P0039,T004,39.0,4.0,10.0,6.0,5.0,3.0,5.0,9.0,16.0,6.0,3.0,3.0,4.0,8.0,,,,,,,,,,,,,,,,,,,,,,,,,,,,,,
S000024,M00004,P0047,T004,19.0,5.0,3.0,1.0,2.0,4.0,1.0,2.0,14.0,1.0,5.0,6.0,9.0,28.0,,,,,,,,,,,,,,,,,,,,,,,,,,,,,,
S000025,M00004,P0051,T005,23.0,20.0,11.0,12.0,5.0,1.0,4.0,10.0,10.0,0.0,6.0,0.0,8.0,32.0,,,,,,,,,,,,,,,,,,,,,,,,,,,,,,
S000026,M00004,P0055,T005,24.0,20.0,4.0,4.0,1.0,3.0,5.0,8.0,7.0,4.0,4.0,2.0,10.0,32.0,,,,,,,,,,,,,,,,,,,,,,,,,,,,,,
S000027,M00004,P0063,T005,35.0,2.0,10.0,4.0,4.0,0.0,2.0,10.0,18.0,5.0,3.0,7.0,4.0,27.0,,,,,,,,,,,,,,,,,,,,,,,,,,,,,,
S000028,M00004,P0060,T005,40.0,24.0,1.0,12.0,2.0,1.0,6.0,4.0,10.0,5.0,0.0,2.0,7.0,28.0,,,,,,,,,,,,,,,,,,,,,,,,,,,,,,
S000029,M00004,P0059,T005,22.0,19.0,5.0,0.0,4.0,3.0,2.0,7.0,18.0,2.0,6.0,6.0,1.0,21.0,,,,,,,,,,,,,,,,,,,,,,,,,,,,,,
S000030,M00004,P0054,T005,33.0,18.0,9.0,11.0,1.0,4.0,3.0,2.0,7.0,2.0,9.0,0.0,4.0,19.0,,,,,,,,,,,,,,,,,,,,,,,,,,,,,,
S000031,M00004,P0057,T005,30.0,10.0,4.0,7.0,5.0,3.0,2.0,3.0,9.0,1.0,3.0,0.0,5.0,28.0,,,,,,,,,,,,,,,,,,,,,,,,,,,,,,
S000032,M00004,P0058,T005,37.0,6.0,4.0,6.0,3.0,1.0,0.0,2.0,14.0,3.0,2.0,0.0,1.0,21.0,,,,,,,,,,,,,,,,,,,,,,,,,,,,,,
S000033,M00005,P0089,T007,17.0,2.0,3.0,3.0,3.0,3.0,2.0,10.0,8.0,5.0,6.0,1.0,7.0,32.0,,,,,,,,,,,,,,,,,,,,,,,,,,,,,,
S000034,M00005,P0084,T007,36.0,24.0,8.0,10.0,5.0,3.0,2.0,1.0,6.0,0.0,1.0,1.0,7.0,25.0,,,,,,,,,,,,,,,,,,,,,,,,,,,,,,
S000035,M00005,P0088,T007,31.0,32.0,7.0,0.0,4.0,4.0,4.0,8.0,11.0,5.0,1.0,2.0,6.0,20.0,,,,,,,,,,,,,,,,,,,,,,,,,,,,,,
S000036,M00005,P0085,T007,30.0,27.0,9.0,9.0,1.0,0.0,2.0,2.0,20.0,1.0,6.0,0.0,6.0,22.0,,,,,,,,,,,,,,,,,,,,,,,,,,,,,,
S000037,M00005,P0081,T007,36.0,34.0,15.0,1.0,4.0,4.0,4.0,2.0,9.0,5.0,1.0,2.0,9.0,27.0,,,,,,,,,,,,,,,,,,,,,,,,,,,,,,
S000038,M00005,P0090,T007,15.0,0.0,14.0,12.0,2.0,0.0,0.0,3.0,9.0,5.0,2.0,1.0,8.0,13.0,,,,,,,,,,,,,,,,,,,,,,,,,,,,,,
S000039,M00005,P0087,T007,37.0,2.0,2.0,1.0,4.0,2.0,2.0,9.0,8.0,3.0,10.0,0.0,3.0,14.0,,,,,,,,,,,,,,,,,,,,,,,,,,,,,,
S000040,M00005,P0082,T007,11.0,33.0,9.0,10.0,4.0,3.0,1.0,10.0,18.0,5.0,5.0,8.0,5.0,24.0,,,,,,,,,,,,,,,,,,,,,,,,,,,,,,
S000041,M00005,P0033,T003,14.0,19.0,6.0,2.0,4.0,4.0,1.0,10.0,14.0,2.0,2.0,6.0,1.0,22.0,,,,,,,,,,,,,,,,,,,,,,,,,,,,,,
S000042,M00005,P0036,T003,18.0,16.0,12.0,10.0,1.0,3.0,3.0,2.0,11.0,5.0,6.0,2.0,8.0,11.0,,,,,,,,,,,,,,,,,,,,,,,,,,,,,,
S000043,M00005,P0028,T003,12.0,17.0,6.0,11.0,2.0,4.0,5.0,9.0,8.0,3.0,2.0,5.0,6.0,17.0,,,,,,,,,,,,,,,,,,,,,,,,,,,,,,
S000044,M00005,P0026,T003,10.0,15.0,2.0,4.0,0.0,4.0,0.0,9.0,16.0,0.0,5.0,1.0,5.0,34.0,,,,,,,,,,,,,,,,,,,,,,,,,,,,,,
S000045,M00005,P0025,T003,20.0,17.0,4.0,12.0,1.0,2.0,0.0,2.0,15.0,1.0,6.0,1.0,1.0,10.0,,,,,,,,,,,,,,,,,,,,,,,,,,,,,,
S000046,M00005,P0035,T003,26.0,19.0,15.0,1.0,4.0,2.0,5.0,10.0,12.0,4.0,4.0,1.0,0.0,10.0,,,,,,,,,,,,,,,,,,,,,,,,,,,,,,
S000047,M00005,P0032,T003,20.0,24.0,5.0,5.0,5.0,4.0,4.0,10.0,15.0,3.0,9.0,2.0,4.0,5.0,,,,,,,,,,,,,,,,,,,,,,,,,,,,,,
S000048,M00005,P0031,T003,31.0,32.0,4.0,10.0,1.0,1.0,3.0,10.0,11.0,0.0,10.0,5.0,3.0,26.0,,,,,,,,,,,,,,,,,,,,,,,,,,,,,,
S000049,M00006,P0060,T005,26.0,18.0,8.0,6.0,4.0,1.0,2.0,2.0,12.0,3.0,5.0,1.0,10.0,7.0,,,,,,,,,,,,,,,,,,,,,,,,,,,,,,
S000050,M00006,P0057,T005,12.0,15.0,2.0,2.0,4.0,0.0,0.0,5.0,20.0,3.0,0.0,6.0,10.0,21.0,,,,,,,,,,,,,,,,,,,,,,,,,,,,,,
S000051,M00006,P0058,T005,39.0,8.0,15.0,7.0,4.0,4.0,5.0,2.0,15.0,0.0,9.0,3.0,0.0,27.0,,,,,,,,,,,,,,,,,,,,,,,,,,,,,,
S000052,M00006,P0053,T005,23.0,34.0,11.0,3.0,5.0,4.0,5.0,10.0,4.0,4.0,7.0,2.0,10.0,34.0,,,,,,,,,,,,,,,,,,,,,,,,,,,,,,
S000053,M00006,P0061,T005,38.0,33.0,7.0,2.0,0.0,2.0,6.0,3.0,19.0,2.0,0.0,6.0,7.0,17.0,,,,,,,,,,,,,,,,,,,,,,,,,,,,,,
S000054,M00006,P0056,T005,15.0,23.0,3.0,5.0,5.0,1.0,6.0,9.0,6.0,2.0,4.0,7.0,4.0,13.0,,,,,,,,,,,,,,,,,,,,,,,,,,,,,,
S000055,M00006,P0062,T005,16.0,0.0,12.0,3.0,2.0,4.0,6.0,1.0,17.0,4.0,7.0,0.0,5.0,5.0,,,,,,,,,,,,,,,,,,,,,,,,,,,,,,
S000056,M00006,P0054,T005,29.0,29.0,10.0,4.0,2.0,0.0,0.0,6.0,8.0,3.0,5.0,0.0,1.0,18.0,,,,,,,,,,,,,,,,,,,,,,,,,,,,,,
S000057,M00006,P0071,T006,39.0,31.0,0.0,2.0,5.0,2.0,1.0,8.0,15.0,2.0,4.0,5.0,6.0,33.0,,,,,,,,,,,,,,,,,,,,,,,,,,,,,,
S000058,M00006,P0067,T006,15.0,34.0,8.0,1.0,3.0,3.0,1.0,3.0,14.0,5.0,6.0,0.0,5.0,33.0,,,,,,,,,,,,,,,,,,,,,,,,,,,,,,
S000059,M00006,P0065,T006,37.0,12.0,3.0,3.0,2.0,0.0,1.0,7.0,16.0,5.0,5.0,0.0,2.0,26.0,,,,,,,,,,,,,,,,,,,,,,,,,,,,,,
S000060,M00006,P0072,T006,16.0,30.0,8.0,1.0,3.0,3.0,4.0,8.0,7.0,2.0,6.0,8.0,6.0,9.0,,,,,,,,,,,,,,,,,,,,,,,,,,,,,,
S000061,M00006,P0075,T006,13.0,6.0,0.0,2.0,1.0,2.0,4.0,1.0,10.0,0.0,10.0,5.0,6.0,24.0,,,,,,,,,,,,,,,,,,,,,,,,,,,,,,
S000062,M00006,P0066,T006,33.0,0.0,13.0,7.0,2.0,2.0,3.0,2.0,16.0,1.0,9.0,2.0,8.0,10.0,,,,,,,,,,,,,,,,,,,,,,,,,,,,,,
S000063,M00006,P0070,T006,17.0,17.0,3.0,4.0,5.0,1.0,5.0,7.0,9.0,3.0,1.0,8.0,9.0,10.0,,,,,,,,,,,,,,,,,,,,,,,,,,,,,,
S000064,M00006,P0076,T006,16.0,9.0,7.0,1.0,1.0,3.0,0.0,5.0,9.0,1.0,6.0,0.0,9.0,11.0,,,,,,,,,,,,,,,,,,,,,,,,,,,,,,
S000065,M00009,P0038,T004,20.0,27.0,15.0,0.0,4.0,3.0,5.0,1.0,12.0,0.0,4.0,5.0,4.0,35.0,,,,,,,,,,,,,,,,,,,,,,,,,,,,,,
S000066,M00009,P0037,T004,21.0,26.0,7.0,5.0,0.0,1.0,0.0,1.0,4.0,5.0,5.0,3.0,4.0,20.0,,,,,,,,,,,,,,,,,,,,,,,,,,,,,,
S000067,M00009,P0043,T004,18.0,6.0,13.0,2.0,2.0,3.0,2.0,6.0,12.0,0.0,1.0,0.0,10.0,22.0,,,,,,,,,,,,,,,,,,,,,,,,,,,,,,
S000068,M00009,P0048,T004,34.0,8.0,10.0,5.0,5.0,2.0,5.0,10.0,19.0,4.0,5.0,3.0,10.0,13.0,,,,,,,,,,,,,,,,,,,,,,,,,,,,,,
S000069,M00009,P0045,T004,16.0,24.0,2.0,1.0,1.0,4.0,0.0,1.0,9.0,1.0,7.0,1.0,1.0,35.0,,,,,,,,,,,,,,,,,,,,,,,,,,,,,,
S000070,M00009,P0041,T004,27.0,21.0,9.0,11.0,3.0,1.0,4.0,3.0,4.0,1.0,3.0,6.0,8.0,27.0,,,,,,,,,,,,,,,,,,,,,,,,,,,,,,
S000071,M00009,P0040,T004,18.0,35.0,11.0,5.0,3.0,0.0,3.0,2.0,18.0,3.0,8.0,8.0,0.0,10.0,,,,,,,,,,,,,,,,,,,,,,,,,,,,,,
S000072,M00009,P0050,T004,29.0,17.0,4.0,4.0,0.0,4.0,0.0,4.0,15.0,3.0,10.0,8.0,8.0,7.0,,,,,,,,,,,,,,,,,,,,,,,,,,,,,,
S000073,M00009,P0081,T007,16.0,11.0,0.0,2.0,4.0,1.0,4.0,1.0,19.0,3.0,8.0,8.0,4.0,14.0,,,,,,,,,,,,,,,,,,,,,,,,,,,,,,
S000074,M00009,P0086,T007,37.0,14.0,9.0,11.0,2.0,4.0,0.0,3.0,10.0,0.0,8.0,3.0,4.0,6.0,,,,,,,,,,,,,,,,,,,,,,,,,,,,,,
S000075,M00009,P0087,T007,30.0,9.0,8.0,2.0,2.0,0.0,5.0,4.0,9.0,4.0,1.0,0.0,10.0,16.0,,,,,,,,,,,,,,,,,,,,,,,,,,,,,,
S000076,M00009,P0085,T007,30.0,23.0,10.0,1.0,5.0,4.0,2.0,3.0,16.0,4.0,4.0,5.0,0.0,25.0,,,,,,,,,,,,,,,,,,,,,,,,,,,,,,
S000077,M00009,P0088,T007,36.0,0.0,11.0,3.0,5.0,2.0,1.0,5.0,3.0,4.0,10.0,1.0,6.0,35.0,,,,,,,,,,,,,,,,,,,,,,,,,,,,,,
S000078,M00009,P0082,T007,30.0,16.0,6.0,7.0,1.0,2.0,2.0,4.0,15.0,1.0,7.0,3.0,6.0,16.0,,,,,,,,,,,,,,,,,,,,,,,,,,,,,,
S000079,M00009,P0083,T007,14.0,30.0,2.0,7.0,1.0,3.0,1.0,3.0,9.0,4.0,7.0,2.0,10.0,14.0,,,,,,,,,,,,,,,,,,,,,,,,,,,,,,
S000080,M00009,P0090,T007,10.0,19.0,5.0,2.0,3.0,4.0,1.0,2.0,7.0,0.0,6.0,3.0,7.0,34.0,,,,,,,,,,,,,,,,,,,,,,,,,,,,,,
S000081,M00011,P0011,T001,22.0,24.0,0.0,1.0,0.0,0.0,1.0,4.0,5.0,2.0,2.0,0.0,0.0,35.0,,,,,,,,,,,,,,,,,,,,,,,,,,,,,,
S000082,M00011,P0007,T001,35.0,6.0,10.0,11.0,0.0,1.0,1.0,8.0,17.0,6.0,2.0,4.0,5.0,20.0,,,,,,,,,,,,,,,,,,,,,,,,,,,,,,
S000083,M00011,P0002,T001,14.0,15.0,1.0,8.0,5.0,2.0,5.0,9.0,6.0,0.0,0.0,1.0,8.0,14.0,,,,,,,,,,,,,,,,,,,,,,,,,,,,,,
S000084,M00011,P0009,T001,13.0,32.0,13.0,2.0,0.0,1.0,0.0,4.0,16.0,3.0,2.0,5.0,10.0,14.0,,,,,,,,,,,,,,,,,,,,,,,,,,,,,,
S000085,M00011,P0003,T001,17.0,24.0,3.0,7.0,1.0,0.0,1.0,2.0,12.0,2.0,1.0,5.0,1.0,16.0,,,,,,,,,,,,,,,,,,,,,,,,,,,,,,
S000086,M00011,P0001,T001,39.0,5.0,1.0,9.0,1.0,1.0,3.0,9.0,13.0,4.0,2.0,6.0,2.0,33.0,,,,,,,,,,,,,,,,,,,,,,,,,,,,,,
S000087,M00011,P0005,T001,31.0,19.0,9.0,5.0,0.0,2.0,3.0,6.0,11.0,6.0,1.0,0.0,2.0,29.0,,,,,,,,,,,,,,,,,,,,,,,,,,,,,,
S000088,M00011,P0008,T001,30.0,9.0,10.0,2.0,3.0,3.0,5.0,8.0,5.0,0.0,9.0,6.0,4.0,9.0,,,,,,,,,,,,,,,,,,,,,,,,,,,,,,
S000089,M00011,P0065,T006,23.0,30.0,13.0,9.0,5.0,2.0,1.0,4.0,15.0,3.0,8.0,7.0,8.0,22.0,,,,,,,,,,,,,,,,,,,,,,,,,,,,,,
S000090,M00011,P0069,T006,25.0,34.0,7.0,6.0,0.0,4.0,5.0,7.0,19.0,4.0,3.0,1.0,3.0,16.0,,,,,,,,,,,,,,,,,,,,,,,,,,,,,,
S000091,M00011,P0066,T006,10.0,13.0,0.0,5.0,4.0,3.0,1.0,2.0,4.0,2.0,5.0,2.0,4.0,19.0,,,,,,,,,,,,,,,,,,,,,,,,,,,,,,
S000092,M00011,P0076,T006,14.0,35.0,13.0,3.0,1.0,1.0,0.0,3.0,6.0,5.0,2.0,6.0,0.0,27.0,,,,,,,,,,,,,,,,,,,,,,,,,,,,,,
S000093,M00011,P0070,T006,40.0,27.0,11.0,0.0,5.0,0.0,5.0,10.0,5.0,3.0,9.0,2.0,0.0,9.0,,,,,,,,,,,,,,,,,,,,,,,,,,,,,,
S000094,M00011,P0077,T006,21.0,9.0,2.0,3.0,0.0,0.0,4.0,7.0,7.0,6.0,2.0,7.0,2.0,28.0,,,,,,,,,,,,,,,,,,,,,,,,,,,,,,
S000095,M00011,P0073,T006,26.0,19.0,15.0,6.0,5.0,2.0,3.0,1.0,12.0,0.0,2.0,0.0,10.0,6.0,,,,,,,,,,,,,,,,,,,,,,,,,,,,,,
S000096,M00011,P0071,T006,29.0,11.0,5.0,0.0,3.0,3.0,5.0,8.0,20.0,5.0,4.0,8.0,4.0,27.0,,,,,,,,,,,,,,,,,,,,,,,,,,,,,,
S000097,M00012,P0094,T008,16.0,25.0,1.0,3.0,3.0,1.0,6.0,9.0,5.0,6.0,7.0,7.0,5.0,25.0,,,,,,,,,,,,,,,,,,,,,,,,,,,,,,
S000098,M00012,P0097,T008,30.0,25.0,12.0,2.0,0.0,2.0,5.0,7.0,9.0,2.0,1.0,1.0,1.0,16.0,,,,,,,,,,,,,,,,,,,,,,,,,,,,,,
S000099,M00012,P0093,T008,29.0,21.0,0.0,3.0,2.0,1.0,4.0,2.0,5.0,1.0,9.0,0.0,4.0,11.0,,,,,,,,,,,,,,,,,,,,,,,,,,,,,,
S000100,M00012,P0095,T008,27.0,12.0,1.0,3.0,2.0,0.0,4.0,10.0,4.0,4.0,7.0,0.0,0.0,15.0,,,,,,,,,,,,,,,,,,,,,,,,,,,,,,
S000101,M00012,P0092,T008,12.0,19.0,0.0,5.0,2.0,3.0,4.0,4.0,13.0,6.0,6.0,5.0,2.0,27.0,,,,,,,,,,,,,,,,,,,,,,,,,,,,,,
S000102,M00012,P0102,T008,31.0,6.0,10.0,6.0,5.0,4.0,0.0,9.0,7.0,0.0,9.0,6.0,7.0,23.0,,,,,,,,,,,,,,,,,,,,,,,,,,,,,,
S000103,M00012,P0099,T008,37.0,2.0,9.0,2.0,1.0,3.0,0.0,2.0,10.0,1.0,10.0,2.0,2.0,35.0,,,,,,,,,,,,,,,,,,,,,,,,,,,,,,
S000104,M00012,P0096,T008,26.0,33.0,10.0,7.0,1.0,2.0,2.0,6.0,16.0,0.0,10.0,6.0,3.0,11.0,,,,,,,,,,,,,,,,,,,,,,,,,,,,,,
S000105,M00012,P0034,T003,34.0,19.0,2.0,7.0,0.0,3.0,2.0,3.0,12.0,1.0,1.0,4.0,9.0,16.0,,,,,,,,,,,,,,,,,,,,,,,,,,,,,,
S000106,M00012,P0036,T003,21.0,5.0,2.0,2.0,5.0,3.0,2.0,8.0,11.0,6.0,7.0,2.0,1.0,23.0,,,,,,,,,,,,,,,,,,,,,,,,,,,,,,
S000107,M00012,P0026,T003,25.0,2.0,11.0,4.0,3.0,3.0,6.0,10.0,7.0,3.0,5.0,8.0,9.0,35.0,,,,,,,,,,,,,,,,,,,,,,,,,,,,,,
S000108,M00012,P0027,T003,20.0,23.0,2.0,10.0,3.0,4.0,3.0,5.0,4.0,4.0,10.0,0.0,3.0,27.0,,,,,,,,,,,,,,,,,,,,,,,,,,,,,,
S000109,M00012,P0032,T003,36.0,35.0,0.0,2.0,0.0,2.0,3.0,3.0,15.0,6.0,1.0,3.0,6.0,32.0,,,,,,,,,,,,,,,,,,,,,,,,,,,,,,
S000110,M00012,P0025,T003,24.0,5.0,11.0,7.0,3.0,4.0,6.0,8.0,6.0,0.0,2.0,1.0,6.0,29.0,,,,,,,,,,,,,,,,,,,,,,,,,,,,,,
S000111,M00012,P0031,T003,23.0,12.0,12.0,5.0,0.0,2.0,2.0,10.0,18.0,1.0,7.0,1.0,4.0,19.0,,,,,,,,,,,,,,,,,,,,,,,,,,,,,,
S000112,M00012,P0035,T003,11.0,34.0,4.0,7.0,1.0,1.0,2.0,10.0,4.0,4.0,6.0,0.0,5.0,30.0,,,,,,,,,,,,,,,,,,,,,,,,,,,,,,
S000113,M00013,P0043,T004,18.0,11.0,2.0,2.0,0.0,2.0,3.0,2.0,12.0,6.0,7.0,6.0,8.0,11.0,,,,,,,,,,,,,,,,,,,,,,,,,,,,,,
S000114,M00013,P0044,T004,31.0,16.0,5.0,0.0,0.0,3.0,2.0,5.0,8.0,1.0,5.0,6.0,7.0,20.0,,,,,,,,,,,,,,,,,,,,,,,,,,,,,,
S000115,M00013,P0040,T004,27.0,10.0,13.0,5.0,5.0,4.0,3.0,1.0,20.0,6.0,9.0,3.0,1.0,28.0,,,,,,,,,,,,,,,,,,,,,,,,,,,,,,
S000116,M00013,P0037,T004,31.0,9.0,10.0,10.0,5.0,2.0,0.0,3.0,17.0,1.0,7.0,5.0,1.0,30.0,,,,,,,,,,,,,,,,,,,,,,,,,,,,,,
S000117,M00013,P0048,T004,31.0,26.0,8.0,8.0,5.0,0.0,3.0,3.0,17.0,5.0,9.0,1.0,0.0,11.0,,,,,,,,,,,,,,,,,,,,,,,,,,,,,,
S000118,M00013,P0047,T004,33.0,12.0,13.0,11.0,4.0,1.0,4.0,7.0,9.0,2.0,3.0,3.0,10.0,23.0,,,,,,,,,,,,,,,,,,,,,,,,,,,,,,
S000119,M00013,P0050,T004,40.0,0.0,11.0,5.0,0.0,2.0,2.0,9.0,6.0,5.0,7.0,7.0,6.0,18.0,,,,,,,,,,,,,,,,,,,,,,,,,,,,,,
S000120,M00013,P0039,T004,21.0,22.0,13.0,8.0,2.0,0.0,1.0,8.0,16.0,2.0,2.0,8.0,9.0,10.0,,,,,,,,,,,,,,,,,,,,,,,,,,,,,,
S000121,M00013,P0072,T006,12.0,6.0,2.0,10.0,0.0,4.0,3.0,2.0,18.0,5.0,9.0,8.0,1.0,25.0,,,,,,,,,,,,,,,,,,,,,,,,,,,,,,
S000122,M00013,P0070,T006,24.0,32.0,1.0,10.0,2.0,3.0,1.0,4.0,17.0,4.0,6.0,1.0,3.0,32.0,,,,,,,,,,,,,,,,,,,,,,,,,,,,,,
S000123,M00013,P0077,T006,25.0,7.0,11.0,12.0,3.0,3.0,6.0,7.0,3.0,2.0,3.0,8.0,4.0,13.0,,,,,,,,,,,,,,,,,,,,,,,,,,,,,,
S000124,M00013,P0068,T006,38.0,16.0,9.0,12.0,3.0,1.0,0.0,7.0,4.0,0.0,0.0,2.0,5.0,31.0,,,,,,,,,,,,,,,,,,,,,,,,,,,,,,
S000125,M00013,P0074,T006,36.0,33.0,10.0,5.0,1.0,4.0,3.0,4.0,20.0,3.0,3.0,6.0,0.0,30.0,,,,,,,,,,,,,,,,,,,,,,,,,,,,,,
S000126,M00013,P0076,T006,39.0,27.0,4.0,10.0,3.0,1.0,3.0,6.0,19.0,1.0,6.0,3.0,1.0,27.0,,,,,,,,,,,,,,,,,,,,,,,,,,,,,,
S000127,M00013,P0075,T006,35.0,8.0,3.0,10.0,4.0,3.0,6.0,5.0,20.0,1.0,5.0,3.0,1.0,7.0,,,,,,,,,,,,,,,,,,,,,,,,,,,,,,
S000128,M00013,P0065,T006,10.0,27.0,0.0,10.0,4.0,1.0,0.0,10.0,20.0,0.0,9.0,6.0,0.0,28.0,,,,,,,,,,,,,,,,,,,,,,,,,,,,,,
S000129,M00016,P0036,T003,19.0,12.0,7.0,11.0,3.0,2.0,5.0,1.0,11.0,0.0,2.0,0.0,10.0,23.0,,,,,,,,,,,,,,,,,,,,,,,,,,,,,,
S000130,M00016,P0027,T003,37.0,6.0,3.0,7.0,4.0,0.0,0.0,3.0,12.0,2.0,2.0,1.0,1.0,20.0,,,,,,,,,,,,,,,,,,,,,,,,,,,,,,
S000131,M00016,P0032,T003,37.0,23.0,6.0,6.0,0.0,3.0,6.0,1.0,16.0,0.0,7.0,1.0,3.0,26.0,,,,,,,,,,,,,,,,,,,,,,,,,,,,,,
S000132,M00016,P0030,T003,23.0,24.0,10.0,10.0,3.0,1.0,1.0,5.0,3.0,1.0,10.0,0.0,1.0,15.0,,,,,,,,,,,,,,,,,,,,,,,,,,,,,,
S000133,M00016,P0035,T003,21.0,30.0,0.0,2.0,4.0,2.0,0.0,4.0,3.0,4.0,0.0,8.0,8.0,29.0,,,,,,,,,,,,,,,,,,,,,,,,,,,,,,
S000134,M00016,P0026,T003,14.0,13.0,11.0,1.0,1.0,0.0,2.0,3.0,10.0,0.0,2.0,4.0,4.0,20.0,,,,,,,,,,,,,,,,,,,,,,,,,,,,,,
S000135,M00016,P0033,T003,16.0,5.0,11.0,11.0,4.0,2.0,3.0,8.0,16.0,4.0,6.0,3.0,4.0,10.0,,,,,,,,,,,,,,,,,,,,,,,,,,,,,,
S000136,M00016,P0031,T003,16.0,17.0,12.0,1.0,4.0,4.0,2.0,3.0,9.0,5.0,7.0,6.0,7.0,18.0,,,,,,,,,,,,,,,,,,,,,,,,,,,,,,
S000137,M00016,P0010,T001,28.0,22.0,11.0,10.0,0.0,3.0,1.0,1.0,19.0,2.0,9.0,6.0,4.0,24.0,,,,,,,,,,,,,,,,,,,,,,,,,,,,,,
S000138,M00016,P0012,T001,36.0,33.0,11.0,6.0,0.0,0.0,1.0,6.0,16.0,6.0,2.0,5.0,3.0,7.0,,,,,,,,,,,,,,,,,,,,,,,,,,,,,,
S000139,M00016,P0005,T001,16.0,23.0,11.0,2.0,2.0,0.0,0.0,6.0,3.0,5.0,5.0,3.0,7.0,23.0,,,,,,,,,,,,,,,,,,,,,,,,,,,,,,
S000140,M00016,P0006,T001,35.0,20.0,7.0,8.0,0.0,3.0,2.0,10.0,9.0,4.0,3.0,1.0,8.0,13.0,,,,,,,,,,,,,,,,,,,,,,,,,,,,,,
S000141,M00016,P0002,T001,32.0,4.0,13.0,10.0,3.0,2.0,6.0,6.0,9.0,1.0,0.0,7.0,7.0,6.0,,,,,,,,,,,,,,,,,,,,,,,,,,,,,,
S000142,M00016,P0007,T001,18.0,26.0,3.0,1.0,3.0,1.0,4.0,6.0,15.0,1.0,9.0,0.0,4.0,5.0,,,,,,,,,,,,,,,,,,,,,,,,,,,,,,
S000143,M00016,P0004,T001,30.0,0.0,14.0,4.0,1.0,3.0,0.0,9.0,19.0,0.0,5.0,0.0,1.0,20.0,,,,,,,,,,,,,,,,,,,,,,,,,,,,,,
S000144,M00016,P0009,T001,13.0,26.0,9.0,4.0,2.0,2.0,3.0,2.0,20.0,6.0,5.0,7.0,9.0,6.0,,,,,,,,,,,,,,,,,,,,,,,,,,,,,,
S000145,M00017,P0097,T008,10.0,14.0,1.0,0.0,1.0,0.0,2.0,7.0,10.0,1.0,1.0,3.0,5.0,31.0,,,,,,,,,,,,,,,,,,,,,,,,,,,,,,
S000146,M00017,P0095,T008,38.0,34.0,0.0,11.0,0.0,2.0,6.0,1.0,6.0,0.0,4.0,1.0,4.0,15.0,,,,,,,,,,,,,,,,,,,,,,,,,,,,,,
S000147,M00017,P0098,T008,32.0,24.0,8.0,11.0,1.0,1.0,4.0,8.0,6.0,1.0,5.0,2.0,9.0,33.0,,,,,,,,,,,,,,,,,,,,,,,,,,,,,,
S000148,M00017,P0101,T008,37.0,26.0,14.0,10.0,0.0,4.0,4.0,4.0,18.0,5.0,7.0,4.0,5.0,29.0,,,,,,,,,,,,,,,,,,,,,,,,,,,,,,
S000149,M00017,P0092,T008,33.0,30.0,7.0,1.0,2.0,2.0,5.0,2.0,14.0,4.0,3.0,3.0,1.0,7.0,,,,,,,,,,,,,,,,,,,,,,,,,,,,,,
S000150,M00017,P0096,T008,25.0,3.0,6.0,0.0,5.0,1.0,3.0,7.0,9.0,3.0,1.0,5.0,3.0,31.0,,,,,,,,,,,,,,,,,,,,,,,,,,,,,,
S000151,M00017,P0102,T008,28.0,33.0,10.0,12.0,2.0,3.0,5.0,3.0,19.0,0.0,2.0,3.0,5.0,17.0,,,,,,,,,,,,,,,,,,,,,,,,,,,,,,
S000152,M00017,P0091,T008,24.0,32.0,6.0,12.0,3.0,1.0,0.0,5.0,16.0,1.0,10.0,4.0,9.0,25.0,,,,,,,,,,,,,,,,,,,,,,,,,,,,,,
S000153,M00017,P0002,T001,15.0,17.0,0.0,7.0,5.0,4.0,3.0,6.0,11.0,0.0,8.0,1.0,5.0,18.0,,,,,,,,,,,,,,,,,,,,,,,,,,,,,,
S000154,M00017,P0003,T001,16.0,9.0,12.0,8.0,3.0,4.0,2.0,1.0,17.0,2.0,5.0,1.0,0.0,25.0,,,,,,,,,,,,,,,,,,,,,,,,,,,,,,
S000155,M00017,P0008,T001,22.0,27.0,6.0,4.0,1.0,3.0,1.0,10.0,11.0,4.0,9.0,7.0,8.0,18.0,,,,,,,,,,,,,,,,,,,,,,,,,,,,,,
S000156,M00017,P0013,T001,13.0,3.0,7.0,1.0,1.0,0.0,0.0,1.0,11.0,1.0,1.0,8.0,1.0,13.0,,,,,,,,,,,,,,,,,,,,,,,,,,,,,,
S000157,M00017,P0010,T001,17.0,25.0,12.0,6.0,0.0,1.0,5.0,5.0,18.0,1.0,2.0,3.0,5.0,25.0,,,,,,,,,,,,,,,,,,,,,,,,,,,,,,
S000158,M00017,P0004,T001,19.0,18.0,0.0,1.0,1.0,4.0,5.0,10.0,18.0,5.0,4.0,3.0,2.0,15.0,,,,,,,,,,,,,,,,,,,,,,,,,,,,,,
S000159,M00017,P0001,T001,31.0,4.0,5.0,2.0,2.0,3.0,1.0,1.0,18.0,3.0,5.0,0.0,2.0,13.0,,,,,,,,,,,,,,,,,,,,,,,,,,,,,,
S000160,M00017,P0011,T001,38.0,4.0,5.0,10.0,0.0,4.0,2.0,8.0,3.0,3.0,3.0,7.0,1.0,6.0,,,,,,,,,,,,,,,,,,,,,,,,,,,,,,
S000161,M00018,P0014,T002,34.0,6.0,3.0,4.0,5.0,2.0,3.0,8.0,14.0,4.0,4.0,7.0,4.0,16.0,,,,,,,,,,,,,,,,,,,,,,,,,,,,,,
S000162,M00018,P0023,T002,24.0,0.0,11.0,4.0,5.0,2.0,4.0,10.0,18.0,0.0,4.0,8.0,10.0,5.0,,,,,,,,,,,,,,,,,,,,,,,,,,,,,,
S000163,M00018,P0018,T002,14.0,26.0,7.0,10.0,1.0,2.0,3.0,1.0,10.0,4.0,6.0,5.0,3.0,28.0,,,,,,,,,,,,,,,,,,,,,,,,,,,,,,
S000164,M00018,P0017,T002,12.0,12.0,12.0,10.0,0.0,2.0,5.0,9.0,17.0,4.0,2.0,4.0,10.0,16.0,,,,,,,,,,,,,,,,,,,,,,,,,,,,,,
S000165,M00018,P0022,T002,38.0,21.0,12.0,9.0,3.0,2.0,2.0,4.0,4.0,4.0,8.0,5.0,9.0,8.0,,,,,,,,,,,,,,,,,,,,,,,,,,,,,,
S000166,M00018,P0020,T002,23.0,29.0,11.0,4.0,0.0,0.0,3.0,3.0,17.0,5.0,2.0,8.0,4.0,24.0,,,,,,,,,,,,,,,,,,,,,,,,,,,,,,
S000167,M00018,P0015,T002,27.0,10.0,9.0,7.0,2.0,0.0,6.0,5.0,3.0,3.0,0.0,3.0,4.0,31.0,,,,,,,,,,,,,,,,,,,,,,,,,,,,,,
S000168,M00018,P0019,T002,28.0,7.0,1.0,7.0,2.0,0.0,3.0,6.0,3.0,0.0,4.0,2.0,5.0,33.0,,,,,,,,,,,,,,,,,,,,,,,,,,,,,,
S000169,M00018,P0029,T003,33.0,12.0,13.0,9.0,0.0,2.0,1.0,1.0,18.0,2.0,3.0,6.0,6.0,17.0,,,,,,,,,,,,,,,,,,,,,,,,,,,,,,
S000170,M00018,P0033,T003,40.0,6.0,8.0,4.0,4.0,2.0,1.0,10.0,16.0,5.0,5.0,2.0,10.0,29.0,,,,,,,,,,,,,,,,,,,,,,,,,,,,,,
S000171,M00018,P0035,T003,16.0,16.0,4.0,6.0,4.0,1.0,2.0,5.0,5.0,2.0,9.0,7.0,8.0,10.0,,,,,,,,,,,,,,,,,,,,,,,,,,,,,,
S000172,M00018,P0027,T003,22.0,27.0,3.0,2.0,4.0,3.0,5.0,6.0,19.0,5.0,5.0,7.0,5.0,18.0,,,,,,,,,,,,,,,,,,,,,,,,,,,,,,
S000173,M00018,P0026,T003,24.0,26.0,13.0,7.0,0.0,4.0,0.0,7.0,5.0,6.0,2.0,4.0,3.0,23.0,,,,,,,,,,,,,,,,,,,,,,,,,,,,,,
S000174,M00018,P0030,T003,26.0,23.0,4.0,9.0,4.0,4.0,2.0,1.0,15.0,1.0,6.0,0.0,7.0,30.0,,,,,,,,,,,,,,,,,,,,,,,,,,,,,,
S000175,M00018,P0034,T003,34.0,33.0,14.0,0.0,0.0,0.0,2.0,2.0,13.0,4.0,1.0,4.0,9.0,20.0,,,,,,,,,,,,,,,,,,,,,,,,,,,,,,
S000176,M00018,P0032,T003,32.0,21.0,1.0,1.0,5.0,4.0,5.0,9.0,4.0,5.0,3.0,8.0,2.0,22.0,,,,,,,,,,,,,,,,,,,,,,,,,,,,,,
S000177,M00019,P0075,T006,33.0,0.0,15.0,9.0,5.0,1.0,0.0,2.0,3.0,1.0,9.0,1.0,8.0,8.0,,,,,,,,,,,,,,,,,,,,,,,,,,,,,,
S000178,M00019,P0071,T006,17.0,13.0,3.0,7.0,0.0,4.0,3.0,7.0,4.0,0.0,4.0,6.0,7.0,10.0,,,,,,,,,,,,,,,,,,,,,,,,,,,,,,
S000179,M00019,P0066,T006,36.0,15.0,8.0,9.0,5.0,3.0,6.0,10.0,6.0,3.0,2.0,0.0,2.0,9.0,,,,,,,,,,,,,,,,,,,,,,,,,,,,,,
S000180,M00019,P0067,T006,36.0,15.0,5.0,8.0,5.0,4.0,1.0,8.0,18.0,2.0,4.0,1.0,9.0,20.0,,,,,,,,,,,,,,,,,,,,,,,,,,,,,,
S000181,M00019,P0074,T006,21.0,17.0,12.0,6.0,5.0,0.0,3.0,7.0,16.0,1.0,0.0,4.0,7.0,8.0,,,,,,,,,,,,,,,,,,,,,,,,,,,,,,
S000182,M00019,P0076,T006,28.0,24.0,0.0,9.0,2.0,0.0,5.0,10.0,17.0,0.0,5.0,2.0,7.0,33.0,,,,,,,,,,,,,,,,,,,,,,,,,,,,,,
S000183,M00019,P0068,T006,33.0,29.0,8.0,0.0,1.0,2.0,4.0,9.0,9.0,2.0,8.0,6.0,8.0,7.0,,,,,,,,,,,,,,,,,,,,,,,,,,,,,,
S000184,M00019,P0072,T006,15.0,9.0,11.0,10.0,5.0,4.0,2.0,8.0,7.0,2.0,10.0,4.0,6.0,7.0,,,,,,,,,,,,,,,,,,,,,,,,,,,,,,
S000185,M00019,P0035,T003,34.0,33.0,8.0,2.0,5.0,2.0,4.0,10.0,14.0,4.0,9.0,6.0,1.0,6.0,,,,,,,,,,,,,,,,,,,,,,,,,,,,,,
S000186,M00019,P0032,T003,10.0,10.0,7.0,1.0,5.0,0.0,3.0,8.0,13.0,6.0,3.0,3.0,1.0,33.0,,,,,,,,,,,,,,,,,,,,,,,,,,,,,,
S000187,M00019,P0031,T003,38.0,11.0,12.0,12.0,3.0,0.0,0.0,10.0,11.0,0.0,0.0,1.0,7.0,29.0,,,,,,,,,,,,,,,,,,,,,,,,,,,,,,
S000188,M00019,P0036,T003,21.0,1.0,5.0,5.0,0.0,3.0,3.0,3.0,20.0,1.0,3.0,4.0,7.0,19.0,,,,,,,,,,,,,,,,,,,,,,,,,,,,,,
S000189,M00019,P0027,T003,31.0,18.0,7.0,3.0,5.0,1.0,3.0,9.0,9.0,0.0,9.0,0.0,10.0,35.0,,,,,,,,,,,,,,,,,,,,,,,,,,,,,,
S000190,M00019,P0029,T003,31.0,6.0,6.0,0.0,1.0,0.0,2.0,7.0,20.0,6.0,1.0,5.0,2.0,26.0,,,,,,,,,,,,,,,,,,,,,,,,,,,,,,
S000191,M00019,P0030,T003,33.0,33.0,15.0,3.0,1.0,4.0,6.0,8.0,19.0,2.0,5.0,8.0,2.0,30.0,,,,,,,,,,,,,,,,,,,,,,,,,,,,,,
S000192,M00019,P0034,T003,12.0,28.0,13.0,10.0,3.0,0.0,4.0,2.0,7.0,6.0,8.0,4.0,1.0,8.0,,,,,,,,,,,,,,,,,,,,,,,,,,,,,,
S000193,M00020,P0058,T005,36.0,18.0,8.0,6.0,5.0,2.0,0.0,3.0,12.0,0.0,8.0,3.0,8.0,34.0,,,,,,,,,,,,,,,,,,,,,,,,,,,,,,
S000194,M00020,P0054,T005,29.0,32.0,9.0,6.0,4.0,0.0,4.0,2.0,18.0,2.0,10.0,0.0,0.0,15.0,,,,,,,,,,,,,,,,,,,,,,,,,,,,,,
S000195,M00020,P0051,T005,23.0,16.0,6.0,5.0,0.0,1.0,1.0,9.0,13.0,6.0,10.0,0.0,3.0,20.0,,,,,,,,,,,,,,,,,,,,,,,,,,,,,,
S000196,M00020,P0060,T005,12.0,2.0,11.0,1.0,3.0,4.0,5.0,10.0,5.0,4.0,7.0,2.0,4.0,28.0,,,,,,,,,,,,,,,,,,,,,,,,,,,,,,
S000197,M00020,P0059,T005,11.0,6.0,1.0,7.0,4.0,1.0,5.0,6.0,16.0,3.0,4.0,3.0,0.0,34.0,,,,,,,,,,,,,,,,,,,,,,,,,,,,,,
S000198,M00020,P0056,T005,11.0,1.0,6.0,8.0,4.0,3.0,5.0,1.0,20.0,3.0,0.0,6.0,6.0,27.0,,,,,,,,,,,,,,,,,,,,,,,,,,,,,,
S000199,M00020,P0061,T005,14.0,27.0,13.0,8.0,1.0,0.0,3.0,2.0,14.0,2.0,3.0,5.0,6.0,34.0,,,,,,,,,,,,,,,,,,,,,,,,,,,,,,
S000200,M00020,P0052,T005,11.0,15.0,7.0,1.0,4.0,0.0,1.0,7.0,20.0,4.0,0.0,0.0,3.0,31.0,,,,,,,,,,,,,,,,,,,,,,,,,,,,,,
S000201,M00020,P0037,T004,20.0,22.0,7.0,4.0,1.0,4.0,3.0,8.0,6.0,5.0,1.0,1.0,4.0,35.0,,,,,,,,,,,,,,,,,,,,,,,,,,,,,,
S000202,M00020,P0038,T004,27.0,13.0,15.0,11.0,5.0,2.0,6.0,4.0,17.0,5.0,4.0,5.0,8.0,14.0,,,,,,,,,,,,,,,,,,,,,,,,,,,,,,
S000203,M00020,P0050,T004,37.0,15.0,8.0,5.0,5.0,4.0,4.0,2.0,4.0,2.0,6.0,7.0,4.0,7.0,,,,,,,,,,,,,,,,,,,,,,,,,,,,,,
S000204,M00020,P0039,T004,16.0,8.0,7.0,4.0,5.0,4.0,1.0,2.0,14.0,5.0,2.0,0.0,3.0,27.0,,,,,,,,,,,,,,,,,,,,,,,,,,,,,,
S000205,M00020,P0044,T004,24.0,29.0,3.0,0.0,3.0,0.0,2.0,5.0,15.0,2.0,1.0,0.0,4.0,32.0,,,,,,,,,,,,,,,,,,,,,,,,,,,,,,
S000206,M00020,P0047,T004,29.0,24.0,15.0,0.0,3.0,3.0,3.0,1.0,10.0,1.0,6.0,2.0,10.0,18.0,,,,,,,,,,,,,,,,,,,,,,,,,,,,,,
S000207,M00020,P0041,T004,27.0,3.0,9.0,0.0,4.0,2.0,0.0,10.0,13.0,6.0,4.0,3.0,0.0,15.0,,,,,,,,,,,,,,,,,,,,,,,,,,,,,,
S000208,M00020,P0048,T004,33.0,27.0,13.0,12.0,5.0,0.0,6.0,2.0,20.0,3.0,10.0,4.0,8.0,19.0,,,,,,,,,,,,,,,,,,,,,,,,,,,,,,
S000209,M00021,P0085,T007,33.0,15.0,4.0,0.0,2.0,2.0,0.0,4.0,20.0,2.0,5.0,6.0,0.0,24.0,,,,,,,,,,,,,,,,,,,,,,,,,,,,,,
S000210,M00021,P0088,T007,18.0,23.0,8.0,10.0,2.0,4.0,0.0,2.0,12.0,4.0,10.0,5.0,4.0,32.0,,,,,,,,,,,,,,,,,,,,,,,,,,,,,,
S000211,M00021,P0089,T007,15.0,28.0,14.0,0.0,3.0,0.0,3.0,1.0,14.0,3.0,10.0,8.0,3.0,18.0,,,,,,,,,,,,,,,,,,,,,,,,,,,,,,
S000212,M00021,P0087,T007,11.0,5.0,8.0,9.0,4.0,2.0,0.0,8.0,8.0,2.0,4.0,4.0,7.0,9.0,,,,,,,,,,,,,,,,,,,,,,,,,,,,,,
S000213,M00021,P0083,T007,17.0,11.0,4.0,9.0,5.0,0.0,1.0,2.0,4.0,1.0,10.0,8.0,7.0,23.0,,,,,,,,,,,,,,,,,,,,,,,,,,,,,,
S000214,M00021,P0080,T007,20.0,2.0,7.0,0.0,5.0,2.0,2.0,1.0,14.0,4.0,0.0,3.0,5.0,8.0,,,,,,,,,,,,,,,,,,,,,,,,,,,,,,
S000215,M00021,P0082,T007,12.0,32.0,14.0,1.0,4.0,0.0,1.0,4.0,13.0,4.0,5.0,6.0,1.0,25.0,,,,,,,,,,,,,,,,,,,,,,,,,,,,,,
S000216,M00021,P0084,T007,23.0,18.0,4.0,0.0,2.0,4.0,6.0,6.0,13.0,3.0,10.0,5.0,7.0,35.0,,,,,,,,,,,,,,,,,,,,,,,,,,,,,,
S000217,M00021,P0095,T008,39.0,1.0,3.0,9.0,1.0,2.0,4.0,9.0,14.0,1.0,6.0,0.0,10.0,28.0,,,,,,,,,,,,,,,,,,,,,,,,,,,,,,
S000218,M00021,P0100,T008,14.0,24.0,2.0,1.0,1.0,4.0,4.0,10.0,20.0,5.0,6.0,8.0,1.0,32.0,,,,,,,,,,,,,,,,,,,,,,,,,,,,,,
S000219,M00021,P0091,T008,38.0,33.0,1.0,9.0,3.0,4.0,4.0,8.0,13.0,2.0,3.0,4.0,3.0,15.0,,,,,,,,,,,,,,,,,,,,,,,,,,,,,,
S000220,M00021,P0093,T008,17.0,23.0,7.0,7.0,2.0,0.0,5.0,4.0,17.0,5.0,6.0,5.0,1.0,16.0,,,,,,,,,,,,,,,,,,,,,,,,,,,,,,
S000221,M00021,P0096,T008,27.0,32.0,2.0,5.0,5.0,3.0,4.0,4.0,17.0,6.0,6.0,3.0,9.0,31.0,,,,,,,,,,,,,,,,,,,,,,,,,,,,,,
S000222,M00021,P0101,T008,36.0,8.0,7.0,12.0,3.0,4.0,5.0,3.0,11.0,6.0,4.0,5.0,5.0,8.0,,,,,,,,,,,,,,,,,,,,,,,,,,,,,,
S000223,M00021,P0102,T008,12.0,26.0,13.0,8.0,1.0,4.0,3.0,4.0,8.0,3.0,0.0,2.0,1.0,18.0,,,,,,,,,,,,,,,,,,,,,,,,,,,,,,
S000224,M00021,P0092,T008,18.0,35.0,15.0,11.0,0.0,1.0,6.0,1.0,16.0,0.0,2.0,1.0,2.0,21.0,,,,,,,,,,,,,,,,,,,,,,,,,,,,,,
S000225,M00022,P0033,T003,17.0,18.0,3.0,5.0,2.0,4.0,4.0,10.0,6.0,5.0,0.0,1.0,5.0,35.0,,,,,,,,,,,,,,,,,,,,,,,,,,,,,,
S000226,M00022,P0031,T003,24.0,26.0,14.0,11.0,3.0,2.0,6.0,8.0,7.0,5.0,2.0,8.0,1.0,9.0,,,,,,,,,,,,,,,,,,,,,,,,,,,,,,
S000227,M00022,P0035,T003,38.0,0.0,11.0,10.0,5.0,3.0,3.0,6.0,17.0,1.0,8.0,4.0,1.0,12.0,,,,,,,,,,,,,,,,,,,,,,,,,,,,,,
S000228,M00022,P0030,T003,19.0,31.0,10.0,0.0,4.0,4.0,4.0,10.0,19.0,6.0,6.0,4.0,5.0,17.0,,,,,,,,,,,,,,,,,,,,,,,,,,,,,,
S000229,M00022,P0027,T003,20.0,11.0,4.0,0.0,5.0,1.0,3.0,9.0,11.0,4.0,9.0,5.0,1.0,16.0,,,,,,,,,,,,,,,,,,,,,,,,,,,,,,
S000230,M00022,P0028,T003,19.0,10.0,3.0,4.0,2.0,3.0,3.0,4.0,8.0,2.0,4.0,1.0,3.0,26.0,,,,,,,,,,,,,,,,,,,,,,,,,,,,,,
S000231,M00022,P0036,T003,18.0,9.0,3.0,3.0,4.0,4.0,6.0,3.0,3.0,4.0,0.0,8.0,8.0,30.0,,,,,,,,,,,,,,,,,,,,,,,,,,,,,,
S000232,M00022,P0029,T003,16.0,0.0,15.0,0.0,2.0,1.0,2.0,10.0,16.0,5.0,7.0,8.0,2.0,31.0,,,,,,,,,,,,,,,,,,,,,,,,,,,,,,
S000233,M00022,P0086,T007,12.0,8.0,8.0,11.0,5.0,0.0,2.0,2.0,10.0,5.0,1.0,5.0,2.0,21.0,,,,,,,,,,,,,,,,,,,,,,,,,,,,,,
S000234,M00022,P0083,T007,20.0,17.0,14.0,10.0,5.0,4.0,5.0,2.0,13.0,0.0,6.0,1.0,8.0,15.0,,,,,,,,,,,,,,,,,,,,,,,,,,,,,,
S000235,M00022,P0080,T007,16.0,35.0,1.0,10.0,5.0,0.0,1.0,3.0,15.0,6.0,3.0,3.0,4.0,20.0,,,,,,,,,,,,,,,,,,,,,,,,,,,,,,
S000236,M00022,P0088,T007,14.0,31.0,5.0,11.0,3.0,2.0,1.0,4.0,5.0,4.0,3.0,0.0,6.0,7.0,,,,,,,,,,,,,,,,,,,,,,,,,,,,,,
S000237,M00022,P0090,T007,25.0,35.0,6.0,11.0,1.0,0.0,3.0,5.0,15.0,5.0,9.0,3.0,10.0,16.0,,,,,,,,,,,,,,,,,,,,,,,,,,,,,,
S000238,M00022,P0082,T007,25.0,33.0,5.0,4.0,1.0,2.0,5.0,8.0,18.0,6.0,10.0,6.0,9.0,16.0,,,,,,,,,,,,,,,,,,,,,,,,,,,,,,
S000239,M00022,P0085,T007,27.0,30.0,9.0,1.0,1.0,0.0,6.0,5.0,16.0,3.0,5.0,3.0,10.0,18.0,,,,,,,,,,,,,,,,,,,,,,,,,,,,,,
S000240,M00022,P0081,T007,13.0,11.0,14.0,5.0,5.0,0.0,2.0,7.0,7.0,6.0,7.0,7.0,9.0,18.0,,,,,,,,,,,,,,,,,,,,,,,,,,,,,,
S000241,M00023,P0011,T001,11.0,35.0,10.0,4.0,5.0,2.0,3.0,7.0,17.0,3.0,6.0,4.0,0.0,13.0,,,,,,,,,,,,,,,,,,,,,,,,,,,,,,
S000242,M00023,P0004,T001,25.0,14.0,10.0,10.0,0.0,2.0,3.0,7.0,10.0,4.0,2.0,8.0,3.0,29.0,,,,,,,,,,,,,,,,,,,,,,,,,,,,,,
S000243,M00023,P0001,T001,30.0,7.0,10.0,2.0,4.0,4.0,0.0,1.0,15.0,0.0,5.0,5.0,8.0,7.0,,,,,,,,,,,,,,,,,,,,,,,,,,,,,,
S000244,M00023,P0005,T001,30.0,3.0,6.0,5.0,4.0,1.0,1.0,9.0,15.0,6.0,3.0,4.0,2.0,34.0,,,,,,,,,,,,,,,,,,,,,,,,,,,,,,
S000245,M00023,P0010,T001,21.0,21.0,13.0,3.0,4.0,1.0,0.0,1.0,3.0,6.0,8.0,1.0,8.0,17.0,,,,,,,,,,,,,,,,,,,,,,,,,,,,,,
S000246,M00023,P0012,T001,35.0,31.0,1.0,2.0,2.0,2.0,0.0,4.0,10.0,0.0,4.0,1.0,6.0,25.0,,,,,,,,,,,,,,,,,,,,,,,,,,,,,,
S000247,M00023,P0007,T001,22.0,8.0,8.0,1.0,0.0,0.0,4.0,7.0,3.0,0.0,8.0,2.0,1.0,28.0,,,,,,,,,,,,,,,,,,,,,,,,,,,,,,
S000248,M00023,P0008,T001,28.0,25.0,6.0,9.0,2.0,2.0,3.0,9.0,3.0,2.0,4.0,7.0,3.0,8.0,,,,,,,,,,,,,,,,,,,,,,,,,,,,,,
S000249,M00023,P0041,T004,17.0,26.0,8.0,7.0,2.0,4.0,4.0,4.0,15.0,0.0,7.0,6.0,5.0,29.0,,,,,,,,,,,,,,,,,,,,,,,,,,,,,,
S000250,M00023,P0047,T004,27.0,6.0,14.0,3.0,4.0,0.0,3.0,4.0,17.0,2.0,7.0,1.0,10.0,14.0,,,,,,,,,,,,,,,,,,,,,,,,,,,,,,
S000251,M00023,P0046,T004,20.0,9.0,2.0,1.0,4.0,1.0,1.0,8.0,10.0,0.0,2.0,6.0,9.0,31.0,,,,,,,,,,,,,,,,,,,,,,,,,,,,,,
S000252,M00023,P0044,T004,25.0,33.0,7.0,0.0,3.0,2.0,3.0,5.0,13.0,6.0,2.0,0.0,5.0,27.0,,,,,,,,,,,,,,,,,,,,,,,,,,,,,,
S000253,M00023,P0043,T004,28.0,26.0,0.0,4.0,5.0,1.0,6.0,9.0,18.0,4.0,7.0,5.0,10.0,12.0,,,,,,,,,,,,,,,,,,,,,,,,,,,,,,
S000254,M00023,P0050,T004,20.0,29.0,15.0,8.0,4.0,0.0,0.0,7.0,5.0,3.0,2.0,0.0,2.0,21.0,,,,,,,,,,,,,,,,,,,,,,,,,,,,,,
S000255,M00023,P0048,T004,33.0,7.0,5.0,3.0,3.0,0.0,0.0,7.0,18.0,1.0,10.0,8.0,7.0,9.0,,,,,,,,,,,,,,,,,,,,,,,,,,,,,,
S000256,M00023,P0037,T004,33.0,35.0,13.0,6.0,0.0,2.0,0.0,7.0,12.0,5.0,10.0,4.0,8.0,15.0,,,,,,,,,,,,,,,,,,,,,,,,,,,,,,
S000257,M00024,P0100,T008,16.0,23.0,8.0,7.0,3.0,1.0,2.0,3.0,8.0,4.0,7.0,0.0,5.0,18.0,,,,,,,,,,,,,,,,,,,,,,,,,,,,,,
S000258,M00024,P0096,T008,15.0,9.0,15.0,1.0,0.0,2.0,5.0,4.0,9.0,5.0,1.0,8.0,7.0,15.0,,,,,,,,,,,,,,,,,,,,,,,,,,,,,,
S000259,M00024,P0103,T008,13.0,3.0,14.0,9.0,1.0,0.0,2.0,9.0,10.0,2.0,10.0,0.0,3.0,13.0,,,,,,,,,,,,,,,,,,,,,,,,,,,,,,
S000260,M00024,P0093,T008,19.0,27.0,9.0,5.0,4.0,3.0,2.0,9.0,20.0,5.0,10.0,3.0,1.0,23.0,,,,,,,,,,,,,,,,,,,,,,,,,,,,,,
S000261,M00024,P0101,T008,14.0,6.0,6.0,4.0,1.0,2.0,4.0,2.0,7.0,6.0,8.0,6.0,5.0,23.0,,,,,,,,,,,,,,,,,,,,,,,,,,,,,,
S000262,M00024,P0095,T008,34.0,17.0,15.0,3.0,1.0,0.0,6.0,4.0,9.0,0.0,9.0,2.0,2.0,10.0,,,,,,,,,,,,,,,,,,,,,,,,,,,,,,
S000263,M00024,P0098,T008,25.0,0.0,10.0,1.0,0.0,1.0,4.0,8.0,16.0,5.0,7.0,5.0,4.0,21.0,,,,,,,,,,,,,,,,,,,,,,,,,,,,,,
S000264,M00024,P0102,T008,34.0,7.0,7.0,8.0,3.0,3.0,6.0,7.0,18.0,2.0,4.0,8.0,5.0,21.0,,,,,,,,,,,,,,,,,,,,,,,,,,,,,,
S000265,M00024,P0065,T006,27.0,28.0,15.0,11.0,2.0,0.0,4.0,7.0,14.0,1.0,0.0,5.0,7.0,29.0,,,,,,,,,,,,,,,,,,,,,,,,,,,,,,
S000266,M00024,P0073,T006,31.0,22.0,13.0,3.0,4.0,4.0,1.0,7.0,14.0,1.0,0.0,3.0,7.0,16.0,,,,,,,,,,,,,,,,,,,,,,,,,,,,,,
S000267,M00024,P0067,T006,26.0,12.0,0.0,9.0,2.0,2.0,0.0,6.0,11.0,4.0,0.0,4.0,0.0,25.0,,,,,,,,,,,,,,,,,,,,,,,,,,,,,,
S000268,M00024,P0066,T006,18.0,30.0,12.0,0.0,5.0,2.0,2.0,1.0,3.0,6.0,7.0,7.0,7.0,10.0,,,,,,,,,,,,,,,,,,,,,,,,,,,,,,
S000269,M00024,P0074,T006,25.0,34.0,3.0,0.0,2.0,0.0,4.0,3.0,8.0,6.0,2.0,1.0,6.0,31.0,,,,,,,,,,,,,,,,,,,,,,,,,,,,,,
S000270,M00024,P0068,T006,37.0,7.0,1.0,7.0,5.0,0.0,2.0,2.0,20.0,2.0,3.0,0.0,5.0,31.0,,,,,,,,,,,,,,,,,,,,,,,,,,,,,,
S000271,M00024,P0075,T006,31.0,20.0,5.0,9.0,5.0,2.0,4.0,1.0,15.0,3.0,10.0,0.0,1.0,11.0,,,,,,,,,,,,,,,,,,,,,,,,,,,,,,
S000272,M00024,P0070,T006,36.0,32.0,4.0,11.0,2.0,0.0,1.0,8.0,4.0,2.0,9.0,3.0,8.0,18.0,,,,,,,,,,,,,,,,,,,,,,,,,,,,,,
S000273,M00027,P0027,T003,20.0,29.0,2.0,9.0,3.0,0.0,0.0,2.0,8.0,5.0,1.0,2.0,5.0,23.0,,,,,,,,,,,,,,,,,,,,,,,,,,,,,,
S000274,M00027,P0035,T003,30.0,1.0,5.0,12.0,0.0,1.0,5.0,6.0,17.0,0.0,3.0,4.0,10.0,25.0,,,,,,,,,,,,,,,,,,,,,,,,,,,,,,
S000275,M00027,P0025,T003,40.0,12.0,4.0,4.0,0.0,3.0,5.0,5.0,8.0,2.0,2.0,5.0,6.0,12.0,,,,,,,,,,,,,,,,,,,,,,,,,,,,,,
S000276,M00027,P0029,T003,36.0,12.0,8.0,3.0,1.0,2.0,2.0,8.0,11.0,0.0,7.0,5.0,9.0,16.0,,,,,,,,,,,,,,,,,,,,,,,,,,,,,,
S000277,M00027,P0033,T003,21.0,33.0,14.0,10.0,5.0,1.0,0.0,10.0,15.0,1.0,8.0,3.0,6.0,16.0,,,,,,,,,,,,,,,,,,,,,,,,,,,,,,
S000278,M00027,P0032,T003,30.0,18.0,6.0,5.0,5.0,4.0,4.0,5.0,5.0,4.0,3.0,4.0,3.0,19.0,,,,,,,,,,,,,,,,,,,,,,,,,,,,,,
S000279,M00027,P0036,T003,18.0,2.0,3.0,8.0,5.0,1.0,3.0,3.0,17.0,4.0,5.0,5.0,9.0,17.0,,,,,,,,,,,,,,,,,,,,,,,,,,,,,,
S000280,M00027,P0034,T003,31.0,2.0,10.0,11.0,0.0,2.0,6.0,1.0,8.0,3.0,7.0,5.0,5.0,25.0,,,,,,,,,,,,,,,,,,,,,,,,,,,,,,
S000281,M00027,P0078,T006,34.0,1.0,14.0,12.0,4.0,3.0,4.0,10.0,16.0,5.0,6.0,7.0,3.0,13.0,,,,,,,,,,,,,,,,,,,,,,,,,,,,,,
S000282,M00027,P0065,T006,33.0,23.0,10.0,7.0,5.0,3.0,2.0,1.0,10.0,6.0,8.0,1.0,6.0,18.0,,,,,,,,,,,,,,,,,,,,,,,,,,,,,,
S000283,M00027,P0066,T006,34.0,17.0,12.0,9.0,0.0,1.0,4.0,3.0,12.0,4.0,8.0,3.0,9.0,29.0,,,,,,,,,,,,,,,,,,,,,,,,,,,,,,
S000284,M00027,P0069,T006,14.0,8.0,10.0,12.0,0.0,0.0,2.0,3.0,14.0,3.0,6.0,2.0,7.0,5.0,,,,,,,,,,,,,,,,,,,,,,,,,,,,,,
S000285,M00027,P0068,T006,31.0,9.0,6.0,2.0,2.0,2.0,0.0,3.0,10.0,6.0,3.0,6.0,1.0,28.0,,,,,,,,,,,,,,,,,,,,,,,,,,,,,,
S000286,M00027,P0076,T006,17.0,9.0,11.0,0.0,3.0,1.0,2.0,2.0,18.0,4.0,10.0,6.0,3.0,34.0,,,,,,,,,,,,,,,,,,,,,,,,,,,,,,
S000287,M00027,P0071,T006,25.0,24.0,14.0,11.0,1.0,0.0,3.0,3.0,13.0,6.0,2.0,6.0,5.0,33.0,,,,,,,,,,,,,,,,,,,,,,,,,,,,,,
S000288,M00027,P0073,T006,19.0,27.0,12.0,8.0,0.0,2.0,3.0,10.0,3.0,1.0,9.0,2.0,3.0,16.0,,,,,,,,,,,,,,,,,,,,,,,,,,,,,,
S000289,M00029,P0096,T008,14.0,31.0,6.0,0.0,1.0,2.0,3.0,2.0,13.0,3.0,10.0,2.0,6.0,9.0,,,,,,,,,,,,,,,,,,,,,,,,,,,,,,
S000290,M00029,P0103,T008,19.0,19.0,12.0,10.0,3.0,0.0,2.0,7.0,8.0,1.0,6.0,8.0,1.0,19.0,,,,,,,,,,,,,,,,,,,,,,,,,,,,,,
S000291,M00029,P0099,T008,35.0,5.0,11.0,10.0,5.0,0.0,5.0,7.0,3.0,1.0,5.0,2.0,9.0,21.0,,,,,,,,,,,,,,,,,,,,,,,,,,,,,,
S000292,M00029,P0091,T008,22.0,29.0,0.0,7.0,5.0,3.0,3.0,1.0,12.0,3.0,4.0,1.0,9.0,30.0,,,,,,,,,,,,,,,,,,,,,,,,,,,,,,
S000293,M00029,P0097,T008,35.0,28.0,11.0,12.0,3.0,2.0,6.0,9.0,14.0,0.0,2.0,6.0,8.0,29.0,,,,,,,,,,,,,,,,,,,,,,,,,,,,,,
S000294,M00029,P0092,T008,22.0,5.0,4.0,0.0,2.0,4.0,2.0,4.0,19.0,6.0,9.0,7.0,6.0,6.0,,,,,,,,,,,,,,,,,,,,,,,,,,,,,,
S000295,M00029,P0102,T008,24.0,18.0,1.0,1.0,3.0,3.0,2.0,1.0,14.0,2.0,6.0,5.0,10.0,14.0,,,,,,,,,,,,,,,,,,,,,,,,,,,,,,
S000296,M00029,P0098,T008,34.0,1.0,8.0,2.0,2.0,2.0,3.0,1.0,17.0,2.0,4.0,0.0,9.0,8.0,,,,,,,,,,,,,,,,,,,,,,,,,,,,,,
S000297,M00029,P0042,T004,27.0,6.0,4.0,11.0,1.0,3.0,3.0,5.0,14.0,3.0,9.0,3.0,8.0,23.0,,,,,,,,,,,,,,,,,,,,,,,,,,,,,,
S000298,M00029,P0048,T004,24.0,2.0,2.0,5.0,2.0,0.0,1.0,10.0,6.0,3.0,8.0,1.0,5.0,34.0,,,,,,,,,,,,,,,,,,,,,,,,,,,,,,
S000299,M00029,P0037,T004,30.0,19.0,13.0,6.0,0.0,1.0,5.0,5.0,5.0,6.0,6.0,1.0,3.0,23.0,,,,,,,,,,,,,,,,,,,,,,,,,,,,,,
S000300,M00029,P0045,T004,18.0,19.0,7.0,11.0,0.0,2.0,4.0,8.0,9.0,6.0,6.0,4.0,2.0,13.0,,,,,,,,,,,,,,,,,,,,,,,,,,,,,,
S000301,M00029,P0043,T004,26.0,2.0,12.0,2.0,5.0,2.0,2.0,1.0,16.0,1.0,0.0,6.0,10.0,9.0,,,,,,,,,,,,,,,,,,,,,,,,,,,,,,
S000302,M00029,P0040,T004,18.0,17.0,14.0,9.0,5.0,2.0,0.0,4.0,10.0,0.0,5.0,3.0,1.0,24.0,,,,,,,,,,,,,,,,,,,,,,,,,,,,,,
S000303,M00029,P0039,T004,19.0,29.0,13.0,10.0,4.0,2.0,4.0,7.0,18.0,4.0,0.0,5.0,5.0,15.0,,,,,,,,,,,,,,,,,,,,,,,,,,,,,,
S000304,M00029,P0049,T004,21.0,28.0,4.0,7.0,5.0,3.0,1.0,9.0,8.0,5.0,6.0,4.0,6.0,6.0,,,,,,,,,,,,,,,,,,,,,,,,,,,,,,
S000305,M00030,P0047,T004,16.0,33.0,11.0,4.0,2.0,2.0,3.0,8.0,3.0,1.0,9.0,2.0,9.0,16.0,,,,,,,,,,,,,,,,,,,,,,,,,,,,,,
S000306,M00030,P0046,T004,28.0,27.0,13.0,12.0,0.0,2.0,4.0,8.0,10.0,3.0,8.0,2.0,6.0,24.0,,,,,,,,,,,,,,,,,,,,,,,,,,,,,,
S000307,M00030,P0038,T004,40.0,7.0,3.0,6.0,1.0,1.0,0.0,10.0,12.0,1.0,2.0,6.0,8.0,18.0,,,,,,,,,,,,,,,,,,,,,,,,,,,,,,
S000308,M00030,P0050,T004,21.0,13.0,13.0,9.0,2.0,2.0,6.0,6.0,6.0,5.0,10.0,5.0,8.0,22.0,,,,,,,,,,,,,,,,,,,,,,,,,,,,,,
S000309,M00030,P0044,T004,27.0,25.0,7.0,6.0,3.0,3.0,2.0,8.0,8.0,6.0,2.0,6.0,4.0,5.0,,,,,,,,,,,,,,,,,,,,,,,,,,,,,,
S000310,M00030,P0045,T004,27.0,21.0,14.0,10.0,1.0,0.0,3.0,10.0,16.0,3.0,6.0,3.0,10.0,5.0,,,,,,,,,,,,,,,,,,,,,,,,,,,,,,
S000311,M00030,P0042,T004,29.0,14.0,4.0,9.0,4.0,4.0,0.0,10.0,16.0,0.0,5.0,3.0,2.0,23.0,,,,,,,,,,,,,,,,,,,,,,,,,,,,,,
S000312,M00030,P0037,T004,30.0,30.0,2.0,5.0,0.0,4.0,6.0,7.0,20.0,4.0,3.0,2.0,7.0,16.0,,,,,,,,,,,,,,,,,,,,,,,,,,,,,,
S000313,M00030,P0017,T002,38.0,1.0,6.0,9.0,3.0,3.0,1.0,10.0,17.0,1.0,2.0,7.0,8.0,25.0,,,,,,,,,,,,,,,,,,,,,,,,,,,,,,
S000314,M00030,P0016,T002,13.0,21.0,5.0,3.0,3.0,0.0,0.0,1.0,16.0,6.0,8.0,7.0,6.0,7.0,,,,,,,,,,,,,,,,,,,,,,,,,,,,,,
S000315,M00030,P0021,T002,35.0,26.0,8.0,11.0,4.0,0.0,5.0,10.0,20.0,5.0,0.0,7.0,7.0,31.0,,,,,,,,,,,,,,,,,,,,,,,,,,,,,,
S000316,M00030,P0024,T002,33.0,3.0,9.0,12.0,3.0,0.0,2.0,7.0,19.0,5.0,10.0,7.0,6.0,30.0,,,,,,,,,,,,,,,,,,,,,,,,,,,,,,
S000317,M00030,P0023,T002,13.0,6.0,4.0,4.0,4.0,0.0,5.0,3.0,14.0,3.0,10.0,5.0,2.0,34.0,,,,,,,,,,,,,,,,,,,,,,,,,,,,,,
S000318,M00030,P0015,T002,17.0,30.0,6.0,4.0,0.0,2.0,5.0,2.0,17.0,5.0,7.0,3.0,4.0,15.0,,,,,,,,,,,,,,,,,,,,,,,,,,,,,,
S000319,M00030,P0020,T002,19.0,28.0,10.0,12.0,3.0,2.0,4.0,5.0,4.0,6.0,2.0,2.0,8.0,14.0,,,,,,,,,,,,,,,,,,,,,,,,,,,,,,
S000320,M00030,P0014,T002,10.0,14.0,11.0,9.0,2.0,2.0,2.0,3.0,12.0,3.0,7.0,4.0,2.0,28.0,,,,,,,,,,,,,,,,,,,,,,,,,,,,,,
S000321,M00031,P0016,T002,37.0,13.0,9.0,2.0,4.0,0.0,2.0,6.0,19.0,5.0,8.0,6.0,7.0,24.0,,,,,,,,,,,,,,,,,,,,,,,,,,,,,,
S000322,M00031,P0024,T002,38.0,10.0,11.0,10.0,1.0,4.0,6.0,9.0,13.0,4.0,5.0,6.0,7.0,25.0,,,,,,,,,,,,,,,,,,,,,,,,,,,,,,
S000323,M00031,P0018,T002,15.0,33.0,15.0,2.0,3.0,3.0,0.0,2.0,13.0,1.0,4.0,3.0,3.0,9.0,,,,,,,,,,,,,,,,,,,,,,,,,,,,,,
S000324,M00031,P0020,T002,18.0,7.0,6.0,5.0,3.0,3.0,4.0,1.0,19.0,1.0,3.0,5.0,10.0,6.0,,,,,,,,,,,,,,,,,,,,,,,,,,,,,,
S000325,M00031,P0023,T002,22.0,6.0,10.0,8.0,0.0,2.0,4.0,9.0,20.0,6.0,1.0,0.0,7.0,23.0,,,,,,,,,,,,,,,,,,,,,,,,,,,,,,
S000326,M00031,P0019,T002,26.0,15.0,7.0,4.0,5.0,1.0,5.0,4.0,10.0,5.0,7.0,2.0,0.0,24.0,,,,,,,,,,,,,,,,,,,,,,,,,,,,,,
S000327,M00031,P0015,T002,18.0,35.0,8.0,1.0,5.0,1.0,5.0,2.0,7.0,4.0,4.0,0.0,3.0,12.0,,,,,,,,,,,,,,,,,,,,,,,,,,,,,,
S000328,M00031,P0014,T002,17.0,30.0,14.0,1.0,4.0,0.0,2.0,2.0,9.0,3.0,1.0,7.0,1.0,20.0,,,,,,,,,,,,,,,,,,,,,,,,,,,,,,
S000329,M00031,P0004,T001,10.0,27.0,3.0,11.0,3.0,1.0,4.0,10.0,17.0,0.0,4.0,6.0,9.0,13.0,,,,,,,,,,,,,,,,,,,,,,,,,,,,,,
S000330,M00031,P0002,T001,25.0,11.0,10.0,8.0,3.0,4.0,2.0,5.0,11.0,6.0,8.0,3.0,5.0,13.0,,,,,,,,,,,,,,,,,,,,,,,,,,,,,,
S000331,M00031,P0009,T001,31.0,35.0,9.0,10.0,3.0,0.0,6.0,3.0,18.0,0.0,5.0,8.0,7.0,20.0,,,,,,,,,,,,,,,,,,,,,,,,,,,,,,
S000332,M00031,P0010,T001,15.0,11.0,2.0,12.0,3.0,2.0,0.0,8.0,13.0,5.0,10.0,8.0,2.0,11.0,,,,,,,,,,,,,,,,,,,,,,,,,,,,,,
S000333,M00031,P0013,T001,34.0,6.0,7.0,3.0,2.0,4.0,2.0,6.0,19.0,3.0,1.0,4.0,9.0,11.0,,,,,,,,,,,,,,,,,,,,,,,,,,,,,,
S000334,M00031,P0008,T001,28.0,9.0,10.0,2.0,1.0,3.0,6.0,3.0,8.0,4.0,10.0,2.0,5.0,35.0,,,,,,,,,,,,,,,,,,,,,,,,,,,,,,
S000335,M00031,P0003,T001,26.0,30.0,13.0,12.0,5.0,2.0,1.0,5.0,18.0,6.0,4.0,5.0,2.0,14.0,,,,,,,,,,,,,,,,,,,,,,,,,,,,,,
S000336,M00031,P0005,T001,20.0,22.0,10.0,7.0,2.0,3.0,4.0,7.0,16.0,0.0,6.0,0.0,6.0,16.0,,,,,,,,,,,,,,,,,,,,,,,,,,,,,,
S000337,M00032,P0101,T008,32.0,16.0,9.0,5.0,0.0,2.0,3.0,7.0,13.0,4.0,8.0,3.0,3.0,24.0,,,,,,,,,,,,,,,,,,,,,,,,,,,,,,
S000338,M00032,P0093,T008,26.0,28.0,8.0,1.0,0.0,1.0,1.0,6.0,18.0,5.0,9.0,7.0,0.0,29.0,,,,,,,,,,,,,,,,,,,,,,,,,,,,,,
S000339,M00032,P0098,T008,31.0,24.0,15.0,3.0,2.0,4.0,4.0,7.0,4.0,0.0,0.0,5.0,4.0,22.0,,,,,,,,,,,,,,,,,,,,,,,,,,,,,,
S000340,M00032,P0095,T008,21.0,28.0,9.0,1.0,3.0,1.0,5.0,2.0,13.0,6.0,6.0,2.0,2.0,23.0,,,,,,,,,,,,,,,,,,,,,,,,,,,,,,
S000341,M00032,P0091,T008,19.0,12.0,2.0,7.0,1.0,2.0,4.0,9.0,11.0,4.0,8.0,4.0,0.0,9.0,,,,,,,,,,,,,,,,,,,,,,,,,,,,,,
S000342,M00032,P0094,T008,34.0,4.0,10.0,5.0,3.0,1.0,1.0,6.0,17.0,1.0,7.0,5.0,5.0,11.0,,,,,,,,,,,,,,,,,,,,,,,,,,,,,,
S000343,M00032,P0092,T008,31.0,16.0,8.0,9.0,5.0,0.0,1.0,2.0,16.0,3.0,6.0,7.0,0.0,31.0,,,,,,,,,,,,,,,,,,,,,,,,,,,,,,
S000344,M00032,P0096,T008,26.0,3.0,11.0,0.0,4.0,3.0,0.0,9.0,13.0,6.0,8.0,7.0,4.0,23.0,,,,,,,,,,,,,,,,,,,,,,,,,,,,,,
S000345,M00032,P0069,T006,27.0,10.0,2.0,9.0,3.0,4.0,5.0,4.0,5.0,6.0,10.0,6.0,4.0,19.0,,,,,,,,,,,,,,,,,,,,,,,,,,,,,,
S000346,M00032,P0074,T006,24.0,9.0,10.0,1.0,1.0,4.0,2.0,8.0,19.0,6.0,6.0,0.0,6.0,23.0,,,,,,,,,,,,,,,,,,,,,,,,,,,,,,
S000347,M00032,P0065,T006,19.0,0.0,12.0,0.0,0.0,1.0,2.0,7.0,7.0,2.0,3.0,5.0,8.0,19.0,,,,,,,,,,,,,,,,,,,,,,,,,,,,,,
S000348,M00032,P0075,T006,30.0,12.0,11.0,11.0,4.0,1.0,1.0,3.0,9.0,2.0,2.0,1.0,0.0,22.0,,,,,,,,,,,,,,,,,,,,,,,,,,,,,,
S000349,M00032,P0076,T006,29.0,2.0,4.0,8.0,2.0,0.0,2.0,6.0,10.0,5.0,3.0,3.0,4.0,10.0,,,,,,,,,,,,,,,,,,,,,,,,,,,,,,
S000350,M00032,P0073,T006,23.0,17.0,7.0,3.0,2.0,0.0,1.0,8.0,6.0,6.0,6.0,0.0,7.0,32.0,,,,,,,,,,,,,,,,,,,,,,,,,,,,,,
S000351,M00032,P0077,T006,33.0,13.0,12.0,0.0,3.0,3.0,3.0,4.0,9.0,6.0,6.0,1.0,1.0,10.0,,,,,,,,,,,,,,,,,,,,,,,,,,,,,,
S000352,M00032,P0072,T006,26.0,33.0,3.0,2.0,1.0,0.0,3.0,10.0,14.0,5.0,5.0,6.0,3.0,11.0,,,,,,,,,,,,,,,,,,,,,,,,,,,,,,
S000353,M00035,P0038,T004,10.0,0.0,12.0,12.0,3.0,3.0,6.0,2.0,14.0,2.0,4.0,1.0,6.0,35.0,,,,,,,,,,,,,,,,,,,,,,,,,,,,,,
S000354,M00035,P0049,T004,37.0,19.0,7.0,11.0,0.0,3.0,3.0,1.0,11.0,5.0,10.0,5.0,0.0,9.0,,,,,,,,,,,,,,,,,,,,,,,,,,,,,,
S000355,M00035,P0045,T004,37.0,15.0,5.0,9.0,0.0,1.0,4.0,3.0,7.0,5.0,7.0,0.0,0.0,24.0,,,,,,,,,,,,,,,,,,,,,,,,,,,,,,
S000356,M00035,P0042,T004,35.0,13.0,9.0,5.0,4.0,3.0,6.0,3.0,16.0,1.0,2.0,8.0,2.0,28.0,,,,,,,,,,,,,,,,,,,,,,,,,,,,,,
S000357,M00035,P0044,T004,35.0,11.0,11.0,1.0,1.0,0.0,3.0,4.0,12.0,3.0,10.0,5.0,4.0,24.0,,,,,,,,,,,,,,,,,,,,,,,,,,,,,,
S000358,M00035,P0041,T004,20.0,1.0,0.0,5.0,0.0,3.0,0.0,3.0,16.0,0.0,8.0,6.0,9.0,28.0,,,,,,,,,,,,,,,,,,,,,,,,,,,,,,
S000359,M00035,P0050,T004,26.0,10.0,5.0,1.0,0.0,2.0,1.0,2.0,16.0,0.0,1.0,7.0,7.0,18.0,,,,,,,,,,,,,,,,,,,,,,,,,,,,,,
S000360,M00035,P0040,T004,37.0,34.0,14.0,2.0,4.0,0.0,2.0,8.0,18.0,2.0,2.0,5.0,10.0,22.0,,,,,,,,,,,,,,,,,,,,,,,,,,,,,,
S000361,M00035,P0084,T007,14.0,14.0,4.0,12.0,1.0,1.0,5.0,2.0,6.0,5.0,6.0,4.0,9.0,8.0,,,,,,,,,,,,,,,,,,,,,,,,,,,,,,
S000362,M00035,P0088,T007,17.0,14.0,8.0,2.0,5.0,2.0,2.0,8.0,19.0,4.0,9.0,4.0,2.0,15.0,,,,,,,,,,,,,,,,,,,,,,,,,,,,,,
S000363,M00035,P0080,T007,23.0,23.0,4.0,9.0,5.0,0.0,5.0,7.0,4.0,6.0,3.0,2.0,0.0,9.0,,,,,,,,,,,,,,,,,,,,,,,,,,,,,,
S000364,M00035,P0086,T007,30.0,2.0,7.0,2.0,3.0,2.0,0.0,10.0,18.0,3.0,5.0,3.0,10.0,32.0,,,,,,,,,,,,,,,,,,,,,,,,,,,,,,
S000365,M00035,P0087,T007,36.0,25.0,14.0,3.0,3.0,4.0,2.0,9.0,17.0,0.0,4.0,8.0,5.0,15.0,,,,,,,,,,,,,,,,,,,,,,,,,,,,,,
S000366,M00035,P0090,T007,38.0,11.0,8.0,5.0,3.0,4.0,3.0,2.0,13.0,6.0,8.0,4.0,1.0,30.0,,,,,,,,,,,,,,,,,,,,,,,,,,,,,,
S000367,M00035,P0083,T007,21.0,27.0,0.0,8.0,1.0,0.0,1.0,8.0,6.0,0.0,8.0,4.0,2.0,32.0,,,,,,,,,,,,,,,,,,,,,,,,,,,,,,
S000368,M00035,P0089,T007,21.0,19.0,14.0,6.0,4.0,0.0,6.0,9.0,8.0,3.0,8.0,3.0,2.0,31.0,,,,,,,,,,,,,,,,,,,,,,,,,,,,,,
S000369,M00038,P0089,T007,28.0,33.0,1.0,12.0,4.0,2.0,4.0,4.0,19.0,1.0,5.0,2.0,1.0,26.0,,,,,,,,,,,,,,,,,,,,,,,,,,,,,,
S000370,M00038,P0082,T007,15.0,14.0,4.0,8.0,4.0,3.0,6.0,4.0,11.0,0.0,6.0,4.0,6.0,33.0,,,,,,,,,,,,,,,,,,,,,,,,,,,,,,
S000371,M00038,P0079,T007,26.0,26.0,15.0,7.0,2.0,1.0,5.0,5.0,3.0,0.0,4.0,8.0,10.0,14.0,,,,,,,,,,,,,,,,,,,,,,,,,,,,,,
S000372,M00038,P0090,T007,16.0,4.0,1.0,12.0,3.0,1.0,1.0,8.0,8.0,6.0,3.0,6.0,2.0,25.0,,,,,,,,,,,,,,,,,,,,,,,,,,,,,,
S000373,M00038,P0084,T007,23.0,25.0,6.0,3.0,2.0,0.0,1.0,5.0,7.0,3.0,1.0,2.0,3.0,19.0,,,,,,,,,,,,,,,,,,,,,,,,,,,,,,
S000374,M00038,P0083,T007,14.0,17.0,10.0,0.0,5.0,0.0,4.0,5.0,19.0,0.0,10.0,7.0,3.0,26.0,,,,,,,,,,,,,,,,,,,,,,,,,,,,,,
S000375,M00038,P0085,T007,24.0,19.0,3.0,8.0,5.0,4.0,3.0,3.0,5.0,6.0,5.0,4.0,0.0,17.0,,,,,,,,,,,,,,,,,,,,,,,,,,,,,,
S000376,M00038,P0080,T007,36.0,16.0,3.0,10.0,3.0,3.0,4.0,3.0,18.0,6.0,4.0,3.0,8.0,8.0,,,,,,,,,,,,,,,,,,,,,,,,,,,,,,
S000377,M00038,P0015,T002,23.0,3.0,3.0,12.0,2.0,2.0,2.0,9.0,13.0,3.0,10.0,4.0,5.0,7.0,,,,,,,,,,,,,,,,,,,,,,,,,,,,,,
S000378,M00038,P0023,T002,10.0,6.0,15.0,3.0,4.0,3.0,1.0,10.0,16.0,5.0,4.0,1.0,7.0,22.0,,,,,,,,,,,,,,,,,,,,,,,,,,,,,,
S000379,M00038,P0019,T002,29.0,24.0,12.0,0.0,4.0,0.0,4.0,2.0,6.0,0.0,3.0,5.0,9.0,26.0,,,,,,,,,,,,,,,,,,,,,,,,,,,,,,
S000380,M00038,P0017,T002,32.0,26.0,12.0,11.0,5.0,0.0,2.0,8.0,17.0,4.0,8.0,0.0,6.0,31.0,,,,,,,,,,,,,,,,,,,,,,,,,,,,,,
S000381,M00038,P0020,T002,35.0,27.0,0.0,3.0,4.0,1.0,0.0,6.0,6.0,2.0,6.0,0.0,7.0,32.0,,,,,,,,,,,,,,,,,,,,,,,,,,,,,,
S000382,M00038,P0022,T002,38.0,16.0,11.0,10.0,2.0,2.0,1.0,5.0,17.0,6.0,0.0,5.0,7.0,27.0,,,,,,,,,,,,,,,,,,,,,,,,,,,,,,
S000383,M00038,P0021,T002,30.0,16.0,5.0,3.0,4.0,4.0,5.0,6.0,15.0,6.0,5.0,2.0,7.0,32.0,,,,,,,,,,,,,,,,,,,,,,,,,,,,,,
S000384,M00038,P0018,T002,12.0,21.0,11.0,9.0,4.0,1.0,2.0,5.0,6.0,5.0,1.0,6.0,5.0,24.0,,,,,,,,,,,,,,,,,,,,,,,,,,,,,,
S000385,M00041,P0098,T008,25.0,22.0,10.0,12.0,3.0,2.0,6.0,3.0,8.0,2.0,0.0,1.0,3.0,23.0,,,,,,,,,,,,,,,,,,,,,,,,,,,,,,
S000386,M00041,P0101,T008,19.0,32.0,9.0,12.0,4.0,4.0,1.0,7.0,5.0,1.0,1.0,1.0,9.0,34.0,,,,,,,,,,,,,,,,,,,,,,,,,,,,,,
S000387,M00041,P0093,T008,38.0,25.0,8.0,2.0,5.0,2.0,4.0,6.0,15.0,1.0,6.0,1.0,4.0,24.0,,,,,,,,,,,,,,,,,,,,,,,,,,,,,,
S000388,M00041,P0097,T008,28.0,5.0,10.0,3.0,3.0,0.0,1.0,9.0,7.0,5.0,4.0,0.0,7.0,12.0,,,,,,,,,,,,,,,,,,,,,,,,,,,,,,
S000389,M00041,P0094,T008,36.0,14.0,7.0,3.0,3.0,1.0,1.0,1.0,12.0,1.0,0.0,7.0,7.0,18.0,,,,,,,,,,,,,,,,,,,,,,,,,,,,,,
S000390,M00041,P0095,T008,27.0,35.0,6.0,6.0,1.0,4.0,4.0,7.0,15.0,5.0,4.0,5.0,4.0,18.0,,,,,,,,,,,,,,,,,,,,,,,,,,,,,,
S000391,M00041,P0100,T008,21.0,23.0,7.0,5.0,4.0,2.0,0.0,3.0,13.0,6.0,3.0,8.0,9.0,9.0,,,,,,,,,,,,,,,,,,,,,,,,,,,,,,
S000392,M00041,P0096,T008,13.0,32.0,15.0,8.0,2.0,0.0,6.0,10.0,10.0,5.0,5.0,8.0,3.0,19.0,,,,,,,,,,,,,,,,,,,,,,,,,,,,,,
S000393,M00041,P0018,T002,12.0,10.0,0.0,8.0,3.0,4.0,5.0,1.0,14.0,3.0,2.0,1.0,10.0,16.0,,,,,,,,,,,,,,,,,,,,,,,,,,,,,,
S000394,M00041,P0023,T002,12.0,17.0,8.0,11.0,0.0,4.0,3.0,7.0,7.0,3.0,3.0,7.0,4.0,22.0,,,,,,,,,,,,,,,,,,,,,,,,,,,,,,
S000395,M00041,P0014,T002,32.0,19.0,10.0,3.0,4.0,4.0,3.0,3.0,20.0,5.0,9.0,5.0,0.0,24.0,,,,,,,,,,,,,,,,,,,,,,,,,,,,,,
S000396,M00041,P0021,T002,11.0,22.0,3.0,12.0,0.0,4.0,0.0,9.0,16.0,5.0,2.0,3.0,3.0,24.0,,,,,,,,,,,,,,,,,,,,,,,,,,,,,,
S000397,M00041,P0024,T002,34.0,11.0,5.0,0.0,5.0,3.0,5.0,2.0,13.0,0.0,1.0,6.0,9.0,27.0,,,,,,,,,,,,,,,,,,,,,,,,,,,,,,
S000398,M00041,P0017,T002,40.0,24.0,13.0,6.0,5.0,3.0,1.0,6.0,8.0,0.0,4.0,5.0,2.0,27.0,,,,,,,,,,,,,,,,,,,,,,,,,,,,,,
S000399,M00041,P0019,T002,23.0,16.0,15.0,1.0,1.0,2.0,3.0,4.0,10.0,2.0,10.0,1.0,5.0,19.0,,,,,,,,,,,,,,,,,,,,,,,,,,,,,,
S000400,M00041,P0020,T002,34.0,6.0,8.0,0.0,4.0,0.0,4.0,1.0,14.0,0.0,2.0,0.0,8.0,5.0,,,,,,,,,,,,,,,,,,,,,,,,,,,,,,
S000401,M00042,P0025,T003,21.0,4.0,5.0,3.0,5.0,4.0,3.0,3.0,20.0,1.0,5.0,1.0,10.0,34.0,,,,,,,,,,,,,,,,,,,,,,,,,,,,,,
S000402,M00042,P0030,T003,14.0,23.0,5.0,7.0,5.0,1.0,4.0,3.0,17.0,0.0,9.0,0.0,8.0,33.0,,,,,,,,,,,,,,,,,,,,,,,,,,,,,,
S000403,M00042,P0031,T003,40.0,7.0,9.0,4.0,0.0,2.0,5.0,3.0,19.0,1.0,1.0,7.0,3.0,24.0,,,,,,,,,,,,,,,,,,,,,,,,,,,,,,
S000404,M00042,P0029,T003,14.0,21.0,14.0,10.0,4.0,3.0,6.0,8.0,6.0,5.0,8.0,1.0,5.0,12.0,,,,,,,,,,,,,,,,,,,,,,,,,,,,,,
S000405,M00042,P0036,T003,21.0,9.0,7.0,7.0,1.0,3.0,0.0,6.0,4.0,3.0,10.0,1.0,8.0,7.0,,,,,,,,,,,,,,,,,,,,,,,,,,,,,,
S000406,M00042,P0034,T003,31.0,20.0,12.0,12.0,4.0,1.0,2.0,6.0,7.0,3.0,3.0,4.0,10.0,18.0,,,,,,,,,,,,,,,,,,,,,,,,,,,,,,
S000407,M00042,P0033,T003,22.0,27.0,12.0,1.0,3.0,0.0,3.0,2.0,13.0,4.0,7.0,6.0,4.0,20.0,,,,,,,,,,,,,,,,,,,,,,,,,,,,,,
S000408,M00042,P0035,T003,35.0,18.0,1.0,8.0,0.0,1.0,0.0,5.0,20.0,1.0,10.0,5.0,0.0,22.0,,,,,,,,,,,,,,,,,,,,,,,,,,,,,,
S000409,M00042,P0064,T006,36.0,27.0,5.0,8.0,2.0,0.0,1.0,2.0,17.0,1.0,3.0,5.0,1.0,27.0,,,,,,,,,,,,,,,,,,,,,,,,,,,,,,
S000410,M00042,P0078,T006,16.0,31.0,6.0,9.0,5.0,4.0,0.0,1.0,15.0,1.0,1.0,4.0,0.0,33.0,,,,,,,,,,,,,,,,,,,,,,,,,,,,,,
S000411,M00042,P0068,T006,17.0,21.0,5.0,6.0,1.0,2.0,6.0,7.0,4.0,1.0,2.0,3.0,9.0,26.0,,,,,,,,,,,,,,,,,,,,,,,,,,,,,,
S000412,M00042,P0070,T006,18.0,27.0,9.0,3.0,5.0,2.0,3.0,1.0,16.0,6.0,6.0,6.0,4.0,31.0,,,,,,,,,,,,,,,,,,,,,,,,,,,,,,
S000413,M00042,P0067,T006,38.0,12.0,15.0,4.0,4.0,0.0,5.0,7.0,4.0,5.0,7.0,2.0,10.0,27.0,,,,,,,,,,,,,,,,,,,,,,,,,,,,,,
S000414,M00042,P0069,T006,17.0,4.0,3.0,1.0,1.0,3.0,0.0,3.0,20.0,2.0,2.0,4.0,10.0,27.0,,,,,,,,,,,,,,,,,,,,,,,,,,,,,,
S000415,M00042,P0072,T006,39.0,25.0,9.0,8.0,2.0,2.0,6.0,10.0,11.0,0.0,1.0,6.0,3.0,35.0,,,,,,,,,,,,,,,,,,,,,,,,,,,,,,
S000416,M00042,P0077,T006,12.0,35.0,15.0,3.0,1.0,4.0,0.0,8.0,18.0,0.0,1.0,3.0,0.0,31.0,,,,,,,,,,,,,,,,,,,,,,,,,,,,,,
S000417,M00043,P0085,T007,24.0,9.0,14.0,9.0,0.0,4.0,6.0,4.0,9.0,5.0,5.0,0.0,9.0,5.0,,,,,,,,,,,,,,,,,,,,,,,,,,,,,,
S000418,M00043,P0081,T007,40.0,9.0,10.0,4.0,1.0,2.0,3.0,4.0,4.0,3.0,6.0,2.0,4.0,21.0,,,,,,,,,,,,,,,,,,,,,,,,,,,,,,
S000419,M00043,P0080,T007,12.0,14.0,5.0,10.0,1.0,2.0,5.0,8.0,3.0,6.0,7.0,1.0,3.0,24.0,,,,,,,,,,,,,,,,,,,,,,,,,,,,,,
S000420,M00043,P0088,T007,26.0,18.0,5.0,2.0,4.0,2.0,0.0,2.0,5.0,3.0,8.0,8.0,0.0,24.0,,,,,,,,,,,,,,,,,,,,,,,,,,,,,,
S000421,M00043,P0082,T007,33.0,10.0,10.0,5.0,0.0,1.0,0.0,4.0,3.0,3.0,0.0,0.0,6.0,29.0,,,,,,,,,,,,,,,,,,,,,,,,,,,,,,
S000422,M00043,P0086,T007,28.0,7.0,7.0,12.0,5.0,0.0,4.0,9.0,5.0,0.0,10.0,7.0,9.0,25.0,,,,,,,,,,,,,,,,,,,,,,,,,,,,,,
S000423,M00043,P0083,T007,22.0,18.0,12.0,7.0,5.0,1.0,5.0,8.0,11.0,2.0,10.0,7.0,7.0,34.0,,,,,,,,,,,,,,,,,,,,,,,,,,,,,,
S000424,M00043,P0089,T007,38.0,9.0,14.0,8.0,2.0,1.0,1.0,5.0,8.0,3.0,4.0,2.0,5.0,28.0,,,,,,,,,,,,,,,,,,,,,,,,,,,,,,
S000425,M00043,P0025,T003,37.0,14.0,12.0,2.0,5.0,2.0,1.0,7.0,16.0,3.0,7.0,7.0,7.0,35.0,,,,,,,,,,,,,,,,,,,,,,,,,,,,,,
S000426,M00043,P0031,T003,22.0,29.0,11.0,5.0,2.0,3.0,1.0,9.0,9.0,1.0,3.0,3.0,9.0,11.0,,,,,,,,,,,,,,,,,,,,,,,,,,,,,,
S000427,M00043,P0029,T003,40.0,23.0,14.0,8.0,3.0,2.0,5.0,5.0,9.0,3.0,2.0,7.0,1.0,22.0,,,,,,,,,,,,,,,,,,,,,,,,,,,,,,
S000428,M00043,P0027,T003,30.0,28.0,9.0,12.0,4.0,3.0,0.0,4.0,9.0,2.0,8.0,2.0,10.0,17.0,,,,,,,,,,,,,,,,,,,,,,,,,,,,,,
S000429,M00043,P0036,T003,39.0,33.0,13.0,2.0,3.0,0.0,5.0,4.0,15.0,4.0,10.0,2.0,4.0,28.0,,,,,,,,,,,,,,,,,,,,,,,,,,,,,,
S000430,M00043,P0028,T003,31.0,9.0,12.0,9.0,1.0,1.0,3.0,6.0,17.0,1.0,2.0,7.0,5.0,24.0,,,,,,,,,,,,,,,,,,,,,,,,,,,,,,
S000431,M00043,P0035,T003,39.0,33.0,1.0,10.0,0.0,0.0,0.0,1.0,3.0,6.0,0.0,5.0,1.0,15.0,,,,,,,,,,,,,,,,,,,,,,,,,,,,,,
S000432,M00043,P0034,T003,39.0,22.0,6.0,11.0,1.0,1.0,2.0,2.0,14.0,4.0,5.0,7.0,7.0,15.0,,,,,,,,,,,,,,,,,,,,,,,,,,,,,,
S000433,M00044,P0016,T002,15.0,26.0,3.0,8.0,4.0,3.0,1.0,9.0,20.0,5.0,7.0,4.0,3.0,8.0,,,,,,,,,,,,,,,,,,,,,,,,,,,,,,
S000434,M00044,P0018,T002,31.0,9.0,14.0,1.0,0.0,1.0,3.0,8.0,15.0,3.0,2.0,0.0,9.0,27.0,,,,,,,,,,,,,,,,,,,,,,,,,,,,,,
S000435,M00044,P0023,T002,36.0,23.0,14.0,9.0,4.0,1.0,3.0,1.0,18.0,5.0,9.0,5.0,5.0,7.0,,,,,,,,,,,,,,,,,,,,,,,,,,,,,,
S000436,M00044,P0015,T002,38.0,23.0,2.0,2.0,1.0,4.0,2.0,7.0,7.0,0.0,10.0,3.0,10.0,15.0,,,,,,,,,,,,,,,,,,,,,,,,,,,,,,
S000437,M00044,P0020,T002,19.0,5.0,11.0,9.0,3.0,0.0,4.0,10.0,16.0,1.0,5.0,4.0,3.0,21.0,,,,,,,,,,,,,,,,,,,,,,,,,,,,,,
S000438,M00044,P0022,T002,18.0,33.0,0.0,7.0,2.0,1.0,0.0,4.0,12.0,2.0,7.0,6.0,5.0,6.0,,,,,,,,,,,,,,,,,,,,,,,,,,,,,,
S000439,M00044,P0021,T002,18.0,29.0,2.0,5.0,4.0,0.0,1.0,10.0,3.0,5.0,9.0,0.0,4.0,17.0,,,,,,,,,,,,,,,,,,,,,,,,,,,,,,
S000440,M00044,P0019,T002,16.0,30.0,12.0,6.0,0.0,2.0,5.0,7.0,13.0,2.0,8.0,6.0,6.0,27.0,,,,,,,,,,,,,,,,,,,,,,,,,,,,,,
S000441,M00044,P0056,T005,18.0,5.0,14.0,10.0,0.0,2.0,6.0,9.0,6.0,0.0,2.0,1.0,3.0,7.0,,,,,,,,,,,,,,,,,,,,,,,,,,,,,,
S000442,M00044,P0053,T005,15.0,23.0,2.0,2.0,4.0,1.0,6.0,2.0,5.0,0.0,0.0,5.0,9.0,7.0,,,,,,,,,,,,,,,,,,,,,,,,,,,,,,
S000443,M00044,P0063,T005,14.0,29.0,10.0,12.0,5.0,0.0,4.0,2.0,4.0,5.0,2.0,3.0,1.0,10.0,,,,,,,,,,,,,,,,,,,,,,,,,,,,,,
S000444,M00044,P0055,T005,12.0,5.0,0.0,6.0,5.0,1.0,1.0,1.0,5.0,3.0,5.0,8.0,3.0,20.0,,,,,,,,,,,,,,,,,,,,,,,,,,,,,,
S000445,M00044,P0059,T005,36.0,12.0,15.0,9.0,5.0,1.0,3.0,5.0,4.0,3.0,2.0,8.0,0.0,7.0,,,,,,,,,,,,,,,,,,,,,,,,,,,,,,
S000446,M00044,P0054,T005,15.0,12.0,8.0,2.0,4.0,4.0,1.0,2.0,5.0,1.0,2.0,5.0,3.0,10.0,,,,,,,,,,,,,,,,,,,,,,,,,,,,,,
S000447,M00044,P0058,T005,22.0,18.0,13.0,8.0,5.0,2.0,1.0,7.0,11.0,6.0,5.0,3.0,8.0,5.0,,,,,,,,,,,,,,,,,,,,,,,,,,,,,,
S000448,M00044,P0062,T005,30.0,16.0,9.0,12.0,1.0,0.0,0.0,2.0,18.0,2.0,0.0,6.0,1.0,26.0,,,,,,,,,,,,,,,,,,,,,,,,,,,,,,
S000449,M00045,P0090,T007,31.0,4.0,8.0,11.0,2.0,3.0,2.0,8.0,14.0,3.0,4.0,7.0,5.0,22.0,,,,,,,,,,,,,,,,,,,,,,,,,,,,,,
S000450,M00045,P0086,T007,33.0,12.0,7.0,9.0,1.0,0.0,5.0,6.0,16.0,3.0,7.0,5.0,6.0,19.0,,,,,,,,,,,,,,,,,,,,,,,,,,,,,,
S000451,M00045,P0079,T007,37.0,29.0,14.0,2.0,1.0,3.0,3.0,1.0,7.0,6.0,5.0,6.0,10.0,9.0,,,,,,,,,,,,,,,,,,,,,,,,,,,,,,
S000452,M00045,P0080,T007,22.0,23.0,0.0,6.0,5.0,1.0,1.0,10.0,8.0,1.0,1.0,0.0,6.0,20.0,,,,,,,,,,,,,,,,,,,,,,,,,,,,,,
S000453,M00045,P0084,T007,14.0,17.0,10.0,3.0,0.0,3.0,3.0,3.0,12.0,6.0,8.0,4.0,3.0,11.0,,,,,,,,,,,,,,,,,,,,,,,,,,,,,,
S000454,M00045,P0083,T007,25.0,31.0,13.0,6.0,1.0,3.0,5.0,1.0,14.0,0.0,1.0,5.0,7.0,24.0,,,,,,,,,,,,,,,,,,,,,,,,,,,,,,
S000455,M00045,P0081,T007,19.0,9.0,7.0,8.0,3.0,1.0,3.0,8.0,3.0,2.0,10.0,2.0,5.0,25.0,,,,,,,,,,,,,,,,,,,,,,,,,,,,,,
S000456,M00045,P0085,T007,19.0,27.0,3.0,9.0,1.0,4.0,2.0,6.0,14.0,6.0,2.0,5.0,9.0,20.0,,,,,,,,,,,,,,,,,,,,,,,,,,,,,,
S000457,M00045,P0092,T008,32.0,14.0,10.0,10.0,3.0,2.0,4.0,6.0,13.0,5.0,3.0,2.0,5.0,30.0,,,,,,,,,,,,,,,,,,,,,,,,,,,,,,
S000458,M00045,P0091,T008,30.0,14.0,7.0,3.0,3.0,4.0,3.0,1.0,13.0,4.0,1.0,6.0,2.0,24.0,,,,,,,,,,,,,,,,,,,,,,,,,,,,,,
S000459,M00045,P0098,T008,20.0,5.0,15.0,7.0,4.0,2.0,0.0,8.0,15.0,6.0,3.0,4.0,2.0,16.0,,,,,,,,,,,,,,,,,,,,,,,,,,,,,,
S000460,M00045,P0096,T008,37.0,3.0,15.0,3.0,1.0,0.0,2.0,6.0,18.0,4.0,2.0,4.0,5.0,20.0,,,,,,,,,,,,,,,,,,,,,,,,,,,,,,
S000461,M00045,P0097,T008,20.0,34.0,6.0,12.0,5.0,1.0,4.0,10.0,6.0,2.0,0.0,3.0,8.0,30.0,,,,,,,,,,,,,,,,,,,,,,,,,,,,,,
S000462,M00045,P0094,T008,26.0,18.0,7.0,12.0,3.0,3.0,5.0,1.0,12.0,2.0,3.0,2.0,4.0,5.0,,,,,,,,,,,,,,,,,,,,,,,,,,,,,,
S000463,M00045,P0103,T008,10.0,26.0,2.0,5.0,3.0,1.0,3.0,7.0,20.0,1.0,9.0,7.0,5.0,8.0,,,,,,,,,,,,,,,,,,,,,,,,,,,,,,
S000464,M00045,P0093,T008,39.0,17.0,14.0,4.0,1.0,4.0,3.0,5.0,8.0,4.0,2.0,5.0,0.0,8.0,,,,,,,,,,,,,,,,,,,,,,,,,,,,,,
S000465,M00046,P0091,T008,22.0,35.0,0.0,10.0,3.0,2.0,3.0,3.0,13.0,4.0,0.0,4.0,5.0,23.0,,,,,,,,,,,,,,,,,,,,,,,,,,,,,,
S000466,M00046,P0096,T008,34.0,2.0,1.0,11.0,5.0,1.0,3.0,2.0,5.0,1.0,2.0,1.0,8.0,10.0,,,,,,,,,,,,,,,,,,,,,,,,,,,,,,
S000467,M00046,P0099,T008,40.0,15.0,2.0,12.0,2.0,2.0,2.0,2.0,16.0,2.0,1.0,7.0,6.0,22.0,,,,,,,,,,,,,,,,,,,,,,,,,,,,,,
S000468,M00046,P0098,T008,11.0,33.0,13.0,10.0,3.0,1.0,4.0,2.0,9.0,3.0,2.0,1.0,4.0,12.0,,,,,,,,,,,,,,,,,,,,,,,,,,,,,,
S000469,M00046,P0102,T008,17.0,3.0,0.0,0.0,5.0,1.0,3.0,1.0,4.0,1.0,3.0,2.0,2.0,21.0,,,,,,,,,,,,,,,,,,,,,,,,,,,,,,
S000470,M00046,P0093,T008,20.0,20.0,12.0,12.0,5.0,3.0,0.0,9.0,12.0,3.0,0.0,6.0,8.0,7.0,,,,,,,,,,,,,,,,,,,,,,,,,,,,,,
S000471,M00046,P0100,T008,11.0,12.0,1.0,3.0,1.0,4.0,3.0,1.0,14.0,5.0,1.0,5.0,8.0,33.0,,,,,,,,,,,,,,,,,,,,,,,,,,,,,,
S000472,M00046,P0101,T008,36.0,10.0,12.0,3.0,1.0,4.0,0.0,10.0,12.0,2.0,8.0,5.0,8.0,17.0,,,,,,,,,,,,,,,,,,,,,,,,,,,,,,
S000473,M00046,P0039,T004,22.0,7.0,9.0,7.0,0.0,3.0,4.0,9.0,15.0,1.0,2.0,1.0,0.0,17.0,,,,,,,,,,,,,,,,,,,,,,,,,,,,,,
S000474,M00046,P0040,T004,35.0,6.0,6.0,3.0,4.0,2.0,6.0,4.0,12.0,2.0,7.0,0.0,10.0,25.0,,,,,,,,,,,,,,,,,,,,,,,,,,,,,,
S000475,M00046,P0046,T004,17.0,16.0,6.0,8.0,0.0,2.0,0.0,4.0,8.0,6.0,5.0,3.0,7.0,35.0,,,,,,,,,,,,,,,,,,,,,,,,,,,,,,
S000476,M00046,P0041,T004,33.0,24.0,10.0,7.0,3.0,4.0,6.0,3.0,18.0,3.0,8.0,4.0,10.0,32.0,,,,,,,,,,,,,,,,,,,,,,,,,,,,,,
S000477,M00046,P0042,T004,40.0,15.0,2.0,9.0,0.0,0.0,6.0,1.0,4.0,6.0,0.0,4.0,0.0,14.0,,,,,,,,,,,,,,,,,,,,,,,,,,,,,,
S000478,M00046,P0049,T004,24.0,24.0,5.0,1.0,0.0,2.0,1.0,4.0,16.0,5.0,5.0,1.0,4.0,18.0,,,,,,,,,,,,,,,,,,,,,,,,,,,,,,
S000479,M00046,P0048,T004,30.0,1.0,9.0,12.0,0.0,0.0,2.0,3.0,11.0,3.0,3.0,1.0,10.0,28.0,,,,,,,,,,,,,,,,,,,,,,,,,,,,,,
S000480,M00046,P0050,T004,40.0,1.0,15.0,2.0,0.0,0.0,0.0,4.0,17.0,6.0,9.0,8.0,4.0,13.0,,,,,,,,,,,,,,,,,,,,,,,,,,,,,,
S000481,M00047,P0014,T002,12.0,25.0,12.0,0.0,0.0,3.0,3.0,8.0,16.0,1.0,0.0,0.0,10.0,7.0,,,,,,,,,,,,,,,,,,,,,,,,,,,,,,
S000482,M00047,P0023,T002,40.0,17.0,9.0,11.0,3.0,1.0,6.0,5.0,3.0,5.0,4.0,3.0,3.0,27.0,,,,,,,,,,,,,,,,,,,,,,,,,,,,,,
S000483,M00047,P0021,T002,24.0,0.0,1.0,9.0,3.0,4.0,5.0,8.0,10.0,5.0,0.0,4.0,5.0,7.0,,,,,,,,,,,,,,,,,,,,,,,,,,,,,,
S000484,M00047,P0015,T002,29.0,23.0,14.0,7.0,4.0,1.0,2.0,6.0,20.0,4.0,2.0,5.0,10.0,16.0,,,,,,,,,,,,,,,,,,,,,,,,,,,,,,
S000485,M00047,P0019,T002,23.0,11.0,12.0,5.0,3.0,2.0,6.0,5.0,7.0,6.0,10.0,7.0,10.0,22.0,,,,,,,,,,,,,,,,,,,,,,,,,,,,,,
S000486,M00047,P0020,T002,23.0,23.0,13.0,1.0,4.0,2.0,1.0,6.0,14.0,5.0,7.0,7.0,8.0,32.0,,,,,,,,,,,,,,,,,,,,,,,,,,,,,,
S000487,M00047,P0022,T002,31.0,10.0,1.0,5.0,4.0,1.0,4.0,6.0,20.0,5.0,2.0,2.0,3.0,31.0,,,,,,,,,,,,,,,,,,,,,,,,,,,,,,
S000488,M00047,P0018,T002,32.0,25.0,2.0,6.0,0.0,4.0,4.0,1.0,19.0,0.0,9.0,0.0,4.0,34.0,,,,,,,,,,,,,,,,,,,,,,,,,,,,,,
S000489,M00047,P0033,T003,33.0,23.0,12.0,8.0,5.0,3.0,1.0,10.0,14.0,5.0,6.0,1.0,3.0,25.0,,,,,,,,,,,,,,,,,,,,,,,,,,,,,,
S000490,M00047,P0035,T003,30.0,29.0,4.0,11.0,1.0,0.0,6.0,9.0,6.0,3.0,2.0,1.0,4.0,12.0,,,,,,,,,,,,,,,,,,,,,,,,,,,,,,
S000491,M00047,P0027,T003,34.0,25.0,9.0,3.0,4.0,0.0,6.0,4.0,3.0,0.0,0.0,4.0,1.0,11.0,,,,,,,,,,,,,,,,,,,,,,,,,,,,,,
S000492,M00047,P0028,T003,15.0,4.0,2.0,4.0,3.0,0.0,3.0,6.0,15.0,0.0,9.0,4.0,5.0,17.0,,,,,,,,,,,,,,,,,,,,,,,,,,,,,,
S000493,M00047,P0030,T003,21.0,13.0,9.0,6.0,4.0,4.0,3.0,10.0,4.0,5.0,7.0,0.0,7.0,15.0,,,,,,,,,,,,,,,,,,,,,,,,,,,,,,
S000494,M00047,P0036,T003,21.0,1.0,8.0,11.0,3.0,3.0,6.0,9.0,6.0,3.0,9.0,5.0,10.0,20.0,,,,,,,,,,,,,,,,,,,,,,,,,,,,,,
S000495,M00047,P0025,T003,10.0,24.0,1.0,7.0,0.0,3.0,2.0,9.0,5.0,0.0,3.0,1.0,7.0,17.0,,,,,,,,,,,,,,,,,,,,,,,,,,,,,,
S000496,M00047,P0034,T003,33.0,21.0,7.0,9.0,3.0,0.0,2.0,5.0,20.0,6.0,7.0,3.0,9.0,18.0,,,,,,,,,,,,,,,,,,,,,,,,,,,,,,
S000497,M00048,P0065,T006,12.0,32.0,5.0,7.0,2.0,4.0,3.0,9.0,4.0,2.0,9.0,1.0,8.0,20.0,,,,,,,,,,,,,,,,,,,,,,,,,,,,,,
S000498,M00048,P0064,T006,15.0,28.0,9.0,2.0,0.0,2.0,4.0,6.0,16.0,0.0,10.0,2.0,1.0,11.0,,,,,,,,,,,,,,,,,,,,,,,,,,,,,,
S000499,M00048,P0074,T006,25.0,31.0,7.0,0.0,3.0,1.0,6.0,7.0,4.0,2.0,2.0,3.0,5.0,32.0,,,,,,,,,,,,,,,,,,,,,,,,,,,,,,
S000500,M00048,P0066,T006,31.0,31.0,7.0,11.0,3.0,0.0,0.0,3.0,7.0,1.0,9.0,0.0,7.0,20.0,,,,,,,,,,,,,,,,,,,,,,,,,,,,,,
S000501,M00048,P0073,T006,21.0,27.0,0.0,11.0,4.0,2.0,5.0,9.0,6.0,3.0,7.0,0.0,4.0,18.0,,,,,,,,,,,,,,,,,,,,,,,,,,,,,,
S000502,M00048,P0077,T006,27.0,27.0,2.0,1.0,0.0,2.0,5.0,6.0,18.0,3.0,8.0,3.0,2.0,8.0,,,,,,,,,,,,,,,,,,,,,,,,,,,,,,
S000503,M00048,P0072,T006,10.0,10.0,2.0,9.0,1.0,1.0,3.0,9.0,14.0,4.0,4.0,7.0,1.0,30.0,,,,,,,,,,,,,,,,,,,,,,,,,,,,,,
S000504,M00048,P0071,T006,31.0,11.0,13.0,1.0,4.0,0.0,1.0,4.0,7.0,2.0,2.0,6.0,0.0,16.0,,,,,,,,,,,,,,,,,,,,,,,,,,,,,,
S000505,M00048,P0001,T001,10.0,19.0,4.0,5.0,1.0,3.0,6.0,4.0,9.0,5.0,7.0,7.0,7.0,11.0,,,,,,,,,,,,,,,,,,,,,,,,,,,,,,
S000506,M00048,P0009,T001,13.0,11.0,12.0,8.0,5.0,4.0,6.0,2.0,7.0,5.0,2.0,8.0,2.0,32.0,,,,,,,,,,,,,,,,,,,,,,,,,,,,,,
S000507,M00048,P0013,T001,34.0,4.0,15.0,8.0,0.0,4.0,1.0,4.0,16.0,6.0,10.0,5.0,3.0,31.0,,,,,,,,,,,,,,,,,,,,,,,,,,,,,,
S000508,M00048,P0002,T001,18.0,26.0,1.0,12.0,3.0,0.0,6.0,6.0,15.0,0.0,3.0,5.0,6.0,19.0,,,,,,,,,,,,,,,,,,,,,,,,,,,,,,
S000509,M00048,P0012,T001,29.0,14.0,4.0,7.0,4.0,4.0,3.0,3.0,10.0,4.0,8.0,4.0,7.0,29.0,,,,,,,,,,,,,,,,,,,,,,,,,,,,,,
S000510,M00048,P0005,T001,12.0,27.0,0.0,6.0,0.0,4.0,0.0,3.0,4.0,2.0,4.0,6.0,4.0,19.0,,,,,,,,,,,,,,,,,,,,,,,,,,,,,,
S000511,M00048,P0008,T001,30.0,21.0,9.0,8.0,4.0,2.0,2.0,8.0,19.0,3.0,6.0,8.0,10.0,24.0,,,,,,,,,,,,,,,,,,,,,,,,,,,,,,
S000512,M00048,P0007,T001,29.0,8.0,15.0,5.0,0.0,3.0,2.0,9.0,19.0,4.0,10.0,1.0,4.0,25.0,,,,,,,,,,,,,,,,,,,,,,,,,,,,,,
S000513,M00050,P0068,T006,39.0,15.0,6.0,5.0,2.0,1.0,6.0,6.0,19.0,5.0,6.0,4.0,4.0,24.0,,,,,,,,,,,,,,,,,,,,,,,,,,,,,,
S000514,M00050,P0078,T006,23.0,12.0,4.0,12.0,5.0,2.0,1.0,6.0,20.0,4.0,5.0,3.0,7.0,23.0,,,,,,,,,,,,,,,,,,,,,,,,,,,,,,
S000515,M00050,P0077,T006,26.0,11.0,3.0,11.0,5.0,2.0,5.0,4.0,9.0,4.0,10.0,5.0,2.0,33.0,,,,,,,,,,,,,,,,,,,,,,,,,,,,,,
S000516,M00050,P0073,T006,30.0,31.0,11.0,3.0,3.0,3.0,5.0,5.0,17.0,4.0,5.0,2.0,4.0,24.0,,,,,,,,,,,,,,,,,,,,,,,,,,,,,,
S000517,M00050,P0072,T006,12.0,16.0,3.0,6.0,4.0,3.0,0.0,2.0,9.0,6.0,4.0,7.0,7.0,34.0,,,,,,,,,,,,,,,,,,,,,,,,,,,,,,
S000518,M00050,P0067,T006,27.0,17.0,13.0,3.0,2.0,0.0,3.0,8.0,6.0,3.0,6.0,6.0,5.0,8.0,,,,,,,,,,,,,,,,,,,,,,,,,,,,,,
S000519,M00050,P0069,T006,14.0,11.0,3.0,5.0,0.0,0.0,6.0,2.0,11.0,0.0,8.0,8.0,4.0,9.0,,,,,,,,,,,,,,,,,,,,,,,,,,,,,,
S000520,M00050,P0074,T006,35.0,6.0,13.0,3.0,0.0,4.0,0.0,1.0,6.0,2.0,9.0,4.0,4.0,18.0,,,,,,,,,,,,,,,,,,,,,,,,,,,,,,
S000521,M00050,P0082,T007,10.0,35.0,10.0,12.0,1.0,1.0,6.0,7.0,9.0,4.0,9.0,0.0,2.0,7.0,,,,,,,,,,,,,,,,,,,,,,,,,,,,,,
S000522,M00050,P0090,T007,28.0,17.0,15.0,1.0,0.0,1.0,6.0,7.0,10.0,1.0,7.0,2.0,2.0,34.0,,,,,,,,,,,,,,,,,,,,,,,,,,,,,,
S000523,M00050,P0089,T007,17.0,17.0,3.0,0.0,1.0,2.0,3.0,10.0,15.0,3.0,3.0,3.0,1.0,32.0,,,,,,,,,,,,,,,,,,,,,,,,,,,,,,
S000524,M00050,P0083,T007,12.0,26.0,14.0,7.0,1.0,3.0,6.0,10.0,15.0,0.0,8.0,4.0,3.0,33.0,,,,,,,,,,,,,,,,,,,,,,,,,,,,,,
S000525,M00050,P0084,T007,31.0,31.0,13.0,12.0,4.0,2.0,2.0,1.0,18.0,4.0,9.0,6.0,7.0,24.0,,,,,,,,,,,,,,,,,,,,,,,,,,,,,,
S000526,M00050,P0085,T007,16.0,23.0,4.0,11.0,0.0,4.0,6.0,7.0,8.0,6.0,6.0,3.0,3.0,15.0,,,,,,,,,,,,,,,,,,,,,,,,,,,,,,
S000527,M00050,P0080,T007,21.0,25.0,8.0,3.0,5.0,2.0,1.0,7.0,18.0,0.0,10.0,3.0,10.0,27.0,,,,,,,,,,,,,,,,,,,,,,,,,,,,,,
S000528,M00050,P0086,T007,12.0,28.0,0.0,6.0,4.0,2.0,2.0,7.0,3.0,3.0,6.0,7.0,6.0,7.0,,,,,,,,,,,,,,,,,,,,,,,,,,,,,,
S000529,M00051,P0070,T006,15.0,10.0,7.0,9.0,5.0,4.0,4.0,9.0,9.0,6.0,0.0,6.0,5.0,6.0,,,,,,,,,,,,,,,,,,,,,,,,,,,,,,
S000530,M00051,P0068,T006,34.0,14.0,2.0,11.0,1.0,0.0,4.0,9.0,4.0,2.0,1.0,8.0,4.0,19.0,,,,,,,,,,,,,,,,,,,,,,,,,,,,,,
S000531,M00051,P0069,T006,14.0,18.0,4.0,6.0,2.0,1.0,1.0,7.0,12.0,1.0,8.0,1.0,3.0,32.0,,,,,,,,,,,,,,,,,,,,,,,,,,,,,,
S000532,M00051,P0067,T006,12.0,3.0,5.0,4.0,4.0,3.0,3.0,3.0,10.0,0.0,3.0,1.0,1.0,29.0,,,,,,,,,,,,,,,,,,,,,,,,,,,,,,
S000533,M00051,P0077,T006,13.0,17.0,5.0,8.0,0.0,3.0,4.0,6.0,8.0,1.0,8.0,2.0,3.0,30.0,,,,,,,,,,,,,,,,,,,,,,,,,,,,,,
S000534,M00051,P0076,T006,10.0,20.0,5.0,12.0,2.0,4.0,6.0,1.0,19.0,4.0,0.0,6.0,2.0,10.0,,,,,,,,,,,,,,,,,,,,,,,,,,,,,,
S000535,M00051,P0074,T006,11.0,30.0,4.0,2.0,1.0,4.0,6.0,6.0,11.0,3.0,3.0,7.0,2.0,27.0,,,,,,,,,,,,,,,,,,,,,,,,,,,,,,
S000536,M00051,P0071,T006,13.0,15.0,5.0,10.0,4.0,0.0,0.0,7.0,7.0,0.0,4.0,7.0,8.0,30.0,,,,,,,,,,,,,,,,,,,,,,,,,,,,,,
S000537,M00051,P0058,T005,40.0,33.0,11.0,12.0,4.0,4.0,5.0,7.0,11.0,4.0,6.0,2.0,8.0,32.0,,,,,,,,,,,,,,,,,,,,,,,,,,,,,,
S000538,M00051,P0061,T005,25.0,8.0,1.0,3.0,0.0,4.0,2.0,5.0,6.0,4.0,6.0,6.0,6.0,14.0,,,,,,,,,,,,,,,,,,,,,,,,,,,,,,
S000539,M00051,P0057,T005,21.0,1.0,10.0,7.0,1.0,0.0,1.0,7.0,7.0,3.0,9.0,2.0,10.0,30.0,,,,,,,,,,,,,,,,,,,,,,,,,,,,,,
S000540,M00051,P0059,T005,19.0,25.0,7.0,2.0,0.0,1.0,3.0,5.0,18.0,3.0,7.0,7.0,5.0,33.0,,,,,,,,,,,,,,,,,,,,,,,,,,,,,,
S000541,M00051,P0060,T005,16.0,29.0,4.0,6.0,0.0,1.0,1.0,2.0,12.0,2.0,0.0,5.0,7.0,34.0,,,,,,,,,,,,,,,,,,,,,,,,,,,,,,
S000542,M00051,P0062,T005,22.0,27.0,2.0,9.0,2.0,2.0,6.0,9.0,20.0,3.0,0.0,7.0,1.0,16.0,,,,,,,,,,,,,,,,,,,,,,,,,,,,,,
S000543,M00051,P0055,T005,20.0,12.0,9.0,8.0,1.0,0.0,0.0,3.0,20.0,2.0,0.0,0.0,8.0,11.0,,,,,,,,,,,,,,,,,,,,,,,,,,,,,,
S000544,M00051,P0054,T005,30.0,33.0,11.0,0.0,3.0,3.0,2.0,10.0,17.0,2.0,9.0,5.0,4.0,16.0,,,,,,,,,,,,,,,,,,,,,,,,,,,,,,
S000545,M00055,P0079,T007,34.0,32.0,1.0,10.0,4.0,4.0,4.0,2.0,7.0,6.0,6.0,5.0,10.0,27.0,,,,,,,,,,,,,,,,,,,,,,,,,,,,,,
S000546,M00055,P0087,T007,24.0,17.0,4.0,2.0,1.0,0.0,4.0,7.0,11.0,3.0,3.0,0.0,0.0,14.0,,,,,,,,,,,,,,,,,,,,,,,,,,,,,,
S000547,M00055,P0088,T007,10.0,8.0,6.0,6.0,4.0,1.0,3.0,3.0,16.0,4.0,9.0,4.0,3.0,5.0,,,,,,,,,,,,,,,,,,,,,,,,,,,,,,
S000548,M00055,P0080,T007,12.0,10.0,1.0,4.0,5.0,3.0,6.0,2.0,10.0,3.0,2.0,7.0,1.0,7.0,,,,,,,,,,,,,,,,,,,,,,,,,,,,,,
S000549,M00055,P0086,T007,31.0,29.0,10.0,9.0,5.0,2.0,6.0,8.0,11.0,4.0,8.0,8.0,5.0,25.0,,,,,,,,,,,,,,,,,,,,,,,,,,,,,,
S000550,M00055,P0085,T007,31.0,20.0,4.0,10.0,5.0,4.0,4.0,5.0,10.0,1.0,0.0,6.0,7.0,13.0,,,,,,,,,,,,,,,,,,,,,,,,,,,,,,
S000551,M00055,P0082,T007,20.0,32.0,9.0,7.0,5.0,3.0,0.0,10.0,12.0,6.0,4.0,1.0,2.0,22.0,,,,,,,,,,,,,,,,,,,,,,,,,,,,,,
S000552,M00055,P0084,T007,17.0,14.0,7.0,7.0,1.0,0.0,5.0,9.0,19.0,2.0,6.0,6.0,6.0,23.0,,,,,,,,,,,,,,,,,,,,,,,,,,,,,,
S000553,M00055,P0069,T006,34.0,20.0,1.0,6.0,3.0,3.0,1.0,7.0,18.0,0.0,5.0,5.0,1.0,14.0,,,,,,,,,,,,,,,,,,,,,,,,,,,,,,
S000554,M00055,P0068,T006,17.0,31.0,15.0,6.0,4.0,1.0,3.0,7.0,10.0,2.0,3.0,2.0,5.0,10.0,,,,,,,,,,,,,,,,,,,,,,,,,,,,,,
S000555,M00055,P0065,T006,29.0,20.0,12.0,1.0,0.0,0.0,0.0,1.0,7.0,4.0,6.0,7.0,1.0,34.0,,,,,,,,,,,,,,,,,,,,,,,,,,,,,,
S000556,M00055,P0067,T006,35.0,9.0,1.0,0.0,3.0,1.0,0.0,3.0,12.0,6.0,5.0,5.0,10.0,23.0,,,,,,,,,,,,,,,,,,,,,,,,,,,,,,
S000557,M00055,P0066,T006,12.0,2.0,5.0,4.0,2.0,0.0,0.0,10.0,5.0,0.0,9.0,0.0,3.0,30.0,,,,,,,,,,,,,,,,,,,,,,,,,,,,,,
S000558,M00055,P0073,T006,15.0,25.0,15.0,1.0,2.0,4.0,2.0,10.0,19.0,0.0,9.0,4.0,2.0,7.0,,,,,,,,,,,,,,,,,,,,,,,,,,,,,,
S000559,M00055,P0071,T006,24.0,16.0,5.0,10.0,5.0,4.0,0.0,8.0,10.0,5.0,4.0,0.0,6.0,32.0,,,,,,,,,,,,,,,,,,,,,,,,,,,,,,
S000560,M00055,P0076,T006,20.0,10.0,15.0,12.0,3.0,2.0,4.0,5.0,12.0,5.0,6.0,6.0,3.0,30.0,,,,,,,,,,,,,,,,,,,,,,,,,,,,,,
S000561,M00056,P0083,T007,11.0,5.0,1.0,9.0,0.0,1.0,0.0,8.0,7.0,1.0,1.0,4.0,5.0,27.0,,,,,,,,,,,,,,,,,,,,,,,,,,,,,,
S000562,M00056,P0089,T007,20.0,15.0,15.0,6.0,3.0,0.0,5.0,9.0,12.0,5.0,3.0,7.0,10.0,6.0,,,,,,,,,,,,,,,,,,,,,,,,,,,,,,
S000563,M00056,P0084,T007,21.0,10.0,12.0,3.0,2.0,0.0,0.0,1.0,11.0,3.0,2.0,7.0,7.0,26.0,,,,,,,,,,,,,,,,,,,,,,,,,,,,,,
S000564,M00056,P0082,T007,40.0,25.0,10.0,7.0,1.0,2.0,5.0,7.0,13.0,6.0,9.0,2.0,0.0,32.0,,,,,,,,,,,,,,,,,,,,,,,,,,,,,,
S000565,M00056,P0087,T007,35.0,10.0,8.0,6.0,0.0,3.0,2.0,3.0,4.0,1.0,3.0,8.0,9.0,20.0,,,,,,,,,,,,,,,,,,,,,,,,,,,,,,
S000566,M00056,P0086,T007,40.0,17.0,6.0,11.0,1.0,3.0,0.0,1.0,14.0,5.0,5.0,5.0,5.0,5.0,,,,,,,,,,,,,,,,,,,,,,,,,,,,,,
S000567,M00056,P0080,T007,13.0,30.0,6.0,3.0,1.0,2.0,5.0,9.0,11.0,4.0,6.0,8.0,9.0,24.0,,,,,,,,,,,,,,,,,,,,,,,,,,,,,,
S000568,M00056,P0088,T007,39.0,12.0,13.0,12.0,5.0,0.0,3.0,10.0,20.0,2.0,8.0,7.0,0.0,14.0,,,,,,,,,,,,,,,,,,,,,,,,,,,,,,
S000569,M00056,P0019,T002,39.0,20.0,7.0,7.0,2.0,2.0,5.0,1.0,10.0,5.0,9.0,4.0,6.0,13.0,,,,,,,,,,,,,,,,,,,,,,,,,,,,,,
S000570,M00056,P0014,T002,10.0,33.0,7.0,0.0,1.0,3.0,1.0,7.0,3.0,3.0,0.0,1.0,4.0,22.0,,,,,,,,,,,,,,,,,,,,,,,,,,,,,,
S000571,M00056,P0020,T002,36.0,34.0,13.0,0.0,4.0,2.0,6.0,10.0,4.0,3.0,9.0,3.0,8.0,26.0,,,,,,,,,,,,,,,,,,,,,,,,,,,,,,
S000572,M00056,P0015,T002,27.0,18.0,3.0,3.0,3.0,4.0,5.0,6.0,8.0,4.0,10.0,3.0,0.0,26.0,,,,,,,,,,,,,,,,,,,,,,,,,,,,,,
S000573,M00056,P0017,T002,23.0,5.0,10.0,10.0,1.0,3.0,0.0,2.0,7.0,5.0,4.0,2.0,10.0,14.0,,,,,,,,,,,,,,,,,,,,,,,,,,,,,,
S000574,M00056,P0022,T002,31.0,16.0,13.0,2.0,3.0,1.0,5.0,3.0,14.0,0.0,4.0,4.0,8.0,27.0,,,,,,,,,,,,,,,,,,,,,,,,,,,,,,
S000575,M00056,P0024,T002,27.0,4.0,2.0,2.0,0.0,0.0,1.0,2.0,11.0,1.0,1.0,7.0,5.0,8.0,,,,,,,,,,,,,,,,,,,,,,,,,,,,,,
S000576,M00056,P0021,T002,26.0,34.0,14.0,8.0,0.0,3.0,5.0,10.0,11.0,6.0,1.0,5.0,1.0,16.0,,,,,,,,,,,,,,,,,,,,,,,,,,,,,,
S000577,M00057,P0016,T002,12.0,10.0,4.0,5.0,1.0,4.0,6.0,9.0,9.0,3.0,10.0,5.0,0.0,15.0,,,,,,,,,,,,,,,,,,,,,,,,,,,,,,
S000578,M00057,P0020,T002,37.0,24.0,13.0,1.0,4.0,3.0,1.0,3.0,9.0,4.0,10.0,7.0,9.0,28.0,,,,,,,,,,,,,,,,,,,,,,,,,,,,,,
S000579,M00057,P0017,T002,32.0,4.0,7.0,10.0,3.0,4.0,6.0,8.0,15.0,2.0,10.0,5.0,3.0,33.0,,,,,,,,,,,,,,,,,,,,,,,,,,,,,,
S000580,M00057,P0018,T002,11.0,2.0,14.0,3.0,0.0,4.0,2.0,1.0,14.0,5.0,5.0,6.0,0.0,15.0,,,,,,,,,,,,,,,,,,,,,,,,,,,,,,
S000581,M00057,P0019,T002,37.0,29.0,2.0,2.0,0.0,4.0,4.0,9.0,6.0,4.0,2.0,7.0,7.0,22.0,,,,,,,,,,,,,,,,,,,,,,,,,,,,,,
S000582,M00057,P0014,T002,27.0,21.0,3.0,9.0,0.0,2.0,1.0,5.0,20.0,6.0,6.0,4.0,0.0,32.0,,,,,,,,,,,,,,,,,,,,,,,,,,,,,,
S000583,M00057,P0021,T002,13.0,3.0,9.0,10.0,1.0,2.0,6.0,7.0,7.0,2.0,5.0,6.0,1.0,21.0,,,,,,,,,,,,,,,,,,,,,,,,,,,,,,
S000584,M00057,P0023,T002,21.0,4.0,15.0,4.0,5.0,2.0,3.0,1.0,3.0,2.0,5.0,2.0,1.0,32.0,,,,,,,,,,,,,,,,,,,,,,,,,,,,,,
S000585,M00057,P0003,T001,18.0,21.0,10.0,1.0,1.0,4.0,1.0,10.0,5.0,1.0,0.0,4.0,4.0,31.0,,,,,,,,,,,,,,,,,,,,,,,,,,,,,,
S000586,M00057,P0009,T001,34.0,35.0,2.0,12.0,5.0,4.0,4.0,9.0,12.0,4.0,10.0,4.0,1.0,33.0,,,,,,,,,,,,,,,,,,,,,,,,,,,,,,
S000587,M00057,P0010,T001,22.0,2.0,9.0,6.0,0.0,2.0,2.0,1.0,7.0,0.0,1.0,0.0,1.0,33.0,,,,,,,,,,,,,,,,,,,,,,,,,,,,,,
S000588,M00057,P0011,T001,25.0,2.0,15.0,12.0,2.0,3.0,4.0,2.0,11.0,1.0,9.0,8.0,3.0,7.0,,,,,,,,,,,,,,,,,,,,,,,,,,,,,,
S000589,M00057,P0002,T001,20.0,10.0,5.0,10.0,4.0,0.0,5.0,1.0,18.0,1.0,2.0,2.0,10.0,21.0,,,,,,,,,,,,,,,,,,,,,,,,,,,,,,
S000590,M00057,P0006,T001,17.0,26.0,0.0,10.0,4.0,2.0,4.0,4.0,18.0,4.0,3.0,0.0,6.0,11.0,,,,,,,,,,,,,,,,,,,,,,,,,,,,,,
S000591,M00057,P0001,T001,29.0,24.0,6.0,8.0,2.0,2.0,1.0,7.0,16.0,4.0,4.0,4.0,3.0,24.0,,,,,,,,,,,,,,,,,,,,,,,,,,,,,,
S000592,M00057,P0007,T001,37.0,7.0,13.0,4.0,5.0,4.0,3.0,1.0,6.0,3.0,9.0,3.0,4.0,27.0,,,,,,,,,,,,,,,,,,,,,,,,,,,,,,
S000593,M00060,P0093,T008,11.0,14.0,7.0,11.0,0.0,0.0,5.0,7.0,7.0,1.0,4.0,1.0,9.0,5.0,,,,,,,,,,,,,,,,,,,,,,,,,,,,,,
S000594,M00060,P0100,T008,30.0,13.0,3.0,11.0,0.0,3.0,0.0,6.0,9.0,3.0,2.0,2.0,10.0,30.0,,,,,,,,,,,,,,,,,,,,,,,,,,,,,,
S000595,M00060,P0103,T008,13.0,23.0,10.0,6.0,3.0,4.0,5.0,5.0,17.0,5.0,3.0,2.0,3.0,17.0,,,,,,,,,,,,,,,,,,,,,,,,,,,,,,
S000596,M00060,P0102,T008,21.0,12.0,7.0,7.0,3.0,2.0,3.0,1.0,11.0,0.0,6.0,7.0,2.0,6.0,,,,,,,,,,,,,,,,,,,,,,,,,,,,,,
S000597,M00060,P0092,T008,35.0,3.0,14.0,8.0,2.0,1.0,3.0,2.0,12.0,1.0,4.0,4.0,2.0,18.0,,,,,,,,,,,,,,,,,,,,,,,,,,,,,,
S000598,M00060,P0094,T008,34.0,0.0,15.0,12.0,4.0,0.0,4.0,8.0,14.0,2.0,10.0,3.0,7.0,11.0,,,,,,,,,,,,,,,,,,,,,,,,,,,,,,
S000599,M00060,P0099,T008,32.0,17.0,15.0,6.0,2.0,1.0,3.0,4.0,17.0,1.0,0.0,3.0,10.0,20.0,,,,,,,,,,,,,,,,,,,,,,,,,,,,,,
S000600,M00060,P0096,T008,22.0,14.0,4.0,1.0,2.0,2.0,4.0,5.0,6.0,2.0,10.0,8.0,4.0,28.0,,,,,,,,,,,,,,,,,,,,,,,,,,,,,,
S000601,M00060,P0085,T007,34.0,35.0,5.0,10.0,3.0,4.0,0.0,3.0,3.0,2.0,8.0,6.0,9.0,15.0,,,,,,,,,,,,,,,,,,,,,,,,,,,,,,
S000602,M00060,P0079,T007,10.0,30.0,6.0,2.0,0.0,2.0,5.0,7.0,11.0,5.0,4.0,3.0,10.0,17.0,,,,,,,,,,,,,,,,,,,,,,,,,,,,,,
S000603,M00060,P0080,T007,31.0,22.0,3.0,6.0,3.0,4.0,1.0,4.0,13.0,0.0,5.0,5.0,7.0,29.0,,,,,,,,,,,,,,,,,,,,,,,,,,,,,,
S000604,M00060,P0088,T007,17.0,34.0,10.0,7.0,1.0,3.0,4.0,1.0,5.0,0.0,9.0,2.0,3.0,18.0,,,,,,,,,,,,,,,,,,,,,,,,,,,,,,
S000605,M00060,P0082,T007,37.0,2.0,6.0,7.0,3.0,4.0,5.0,2.0,6.0,5.0,8.0,7.0,2.0,12.0,,,,,,,,,,,,,,,,,,,,,,,,,,,,,,
S000606,M00060,P0081,T007,33.0,13.0,6.0,5.0,0.0,0.0,2.0,1.0,16.0,0.0,4.0,7.0,3.0,7.0,,,,,,,,,,,,,,,,,,,,,,,,,,,,,,
S000607,M00060,P0090,T007,20.0,15.0,3.0,1.0,2.0,4.0,4.0,4.0,4.0,3.0,4.0,8.0,2.0,26.0,,,,,,,,,,,,,,,,,,,,,,,,,,,,,,
S000608,M00060,P0087,T007,34.0,0.0,15.0,3.0,3.0,2.0,0.0,2.0,19.0,4.0,3.0,4.0,0.0,18.0,,,,,,,,,,,,,,,,,,,,,,,,,,,,,,
S000609,M00062,P0090,T007,30.0,1.0,8.0,3.0,1.0,1.0,1.0,1.0,8.0,1.0,3.0,3.0,2.0,14.0,,,,,,,,,,,,,,,,,,,,,,,,,,,,,,
S000610,M00062,P0084,T007,24.0,3.0,14.0,3.0,4.0,1.0,0.0,2.0,9.0,2.0,10.0,4.0,10.0,18.0,,,,,,,,,,,,,,,,,,,,,,,,,,,,,,
S000611,M00062,P0089,T007,14.0,4.0,5.0,7.0,3.0,0.0,1.0,6.0,4.0,4.0,2.0,6.0,1.0,7.0,,,,,,,,,,,,,,,,,,,,,,,,,,,,,,
S000612,M00062,P0086,T007,34.0,10.0,6.0,1.0,1.0,3.0,0.0,7.0,10.0,5.0,2.0,4.0,8.0,27.0,,,,,,,,,,,,,,,,,,,,,,,,,,,,,,
S000613,M00062,P0081,T007,27.0,33.0,10.0,7.0,1.0,4.0,4.0,10.0,9.0,3.0,6.0,2.0,9.0,31.0,,,,,,,,,,,,,,,,,,,,,,,,,,,,,,
S000614,M00062,P0079,T007,35.0,28.0,8.0,5.0,2.0,4.0,1.0,1.0,9.0,3.0,4.0,6.0,8.0,19.0,,,,,,,,,,,,,,,,,,,,,,,,,,,,,,
S000615,M00062,P0088,T007,39.0,5.0,3.0,12.0,5.0,1.0,0.0,4.0,20.0,6.0,1.0,8.0,7.0,17.0,,,,,,,,,,,,,,,,,,,,,,,,,,,,,,
S000616,M00062,P0085,T007,39.0,8.0,1.0,8.0,1.0,4.0,1.0,3.0,10.0,0.0,8.0,8.0,1.0,12.0,,,,,,,,,,,,,,,,,,,,,,,,,,,,,,
S000617,M00062,P0022,T002,18.0,21.0,4.0,2.0,0.0,3.0,3.0,4.0,7.0,6.0,3.0,1.0,8.0,9.0,,,,,,,,,,,,,,,,,,,,,,,,,,,,,,
S000618,M00062,P0024,T002,29.0,28.0,2.0,6.0,5.0,4.0,0.0,6.0,17.0,1.0,10.0,4.0,5.0,5.0,,,,,,,,,,,,,,,,,,,,,,,,,,,,,,
S000619,M00062,P0015,T002,11.0,0.0,0.0,12.0,5.0,0.0,6.0,1.0,5.0,2.0,2.0,1.0,1.0,27.0,,,,,,,,,,,,,,,,,,,,,,,,,,,,,,
S000620,M00062,P0019,T002,16.0,30.0,3.0,7.0,4.0,2.0,0.0,10.0,3.0,5.0,2.0,5.0,5.0,17.0,,,,,,,,,,,,,,,,,,,,,,,,,,,,,,
S000621,M00062,P0018,T002,31.0,7.0,9.0,12.0,2.0,2.0,1.0,2.0,20.0,6.0,2.0,8.0,7.0,14.0,,,,,,,,,,,,,,,,,,,,,,,,,,,,,,
S000622,M00062,P0020,T002,25.0,33.0,2.0,2.0,1.0,2.0,4.0,10.0,4.0,2.0,6.0,7.0,0.0,21.0,,,,,,,,,,,,,,,,,,,,,,,,,,,,,,
S000623,M00062,P0014,T002,23.0,29.0,0.0,0.0,4.0,0.0,0.0,5.0,10.0,3.0,5.0,5.0,1.0,16.0,,,,,,,,,,,,,,,,,,,,,,,,,,,,,,
S000624,M00062,P0016,T002,33.0,33.0,8.0,8.0,1.0,3.0,3.0,10.0,6.0,1.0,6.0,2.0,4.0,21.0,,,,,,,,,,,,,,,,,,,,,,,,,,,,,,
S000625,M00064,P0017,T002,33.0,2.0,1.0,10.0,3.0,0.0,3.0,4.0,10.0,3.0,9.0,8.0,7.0,24.0,,,,,,,,,,,,,,,,,,,,,,,,,,,,,,
S000626,M00064,P0019,T002,21.0,1.0,5.0,2.0,0.0,0.0,2.0,1.0,6.0,6.0,6.0,4.0,8.0,8.0,,,,,,,,,,,,,,,,,,,,,,,,,,,,,,
S000627,M00064,P0023,T002,38.0,35.0,0.0,4.0,5.0,2.0,6.0,3.0,20.0,3.0,7.0,3.0,8.0,11.0,,,,,,,,,,,,,,,,,,,,,,,,,,,,,,
S000628,M00064,P0014,T002,22.0,12.0,2.0,6.0,2.0,1.0,1.0,2.0,7.0,5.0,6.0,4.0,2.0,21.0,,,,,,,,,,,,,,,,,,,,,,,,,,,,,,
S000629,M00064,P0016,T002,28.0,19.0,13.0,4.0,1.0,0.0,1.0,7.0,7.0,2.0,8.0,6.0,3.0,8.0,,,,,,,,,,,,,,,,,,,,,,,,,,,,,,
S000630,M00064,P0020,T002,19.0,16.0,2.0,7.0,0.0,3.0,2.0,7.0,8.0,2.0,5.0,4.0,0.0,10.0,,,,,,,,,,,,,,,,,,,,,,,,,,,,,,
S000631,M00064,P0015,T002,22.0,14.0,11.0,5.0,4.0,1.0,2.0,4.0,3.0,5.0,1.0,7.0,6.0,14.0,,,,,,,,,,,,,,,,,,,,,,,,,,,,,,
S000632,M00064,P0024,T002,23.0,17.0,9.0,8.0,4.0,4.0,4.0,1.0,10.0,5.0,1.0,5.0,3.0,22.0,,,,,,,,,,,,,,,,,,,,,,,,,,,,,,
S000633,M00064,P0102,T008,24.0,3.0,10.0,0.0,2.0,0.0,6.0,5.0,10.0,1.0,3.0,3.0,5.0,11.0,,,,,,,,,,,,,,,,,,,,,,,,,,,,,,
S000634,M00064,P0099,T008,36.0,33.0,8.0,9.0,2.0,0.0,3.0,4.0,7.0,6.0,1.0,1.0,1.0,27.0,,,,,,,,,,,,,,,,,,,,,,,,,,,,,,
S000635,M00064,P0103,T008,29.0,29.0,14.0,11.0,0.0,4.0,0.0,10.0,9.0,1.0,9.0,1.0,10.0,26.0,,,,,,,,,,,,,,,,,,,,,,,,,,,,,,
S000636,M00064,P0093,T008,16.0,31.0,6.0,2.0,3.0,2.0,1.0,1.0,16.0,6.0,0.0,1.0,1.0,34.0,,,,,,,,,,,,,,,,,,,,,,,,,,,,,,
S000637,M00064,P0095,T008,34.0,32.0,15.0,12.0,2.0,3.0,0.0,8.0,19.0,6.0,6.0,8.0,8.0,33.0,,,,,,,,,,,,,,,,,,,,,,,,,,,,,,
S000638,M00064,P0096,T008,10.0,0.0,5.0,3.0,0.0,0.0,4.0,2.0,13.0,6.0,6.0,1.0,8.0,9.0,,,,,,,,,,,,,,,,,,,,,,,,,,,,,,
S000639,M00064,P0098,T008,36.0,33.0,0.0,3.0,5.0,3.0,2.0,8.0,18.0,2.0,4.0,1.0,6.0,34.0,,,,,,,,,,,,,,,,,,,,,,,,,,,,,,
S000640,M00064,P0092,T008,10.0,13.0,12.0,5.0,4.0,2.0,1.0,1.0,5.0,2.0,9.0,1.0,1.0,32.0,,,,,,,,,,,,,,,,,,,,,,,,,,,,,,
S000641,M00066,P0045,T004,17.0,25.0,15.0,5.0,0.0,4.0,1.0,7.0,9.0,1.0,2.0,3.0,9.0,24.0,,,,,,,,,,,,,,,,,,,,,,,,,,,,,,
S000642,M00066,P0047,T004,26.0,9.0,2.0,3.0,3.0,2.0,2.0,6.0,16.0,0.0,1.0,4.0,0.0,27.0,,,,,,,,,,,,,,,,,,,,,,,,,,,,,,
S000643,M00066,P0046,T004,33.0,18.0,4.0,8.0,4.0,3.0,5.0,1.0,14.0,5.0,0.0,5.0,3.0,20.0,,,,,,,,,,,,,,,,,,,,,,,,,,,,,,
S000644,M00066,P0041,T004,39.0,25.0,13.0,6.0,5.0,0.0,4.0,2.0,6.0,5.0,2.0,6.0,0.0,35.0,,,,,,,,,,,,,,,,,,,,,,,,,,,,,,
S000645,M00066,P0038,T004,11.0,12.0,1.0,8.0,1.0,2.0,3.0,7.0,5.0,6.0,0.0,6.0,2.0,26.0,,,,,,,,,,,,,,,,,,,,,,,,,,,,,,
S000646,M00066,P0050,T004,24.0,4.0,10.0,11.0,1.0,0.0,1.0,4.0,11.0,2.0,5.0,0.0,6.0,21.0,,,,,,,,,,,,,,,,,,,,,,,,,,,,,,
S000647,M00066,P0049,T004,27.0,11.0,13.0,9.0,0.0,3.0,5.0,8.0,16.0,6.0,8.0,2.0,9.0,11.0,,,,,,,,,,,,,,,,,,,,,,,,,,,,,,
S000648,M00066,P0048,T004,26.0,16.0,9.0,11.0,0.0,0.0,1.0,5.0,20.0,0.0,8.0,7.0,3.0,15.0,,,,,,,,,,,,,,,,,,,,,,,,,,,,,,
S000649,M00066,P0055,T005,16.0,14.0,11.0,9.0,5.0,0.0,0.0,2.0,14.0,3.0,0.0,0.0,8.0,16.0,,,,,,,,,,,,,,,,,,,,,,,,,,,,,,
S000650,M00066,P0054,T005,28.0,4.0,9.0,4.0,4.0,1.0,0.0,8.0,11.0,4.0,2.0,6.0,9.0,27.0,,,,,,,,,,,,,,,,,,,,,,,,,,,,,,
S000651,M00066,P0058,T005,28.0,26.0,12.0,12.0,5.0,2.0,6.0,9.0,17.0,0.0,8.0,4.0,2.0,22.0,,,,,,,,,,,,,,,,,,,,,,,,,,,,,,
S000652,M00066,P0059,T005,35.0,23.0,12.0,10.0,4.0,1.0,1.0,6.0,6.0,2.0,0.0,8.0,4.0,23.0,,,,,,,,,,,,,,,,,,,,,,,,,,,,,,
S000653,M00066,P0060,T005,29.0,12.0,5.0,3.0,0.0,1.0,6.0,4.0,12.0,6.0,2.0,6.0,6.0,23.0,,,,,,,,,,,,,,,,,,,,,,,,,,,,,,
S000654,M00066,P0053,T005,27.0,3.0,13.0,9.0,5.0,0.0,4.0,8.0,7.0,3.0,10.0,1.0,7.0,29.0,,,,,,,,,,,,,,,,,,,,,,,,,,,,,,
S000655,M00066,P0062,T005,23.0,1.0,14.0,2.0,5.0,1.0,2.0,9.0,10.0,4.0,9.0,3.0,5.0,26.0,,,,,,,,,,,,,,,,,,,,,,,,,,,,,,
S000656,M00066,P0051,T005,31.0,23.0,7.0,8.0,1.0,4.0,6.0,1.0,12.0,6.0,0.0,5.0,6.0,33.0,,,,,,,,,,,,,,,,,,,,,,,,,,,,,,
S000657,M00067,P0011,T001,35.0,9.0,12.0,9.0,2.0,4.0,5.0,3.0,16.0,5.0,4.0,1.0,8.0,17.0,,,,,,,,,,,,,,,,,,,,,,,,,,,,,,
S000658,M00067,P0002,T001,28.0,24.0,11.0,6.0,5.0,0.0,6.0,4.0,3.0,4.0,7.0,6.0,1.0,26.0,,,,,,,,,,,,,,,,,,,,,,,,,,,,,,
S000659,M00067,P0003,T001,36.0,9.0,6.0,12.0,4.0,2.0,4.0,6.0,6.0,2.0,3.0,4.0,6.0,22.0,,,,,,,,,,,,,,,,,,,,,,,,,,,,,,
S000660,M00067,P0010,T001,14.0,15.0,9.0,8.0,2.0,0.0,6.0,1.0,8.0,3.0,3.0,0.0,0.0,26.0,,,,,,,,,,,,,,,,,,,,,,,,,,,,,,
S000661,M00067,P0007,T001,37.0,32.0,13.0,9.0,3.0,3.0,0.0,1.0,6.0,6.0,6.0,8.0,3.0,7.0,,,,,,,,,,,,,,,,,,,,,,,,,,,,,,
S000662,M00067,P0006,T001,12.0,12.0,10.0,0.0,0.0,0.0,3.0,9.0,4.0,4.0,10.0,4.0,1.0,14.0,,,,,,,,,,,,,,,,,,,,,,,,,,,,,,
S000663,M00067,P0001,T001,30.0,4.0,10.0,0.0,3.0,3.0,6.0,3.0,19.0,1.0,9.0,7.0,10.0,18.0,,,,,,,,,,,,,,,,,,,,,,,,,,,,,,
S000664,M00067,P0005,T001,30.0,9.0,1.0,11.0,2.0,1.0,5.0,5.0,11.0,0.0,7.0,7.0,7.0,24.0,,,,,,,,,,,,,,,,,,,,,,,,,,,,,,
S000665,M00067,P0068,T006,31.0,8.0,4.0,5.0,0.0,4.0,6.0,2.0,18.0,5.0,10.0,7.0,6.0,34.0,,,,,,,,,,,,,,,,,,,,,,,,,,,,,,
S000666,M00067,P0070,T006,11.0,10.0,2.0,12.0,2.0,0.0,3.0,9.0,20.0,2.0,1.0,3.0,3.0,11.0,,,,,,,,,,,,,,,,,,,,,,,,,,,,,,
S000667,M00067,P0066,T006,24.0,14.0,2.0,2.0,2.0,2.0,5.0,3.0,9.0,2.0,6.0,1.0,7.0,22.0,,,,,,,,,,,,,,,,,,,,,,,,,,,,,,
S000668,M00067,P0064,T006,39.0,5.0,14.0,0.0,1.0,1.0,5.0,2.0,5.0,4.0,2.0,0.0,6.0,8.0,,,,,,,,,,,,,,,,,,,,,,,,,,,,,,
S000669,M00067,P0071,T006,17.0,27.0,7.0,8.0,5.0,2.0,1.0,8.0,18.0,4.0,9.0,5.0,6.0,8.0,,,,,,,,,,,,,,,,,,,,,,,,,,,,,,
S000670,M00067,P0076,T006,16.0,13.0,14.0,1.0,5.0,4.0,2.0,5.0,11.0,4.0,0.0,2.0,9.0,15.0,,,,,,,,,,,,,,,,,,,,,,,,,,,,,,
S000671,M00067,P0077,T006,11.0,9.0,12.0,4.0,4.0,0.0,6.0,2.0,16.0,2.0,4.0,0.0,3.0,19.0,,,,,,,,,,,,,,,,,,,,,,,,,,,,,,
S000672,M00067,P0072,T006,16.0,16.0,3.0,6.0,3.0,4.0,0.0,3.0,17.0,5.0,7.0,8.0,2.0,34.0,,,,,,,,,,,,,,,,,,,,,,,,,,,,,,
S000673,M00070,P0053,T005,27.0,11.0,3.0,10.0,1.0,2.0,4.0,7.0,8.0,4.0,8.0,5.0,7.0,30.0,,,,,,,,,,,,,,,,,,,,,,,,,,,,,,
S000674,M00070,P0052,T005,33.0,28.0,7.0,12.0,3.0,1.0,6.0,9.0,10.0,0.0,8.0,2.0,8.0,26.0,,,,,,,,,,,,,,,,,,,,,,,,,,,,,,
S000675,M00070,P0051,T005,20.0,26.0,0.0,5.0,1.0,4.0,6.0,8.0,3.0,3.0,9.0,8.0,10.0,18.0,,,,,,,,,,,,,,,,,,,,,,,,,,,,,,
S000676,M00070,P0063,T005,22.0,7.0,14.0,7.0,5.0,0.0,3.0,8.0,10.0,3.0,8.0,2.0,0.0,16.0,,,,,,,,,,,,,,,,,,,,,,,,,,,,,,
S000677,M00070,P0062,T005,34.0,0.0,12.0,8.0,1.0,0.0,5.0,3.0,8.0,1.0,10.0,5.0,5.0,26.0,,,,,,,,,,,,,,,,,,,,,,,,,,,,,,
S000678,M00070,P0058,T005,15.0,5.0,12.0,10.0,5.0,2.0,0.0,6.0,20.0,3.0,1.0,4.0,6.0,23.0,,,,,,,,,,,,,,,,,,,,,,,,,,,,,,
S000679,M00070,P0057,T005,14.0,4.0,5.0,1.0,4.0,1.0,2.0,10.0,15.0,3.0,9.0,0.0,8.0,23.0,,,,,,,,,,,,,,,,,,,,,,,,,,,,,,
S000680,M00070,P0055,T005,27.0,17.0,7.0,6.0,4.0,4.0,4.0,5.0,20.0,6.0,0.0,2.0,2.0,33.0,,,,,,,,,,,,,,,,,,,,,,,,,,,,,,
S000681,M00070,P0001,T001,32.0,16.0,9.0,10.0,1.0,2.0,4.0,6.0,19.0,4.0,10.0,1.0,10.0,7.0,,,,,,,,,,,,,,,,,,,,,,,,,,,,,,
S000682,M00070,P0006,T001,19.0,22.0,14.0,10.0,4.0,4.0,3.0,1.0,17.0,0.0,5.0,2.0,3.0,33.0,,,,,,,,,,,,,,,,,,,,,,,,,,,,,,
S000683,M00070,P0013,T001,27.0,25.0,14.0,6.0,3.0,1.0,4.0,3.0,3.0,4.0,7.0,4.0,6.0,29.0,,,,,,,,,,,,,,,,,,,,,,,,,,,,,,
S000684,M00070,P0010,T001,12.0,4.0,14.0,7.0,4.0,4.0,3.0,7.0,20.0,1.0,9.0,6.0,8.0,20.0,,,,,,,,,,,,,,,,,,,,,,,,,,,,,,
S000685,M00070,P0004,T001,32.0,9.0,4.0,5.0,4.0,4.0,1.0,8.0,4.0,6.0,10.0,8.0,5.0,26.0,,,,,,,,,,,,,,,,,,,,,,,,,,,,,,
S000686,M00070,P0007,T001,26.0,0.0,12.0,10.0,1.0,1.0,2.0,1.0,11.0,0.0,10.0,5.0,6.0,17.0,,,,,,,,,,,,,,,,,,,,,,,,,,,,,,
S000687,M00070,P0012,T001,33.0,21.0,14.0,9.0,0.0,0.0,5.0,2.0,8.0,2.0,8.0,2.0,5.0,32.0,,,,,,,,,,,,,,,,,,,,,,,,,,,,,,
S000688,M00070,P0005,T001,21.0,17.0,8.0,2.0,4.0,3.0,3.0,10.0,15.0,1.0,2.0,5.0,9.0,14.0,,,,,,,,,,,,,,,,,,,,,,,,,,,,,,
S000689,M00071,P0093,T008,36.0,14.0,6.0,8.0,4.0,0.0,2.0,7.0,8.0,2.0,1.0,5.0,2.0,22.0,,,,,,,,,,,,,,,,,,,,,,,,,,,,,,
S000690,M00071,P0101,T008,34.0,21.0,15.0,2.0,2.0,3.0,1.0,10.0,8.0,3.0,9.0,3.0,3.0,15.0,,,,,,,,,,,,,,,,,,,,,,,,,,,,,,
S000691,M00071,P0094,T008,26.0,23.0,3.0,3.0,4.0,0.0,4.0,7.0,14.0,2.0,0.0,7.0,8.0,13.0,,,,,,,,,,,,,,,,,,,,,,,,,,,,,,
S000692,M00071,P0103,T008,40.0,24.0,10.0,0.0,4.0,2.0,6.0,8.0,12.0,6.0,4.0,3.0,0.0,11.0,,,,,,,,,,,,,,,,,,,,,,,,,,,,,,
S000693,M00071,P0099,T008,19.0,7.0,2.0,1.0,3.0,4.0,3.0,3.0,4.0,1.0,8.0,5.0,9.0,12.0,,,,,,,,,,,,,,,,,,,,,,,,,,,,,,
S000694,M00071,P0095,T008,18.0,2.0,2.0,5.0,1.0,3.0,2.0,2.0,13.0,2.0,7.0,1.0,5.0,31.0,,,,,,,,,,,,,,,,,,,,,,,,,,,,,,
S000695,M00071,P0097,T008,20.0,12.0,3.0,3.0,5.0,1.0,2.0,10.0,9.0,6.0,6.0,7.0,8.0,8.0,,,,,,,,,,,,,,,,,,,,,,,,,,,,,,
S000696,M00071,P0102,T008,17.0,27.0,14.0,5.0,0.0,0.0,4.0,5.0,7.0,5.0,10.0,1.0,4.0,35.0,,,,,,,,,,,,,,,,,,,,,,,,,,,,,,
S000697,M00071,P0080,T007,40.0,7.0,15.0,8.0,0.0,4.0,5.0,3.0,18.0,0.0,4.0,5.0,2.0,12.0,,,,,,,,,,,,,,,,,,,,,,,,,,,,,,
S000698,M00071,P0079,T007,37.0,32.0,11.0,6.0,1.0,1.0,2.0,9.0,16.0,3.0,0.0,5.0,9.0,21.0,,,,,,,,,,,,,,,,,,,,,,,,,,,,,,
S000699,M00071,P0084,T007,23.0,28.0,14.0,4.0,2.0,1.0,1.0,8.0,13.0,4.0,5.0,4.0,8.0,25.0,,,,,,,,,,,,,,,,,,,,,,,,,,,,,,
S000700,M00071,P0081,T007,20.0,27.0,11.0,12.0,2.0,4.0,2.0,3.0,19.0,1.0,4.0,1.0,1.0,30.0,,,,,,,,,,,,,,,,,,,,,,,,,,,,,,
S000701,M00071,P0086,T007,32.0,27.0,10.0,0.0,1.0,0.0,0.0,1.0,7.0,6.0,4.0,5.0,10.0,12.0,,,,,,,,,,,,,,,,,,,,,,,,,,,,,,
S000702,M00071,P0082,T007,28.0,14.0,2.0,3.0,1.0,0.0,6.0,6.0,13.0,0.0,3.0,0.0,5.0,15.0,,,,,,,,,,,,,,,,,,,,,,,,,,,,,,
S000703,M00071,P0083,T007,25.0,2.0,6.0,10.0,5.0,3.0,4.0,3.0,6.0,2.0,4.0,4.0,8.0,21.0,,,,,,,,,,,,,,,,,,,,,,,,,,,,,,
S000704,M00071,P0088,T007,29.0,24.0,12.0,9.0,4.0,3.0,1.0,8.0,10.0,3.0,7.0,7.0,4.0,25.0,,,,,,,,,,,,,,,,,,,,,,,,,,,,,,
S000705,M00075,P0020,T002,19.0,13.0,2.0,8.0,1.0,1.0,5.0,9.0,6.0,5.0,2.0,3.0,1.0,9.0,,,,,,,,,,,,,,,,,,,,,,,,,,,,,,
S000706,M00075,P0016,T002,16.0,9.0,0.0,10.0,2.0,4.0,0.0,1.0,15.0,5.0,0.0,1.0,8.0,12.0,,,,,,,,,,,,,,,,,,,,,,,,,,,,,,
S000707,M00075,P0014,T002,23.0,16.0,15.0,2.0,1.0,4.0,3.0,6.0,3.0,4.0,2.0,7.0,6.0,21.0,,,,,,,,,,,,,,,,,,,,,,,,,,,,,,
S000708,M00075,P0023,T002,32.0,5.0,14.0,2.0,1.0,2.0,3.0,8.0,13.0,2.0,5.0,8.0,10.0,13.0,,,,,,,,,,,,,,,,,,,,,,,,,,,,,,
S000709,M00075,P0021,T002,25.0,8.0,12.0,2.0,4.0,0.0,2.0,3.0,5.0,4.0,10.0,7.0,6.0,33.0,,,,,,,,,,,,,,,,,,,,,,,,,,,,,,
S000710,M00075,P0018,T002,31.0,35.0,7.0,11.0,0.0,3.0,0.0,9.0,8.0,5.0,7.0,1.0,10.0,20.0,,,,,,,,,,,,,,,,,,,,,,,,,,,,,,
S000711,M00075,P0015,T002,15.0,4.0,14.0,10.0,1.0,1.0,3.0,4.0,8.0,6.0,0.0,5.0,2.0,10.0,,,,,,,,,,,,,,,,,,,,,,,,,,,,,,
S000712,M00075,P0024,T002,14.0,13.0,13.0,2.0,0.0,3.0,6.0,6.0,5.0,5.0,4.0,3.0,8.0,22.0,,,,,,,,,,,,,,,,,,,,,,,,,,,,,,
S000713,M00075,P0093,T008,37.0,34.0,6.0,5.0,4.0,2.0,2.0,7.0,6.0,3.0,10.0,7.0,7.0,12.0,,,,,,,,,,,,,,,,,,,,,,,,,,,,,,
S000714,M00075,P0094,T008,15.0,25.0,9.0,3.0,0.0,4.0,2.0,5.0,11.0,4.0,7.0,1.0,2.0,33.0,,,,,,,,,,,,,,,,,,,,,,,,,,,,,,
S000715,M00075,P0103,T008,24.0,28.0,0.0,2.0,4.0,1.0,3.0,2.0,8.0,0.0,5.0,3.0,10.0,33.0,,,,,,,,,,,,,,,,,,,,,,,,,,,,,,
S000716,M00075,P0096,T008,29.0,29.0,15.0,11.0,0.0,1.0,3.0,6.0,7.0,4.0,8.0,8.0,3.0,9.0,,,,,,,,,,,,,,,,,,,,,,,,,,,,,,
S000717,M00075,P0100,T008,14.0,1.0,3.0,2.0,2.0,3.0,5.0,1.0,20.0,1.0,2.0,0.0,0.0,13.0,,,,,,,,,,,,,,,,,,,,,,,,,,,,,,
S000718,M00075,P0102,T008,34.0,35.0,15.0,9.0,5.0,3.0,4.0,9.0,19.0,6.0,9.0,7.0,5.0,26.0,,,,,,,,,,,,,,,,,,,,,,,,,,,,,,
S000719,M00075,P0097,T008,16.0,23.0,11.0,2.0,1.0,4.0,3.0,1.0,4.0,1.0,0.0,4.0,4.0,12.0,,,,,,,,,,,,,,,,,,,,,,,,,,,,,,
S000720,M00075,P0095,T008,39.0,24.0,2.0,9.0,4.0,2.0,0.0,8.0,5.0,2.0,2.0,3.0,9.0,33.0,,,,,,,,,,,,,,,,,,,,,,,,,,,,,,
S000721,M00076,P0002,T001,12.0,19.0,6.0,7.0,2.0,4.0,1.0,1.0,9.0,0.0,9.0,6.0,7.0,7.0,,,,,,,,,,,,,,,,,,,,,,,,,,,,,,
S000722,M00076,P0001,T001,16.0,31.0,2.0,9.0,0.0,1.0,3.0,1.0,7.0,5.0,2.0,1.0,3.0,10.0,,,,,,,,,,,,,,,,,,,,,,,,,,,,,,
S000723,M00076,P0003,T001,13.0,29.0,13.0,7.0,5.0,1.0,0.0,2.0,5.0,0.0,1.0,6.0,6.0,8.0,,,,,,,,,,,,,,,,,,,,,,,,,,,,,,
S000724,M00076,P0010,T001,14.0,11.0,1.0,1.0,4.0,0.0,3.0,3.0,13.0,5.0,8.0,7.0,3.0,11.0,,,,,,,,,,,,,,,,,,,,,,,,,,,,,,
S000725,M00076,P0011,T001,39.0,13.0,1.0,4.0,4.0,1.0,3.0,7.0,13.0,1.0,8.0,0.0,10.0,10.0,,,,,,,,,,,,,,,,,,,,,,,,,,,,,,
S000726,M00076,P0006,T001,24.0,19.0,3.0,2.0,2.0,1.0,0.0,2.0,12.0,0.0,8.0,6.0,10.0,21.0,,,,,,,,,,,,,,,,,,,,,,,,,,,,,,
S000727,M00076,P0008,T001,14.0,21.0,0.0,9.0,5.0,2.0,1.0,3.0,12.0,3.0,2.0,0.0,9.0,11.0,,,,,,,,,,,,,,,,,,,,,,,,,,,,,,
S000728,M00076,P0012,T001,32.0,23.0,11.0,11.0,3.0,0.0,6.0,1.0,9.0,5.0,10.0,5.0,2.0,29.0,,,,,,,,,,,,,,,,,,,,,,,,,,,,,,
S000729,M00076,P0062,T005,14.0,17.0,6.0,6.0,2.0,4.0,2.0,9.0,14.0,3.0,4.0,2.0,3.0,32.0,,,,,,,,,,,,,,,,,,,,,,,,,,,,,,
S000730,M00076,P0060,T005,10.0,16.0,2.0,11.0,1.0,0.0,1.0,8.0,4.0,3.0,1.0,5.0,9.0,10.0,,,,,,,,,,,,,,,,,,,,,,,,,,,,,,
S000731,M00076,P0058,T005,25.0,14.0,15.0,4.0,0.0,1.0,4.0,10.0,4.0,3.0,1.0,6.0,6.0,32.0,,,,,,,,,,,,,,,,,,,,,,,,,,,,,,
S000732,M00076,P0051,T005,28.0,1.0,13.0,3.0,1.0,1.0,6.0,5.0,19.0,5.0,1.0,5.0,5.0,13.0,,,,,,,,,,,,,,,,,,,,,,,,,,,,,,
S000733,M00076,P0052,T005,40.0,10.0,0.0,3.0,5.0,2.0,0.0,4.0,4.0,0.0,0.0,5.0,6.0,35.0,,,,,,,,,,,,,,,,,,,,,,,,,,,,,,
S000734,M00076,P0054,T005,25.0,28.0,11.0,6.0,2.0,4.0,0.0,6.0,17.0,4.0,10.0,5.0,5.0,14.0,,,,,,,,,,,,,,,,,,,,,,,,,,,,,,
S000735,M00076,P0061,T005,23.0,11.0,7.0,4.0,3.0,0.0,1.0,5.0,17.0,3.0,0.0,1.0,0.0,22.0,,,,,,,,,,,,,,,,,,,,,,,,,,,,,,
S000736,M00076,P0063,T005,11.0,7.0,3.0,0.0,1.0,0.0,6.0,7.0,20.0,1.0,1.0,7.0,6.0,13.0,,,,,,,,,,,,,,,,,,,,,,,,,,,,,,
S000737,M00079,P0049,T004,10.0,33.0,3.0,12.0,5.0,2.0,3.0,2.0,7.0,4.0,0.0,1.0,5.0,27.0,,,,,,,,,,,,,,,,,,,,,,,,,,,,,,
S000738,M00079,P0038,T004,11.0,29.0,2.0,3.0,4.0,0.0,3.0,8.0,6.0,1.0,0.0,7.0,3.0,15.0,,,,,,,,,,,,,,,,,,,,,,,,,,,,,,
S000739,M00079,P0044,T004,12.0,3.0,9.0,5.0,4.0,2.0,3.0,5.0,9.0,6.0,6.0,2.0,1.0,27.0,,,,,,,,,,,,,,,,,,,,,,,,,,,,,,
S000740,M00079,P0039,T004,16.0,1.0,0.0,9.0,3.0,1.0,2.0,9.0,19.0,5.0,5.0,7.0,6.0,27.0,,,,,,,,,,,,,,,,,,,,,,,,,,,,,,
S000741,M00079,P0043,T004,23.0,16.0,15.0,0.0,1.0,0.0,4.0,1.0,13.0,1.0,10.0,3.0,9.0,17.0,,,,,,,,,,,,,,,,,,,,,,,,,,,,,,
S000742,M00079,P0045,T004,15.0,28.0,8.0,6.0,3.0,3.0,6.0,3.0,5.0,2.0,9.0,1.0,8.0,12.0,,,,,,,,,,,,,,,,,,,,,,,,,,,,,,
S000743,M00079,P0037,T004,36.0,8.0,15.0,0.0,0.0,0.0,2.0,7.0,16.0,3.0,1.0,4.0,5.0,25.0,,,,,,,,,,,,,,,,,,,,,,,,,,,,,,
S000744,M00079,P0041,T004,28.0,1.0,2.0,12.0,0.0,0.0,3.0,10.0,18.0,5.0,7.0,1.0,4.0,6.0,,,,,,,,,,,,,,,,,,,,,,,,,,,,,,
S000745,M00079,P0025,T003,34.0,17.0,0.0,5.0,1.0,0.0,2.0,3.0,4.0,2.0,9.0,8.0,0.0,30.0,,,,,,,,,,,,,,,,,,,,,,,,,,,,,,
S000746,M00079,P0035,T003,28.0,19.0,15.0,6.0,4.0,4.0,3.0,4.0,5.0,1.0,7.0,7.0,10.0,8.0,,,,,,,,,,,,,,,,,,,,,,,,,,,,,,
S000747,M00079,P0029,T003,36.0,26.0,12.0,9.0,4.0,2.0,0.0,7.0,15.0,0.0,2.0,3.0,7.0,14.0,,,,,,,,,,,,,,,,,,,,,,,,,,,,,,
S000748,M00079,P0028,T003,40.0,3.0,15.0,7.0,4.0,2.0,1.0,4.0,8.0,6.0,5.0,6.0,2.0,11.0,,,,,,,,,,,,,,,,,,,,,,,,,,,,,,
S000749,M00079,P0026,T003,33.0,32.0,9.0,9.0,4.0,0.0,4.0,8.0,3.0,0.0,4.0,2.0,6.0,32.0,,,,,,,,,,,,,,,,,,,,,,,,,,,,,,
S000750,M00079,P0031,T003,40.0,8.0,0.0,3.0,3.0,0.0,4.0,8.0,20.0,6.0,2.0,1.0,1.0,18.0,,,,,,,,,,,,,,,,,,,,,,,,,,,,,,
S000751,M00079,P0030,T003,11.0,10.0,0.0,10.0,5.0,2.0,0.0,9.0,5.0,1.0,5.0,8.0,9.0,21.0,,,,,,,,,,,,,,,,,,,,,,,,,,,,,,
S000752,M00079,P0034,T003,38.0,28.0,4.0,1.0,0.0,3.0,0.0,9.0,19.0,5.0,9.0,4.0,10.0,21.0,,,,,,,,,,,,,,,,,,,,,,,,,,,,,,
S000753,M00080,P0025,T003,15.0,7.0,14.0,5.0,4.0,4.0,5.0,4.0,17.0,4.0,5.0,7.0,0.0,22.0,,,,,,,,,,,,,,,,,,,,,,,,,,,,,,
S000754,M00080,P0026,T003,15.0,3.0,0.0,4.0,4.0,0.0,3.0,8.0,13.0,3.0,10.0,1.0,2.0,31.0,,,,,,,,,,,,,,,,,,,,,,,,,,,,,,
S000755,M00080,P0033,T003,16.0,24.0,2.0,4.0,4.0,3.0,0.0,2.0,8.0,4.0,7.0,4.0,2.0,24.0,,,,,,,,,,,,,,,,,,,,,,,,,,,,,,
S000756,M00080,P0031,T003,31.0,27.0,4.0,7.0,5.0,3.0,4.0,8.0,4.0,2.0,0.0,5.0,3.0,27.0,,,,,,,,,,,,,,,,,,,,,,,,,,,,,,
S000757,M00080,P0029,T003,13.0,16.0,2.0,12.0,4.0,3.0,0.0,6.0,16.0,0.0,7.0,8.0,10.0,12.0,,,,,,,,,,,,,,,,,,,,,,,,,,,,,,
S000758,M00080,P0027,T003,15.0,31.0,9.0,10.0,5.0,4.0,4.0,4.0,13.0,5.0,6.0,5.0,1.0,29.0,,,,,,,,,,,,,,,,,,,,,,,,,,,,,,
S000759,M00080,P0032,T003,39.0,29.0,12.0,2.0,2.0,0.0,4.0,7.0,12.0,6.0,9.0,6.0,6.0,22.0,,,,,,,,,,,,,,,,,,,,,,,,,,,,,,
S000760,M00080,P0035,T003,17.0,16.0,13.0,0.0,2.0,3.0,4.0,5.0,7.0,0.0,7.0,0.0,2.0,22.0,,,,,,,,,,,,,,,,,,,,,,,,,,,,,,
S000761,M00080,P0042,T004,30.0,26.0,8.0,8.0,4.0,1.0,0.0,9.0,10.0,2.0,8.0,6.0,8.0,27.0,,,,,,,,,,,,,,,,,,,,,,,,,,,,,,
S000762,M00080,P0038,T004,26.0,14.0,1.0,6.0,1.0,2.0,3.0,8.0,7.0,6.0,8.0,7.0,9.0,23.0,,,,,,,,,,,,,,,,,,,,,,,,,,,,,,
S000763,M00080,P0043,T004,12.0,27.0,0.0,9.0,0.0,0.0,2.0,2.0,9.0,6.0,1.0,3.0,5.0,26.0,,,,,,,,,,,,,,,,,,,,,,,,,,,,,,
S000764,M00080,P0039,T004,34.0,10.0,6.0,11.0,3.0,0.0,1.0,4.0,18.0,5.0,6.0,0.0,5.0,10.0,,,,,,,,,,,,,,,,,,,,,,,,,,,,,,
S000765,M00080,P0047,T004,17.0,2.0,8.0,5.0,4.0,4.0,0.0,7.0,13.0,6.0,0.0,2.0,5.0,34.0,,,,,,,,,,,,,,,,,,,,,,,,,,,,,,
S000766,M00080,P0050,T004,40.0,17.0,9.0,7.0,1.0,2.0,0.0,10.0,6.0,3.0,5.0,0.0,3.0,27.0,,,,,,,,,,,,,,,,,,,,,,,,,,,,,,
S000767,M00080,P0040,T004,19.0,17.0,0.0,12.0,4.0,3.0,3.0,2.0,18.0,6.0,7.0,1.0,8.0,9.0,,,,,,,,,,,,,,,,,,,,,,,,,,,,,,
S000768,M00080,P0048,T004,32.0,16.0,1.0,8.0,4.0,0.0,6.0,7.0,17.0,6.0,8.0,2.0,1.0,13.0,,,,,,,,,,,,,,,,,,,,,,,,,,,,,,
S000769,M00081,P0038,T004,20.0,11.0,12.0,10.0,3.0,2.0,4.0,7.0,20.0,4.0,3.0,6.0,9.0,22.0,,,,,,,,,,,,,,,,,,,,,,,,,,,,,,
S000770,M00081,P0044,T004,24.0,19.0,12.0,9.0,2.0,0.0,2.0,6.0,11.0,2.0,10.0,0.0,1.0,8.0,,,,,,,,,,,,,,,,,,,,,,,,,,,,,,
S000771,M00081,P0041,T004,29.0,8.0,5.0,0.0,5.0,3.0,2.0,4.0,15.0,5.0,0.0,5.0,1.0,7.0,,,,,,,,,,,,,,,,,,,,,,,,,,,,,,
S000772,M00081,P0043,T004,25.0,5.0,13.0,10.0,5.0,0.0,1.0,10.0,20.0,6.0,8.0,6.0,3.0,18.0,,,,,,,,,,,,,,,,,,,,,,,,,,,,,,
S000773,M00081,P0045,T004,20.0,15.0,13.0,11.0,5.0,1.0,0.0,9.0,11.0,2.0,5.0,0.0,6.0,20.0,,,,,,,,,,,,,,,,,,,,,,,,,,,,,,
S000774,M00081,P0050,T004,10.0,3.0,0.0,9.0,5.0,4.0,2.0,3.0,12.0,4.0,9.0,4.0,2.0,6.0,,,,,,,,,,,,,,,,,,,,,,,,,,,,,,
S000775,M00081,P0040,T004,19.0,24.0,12.0,10.0,2.0,4.0,4.0,7.0,16.0,3.0,6.0,0.0,5.0,30.0,,,,,,,,,,,,,,,,,,,,,,,,,,,,,,
S000776,M00081,P0047,T004,23.0,16.0,5.0,0.0,2.0,2.0,3.0,6.0,18.0,6.0,7.0,5.0,8.0,33.0,,,,,,,,,,,,,,,,,,,,,,,,,,,,,,
S000777,M00081,P0051,T005,35.0,1.0,13.0,2.0,1.0,2.0,2.0,7.0,15.0,6.0,2.0,2.0,6.0,15.0,,,,,,,,,,,,,,,,,,,,,,,,,,,,,,
S000778,M00081,P0060,T005,32.0,18.0,1.0,1.0,3.0,2.0,4.0,10.0,14.0,1.0,0.0,0.0,10.0,18.0,,,,,,,,,,,,,,,,,,,,,,,,,,,,,,
S000779,M00081,P0058,T005,15.0,11.0,3.0,2.0,1.0,2.0,1.0,8.0,16.0,3.0,10.0,7.0,4.0,17.0,,,,,,,,,,,,,,,,,,,,,,,,,,,,,,
S000780,M00081,P0055,T005,14.0,20.0,2.0,6.0,0.0,0.0,0.0,3.0,11.0,5.0,1.0,1.0,5.0,34.0,,,,,,,,,,,,,,,,,,,,,,,,,,,,,,
S000781,M00081,P0056,T005,37.0,32.0,8.0,8.0,4.0,3.0,0.0,1.0,20.0,0.0,1.0,7.0,9.0,21.0,,,,,,,,,,,,,,,,,,,,,,,,,,,,,,
S000782,M00081,P0054,T005,22.0,30.0,15.0,8.0,1.0,1.0,6.0,2.0,8.0,4.0,9.0,5.0,7.0,34.0,,,,,,,,,,,,,,,,,,,,,,,,,,,,,,
S000783,M00081,P0052,T005,35.0,0.0,8.0,7.0,1.0,3.0,6.0,5.0,8.0,5.0,6.0,1.0,2.0,28.0,,,,,,,,,,,,,,,,,,,,,,,,,,,,,,
S000784,M00081,P0062,T005,13.0,10.0,1.0,3.0,4.0,2.0,1.0,8.0,13.0,1.0,6.0,5.0,9.0,28.0,,,,,,,,,,,,,,,,,,,,,,,,,,,,,,
S000785,M00087,P0007,T001,15.0,23.0,8.0,8.0,1.0,2.0,1.0,2.0,20.0,5.0,3.0,8.0,5.0,33.0,,,,,,,,,,,,,,,,,,,,,,,,,,,,,,
S000786,M00087,P0009,T001,18.0,23.0,8.0,0.0,0.0,3.0,2.0,5.0,14.0,2.0,10.0,7.0,5.0,28.0,,,,,,,,,,,,,,,,,,,,,,,,,,,,,,
S000787,M00087,P0001,T001,14.0,12.0,2.0,1.0,1.0,1.0,1.0,8.0,12.0,6.0,8.0,7.0,10.0,35.0,,,,,,,,,,,,,,,,,,,,,,,,,,,,,,
S000788,M00087,P0008,T001,29.0,5.0,14.0,7.0,3.0,1.0,1.0,5.0,8.0,3.0,2.0,0.0,3.0,32.0,,,,,,,,,,,,,,,,,,,,,,,,,,,,,,
S000789,M00087,P0012,T001,36.0,35.0,12.0,10.0,1.0,0.0,3.0,6.0,3.0,5.0,8.0,0.0,1.0,24.0,,,,,,,,,,,,,,,,,,,,,,,,,,,,,,
S000790,M00087,P0006,T001,35.0,24.0,7.0,0.0,2.0,2.0,5.0,4.0,4.0,3.0,9.0,3.0,5.0,28.0,,,,,,,,,,,,,,,,,,,,,,,,,,,,,,
S000791,M00087,P0013,T001,27.0,32.0,4.0,4.0,4.0,1.0,2.0,4.0,12.0,0.0,0.0,1.0,8.0,7.0,,,,,,,,,,,,,,,,,,,,,,,,,,,,,,
S000792,M00087,P0010,T001,32.0,25.0,14.0,7.0,4.0,2.0,4.0,2.0,16.0,2.0,2.0,4.0,4.0,13.0,,,,,,,,,,,,,,,,,,,,,,,,,,,,,,
S000793,M00087,P0024,T002,36.0,34.0,11.0,11.0,0.0,3.0,4.0,10.0,9.0,3.0,8.0,1.0,0.0,25.0,,,,,,,,,,,,,,,,,,,,,,,,,,,,,,
S000794,M00087,P0019,T002,31.0,20.0,7.0,10.0,4.0,0.0,1.0,9.0,17.0,4.0,8.0,4.0,8.0,28.0,,,,,,,,,,,,,,,,,,,,,,,,,,,,,,
S000795,M00087,P0018,T002,22.0,27.0,4.0,12.0,5.0,4.0,0.0,5.0,13.0,3.0,9.0,2.0,7.0,8.0,,,,,,,,,,,,,,,,,,,,,,,,,,,,,,
S000796,M00087,P0022,T002,18.0,28.0,4.0,4.0,3.0,1.0,0.0,2.0,20.0,5.0,6.0,4.0,2.0,13.0,,,,,,,,,,,,,,,,,,,,,,,,,,,,,,
S000797,M00087,P0017,T002,14.0,13.0,7.0,9.0,3.0,1.0,4.0,4.0,10.0,4.0,1.0,2.0,1.0,25.0,,,,,,,,,,,,,,,,,,,,,,,,,,,,,,
S000798,M00087,P0014,T002,31.0,35.0,15.0,0.0,3.0,1.0,4.0,4.0,8.0,4.0,8.0,0.0,9.0,22.0,,,,,,,,,,,,,,,,,,,,,,,,,,,,,,
S000799,M00087,P0021,T002,39.0,13.0,5.0,2.0,0.0,0.0,6.0,2.0,3.0,1.0,3.0,2.0,0.0,5.0,,,,,,,,,,,,,,,,,,,,,,,,,,,,,,
S000800,M00087,P0015,T002,12.0,33.0,12.0,7.0,3.0,3.0,0.0,1.0,3.0,4.0,10.0,8.0,10.0,20.0,,,,,,,,,,,,,,,,,,,,,,,,,,,,,,
S000801,M00088,P0075,T006,21.0,24.0,2.0,4.0,0.0,1.0,4.0,5.0,13.0,5.0,3.0,1.0,9.0,21.0,,,,,,,,,,,,,,,,,,,,,,,,,,,,,,
S000802,M00088,P0070,T006,34.0,3.0,15.0,4.0,3.0,4.0,5.0,3.0,9.0,2.0,4.0,6.0,9.0,15.0,,,,,,,,,,,,,,,,,,,,,,,,,,,,,,
S000803,M00088,P0065,T006,36.0,6.0,1.0,0.0,1.0,0.0,3.0,7.0,8.0,0.0,5.0,4.0,5.0,35.0,,,,,,,,,,,,,,,,,,,,,,,,,,,,,,
S000804,M00088,P0064,T006,33.0,24.0,14.0,1.0,2.0,0.0,5.0,1.0,16.0,3.0,10.0,6.0,6.0,13.0,,,,,,,,,,,,,,,,,,,,,,,,,,,,,,
S000805,M00088,P0072,T006,12.0,4.0,0.0,10.0,3.0,2.0,2.0,2.0,5.0,5.0,3.0,4.0,0.0,30.0,,,,,,,,,,,,,,,,,,,,,,,,,,,,,,
S000806,M00088,P0076,T006,24.0,34.0,10.0,1.0,3.0,4.0,6.0,10.0,11.0,6.0,9.0,7.0,0.0,21.0,,,,,,,,,,,,,,,,,,,,,,,,,,,,,,
S000807,M00088,P0068,T006,29.0,0.0,11.0,12.0,4.0,1.0,3.0,7.0,20.0,1.0,4.0,8.0,2.0,17.0,,,,,,,,,,,,,,,,,,,,,,,,,,,,,,
S000808,M00088,P0067,T006,27.0,25.0,5.0,6.0,4.0,3.0,6.0,1.0,19.0,1.0,8.0,6.0,8.0,22.0,,,,,,,,,,,,,,,,,,,,,,,,,,,,,,
S000809,M00088,P0099,T008,12.0,23.0,0.0,5.0,4.0,3.0,1.0,6.0,17.0,6.0,1.0,7.0,6.0,5.0,,,,,,,,,,,,,,,,,,,,,,,,,,,,,,
S000810,M00088,P0101,T008,32.0,15.0,4.0,0.0,0.0,1.0,3.0,6.0,17.0,6.0,10.0,8.0,9.0,22.0,,,,,,,,,,,,,,,,,,,,,,,,,,,,,,
S000811,M00088,P0100,T008,36.0,11.0,12.0,0.0,2.0,0.0,4.0,1.0,14.0,1.0,1.0,7.0,5.0,15.0,,,,,,,,,,,,,,,,,,,,,,,,,,,,,,
S000812,M00088,P0092,T008,26.0,20.0,3.0,7.0,3.0,3.0,2.0,2.0,7.0,3.0,4.0,6.0,9.0,10.0,,,,,,,,,,,,,,,,,,,,,,,,,,,,,,
S000813,M00088,P0098,T008,35.0,4.0,3.0,8.0,5.0,4.0,1.0,5.0,5.0,4.0,9.0,6.0,2.0,18.0,,,,,,,,,,,,,,,,,,,,,,,,,,,,,,
S000814,M00088,P0103,T008,18.0,11.0,5.0,2.0,4.0,3.0,2.0,9.0,5.0,3.0,0.0,4.0,5.0,13.0,,,,,,,,,,,,,,,,,,,,,,,,,,,,,,
S000815,M00088,P0097,T008,39.0,8.0,3.0,8.0,2.0,2.0,2.0,8.0,4.0,2.0,6.0,8.0,2.0,5.0,,,,,,,,,,,,,,,,,,,,,,,,,,,,,,
S000816,M00088,P0095,T008,37.0,9.0,4.0,5.0,3.0,0.0,5.0,10.0,3.0,5.0,0.0,1.0,10.0,17.0,,,,,,,,,,,,,,,,,,,,,,,,,,,,,,
S000817,M00090,P0040,T004,16.0,8.0,8.0,7.0,1.0,4.0,1.0,9.0,13.0,5.0,4.0,0.0,0.0,7.0,,,,,,,,,,,,,,,,,,,,,,,,,,,,,,
S000818,M00090,P0048,T004,25.0,33.0,5.0,2.0,5.0,2.0,5.0,8.0,10.0,0.0,2.0,6.0,1.0,17.0,,,,,,,,,,,,,,,,,,,,,,,,,,,,,,
S000819,M00090,P0042,T004,40.0,34.0,11.0,0.0,3.0,0.0,0.0,6.0,20.0,5.0,0.0,1.0,1.0,23.0,,,,,,,,,,,,,,,,,,,,,,,,,,,,,,
S000820,M00090,P0043,T004,21.0,0.0,5.0,7.0,0.0,0.0,2.0,3.0,16.0,0.0,0.0,5.0,3.0,35.0,,,,,,,,,,,,,,,,,,,,,,,,,,,,,,
S000821,M00090,P0041,T004,36.0,28.0,1.0,9.0,1.0,1.0,0.0,1.0,17.0,0.0,6.0,5.0,10.0,5.0,,,,,,,,,,,,,,,,,,,,,,,,,,,,,,
S000822,M00090,P0037,T004,10.0,30.0,8.0,11.0,5.0,0.0,4.0,10.0,12.0,4.0,5.0,4.0,3.0,30.0,,,,,,,,,,,,,,,,,,,,,,,,,,,,,,
S000823,M00090,P0044,T004,30.0,9.0,14.0,6.0,4.0,4.0,4.0,4.0,16.0,2.0,2.0,4.0,4.0,35.0,,,,,,,,,,,,,,,,,,,,,,,,,,,,,,
S000824,M00090,P0038,T004,25.0,7.0,13.0,11.0,0.0,4.0,6.0,9.0,7.0,3.0,3.0,4.0,8.0,7.0,,,,,,,,,,,,,,,,,,,,,,,,,,,,,,
S000825,M00090,P0094,T008,21.0,35.0,12.0,3.0,5.0,1.0,0.0,8.0,12.0,1.0,5.0,7.0,4.0,21.0,,,,,,,,,,,,,,,,,,,,,,,,,,,,,,
S000826,M00090,P0102,T008,34.0,15.0,10.0,2.0,3.0,4.0,0.0,7.0,11.0,4.0,6.0,0.0,6.0,19.0,,,,,,,,,,,,,,,,,,,,,,,,,,,,,,
S000827,M00090,P0092,T008,16.0,35.0,7.0,11.0,2.0,2.0,4.0,9.0,9.0,4.0,4.0,2.0,5.0,30.0,,,,,,,,,,,,,,,,,,,,,,,,,,,,,,
S000828,M00090,P0091,T008,17.0,24.0,9.0,6.0,1.0,4.0,0.0,6.0,13.0,0.0,7.0,7.0,4.0,27.0,,,,,,,,,,,,,,,,,,,,,,,,,,,,,,
S000829,M00090,P0095,T008,11.0,25.0,11.0,7.0,4.0,2.0,2.0,2.0,14.0,3.0,2.0,3.0,9.0,10.0,,,,,,,,,,,,,,,,,,,,,,,,,,,,,,
S000830,M00090,P0096,T008,33.0,0.0,1.0,8.0,2.0,2.0,0.0,1.0,18.0,5.0,4.0,0.0,10.0,24.0,,,,,,,,,,,,,,,,,,,,,,,,,,,,,,
S000831,M00090,P0100,T008,13.0,14.0,3.0,1.0,0.0,3.0,6.0,9.0,15.0,0.0,9.0,0.0,2.0,15.0,,,,,,,,,,,,,,,,,,,,,,,,,,,,,,
S000832,M00090,P0101,T008,35.0,18.0,14.0,10.0,3.0,0.0,5.0,3.0,8.0,5.0,0.0,6.0,9.0,16.0,,,,,,,,,,,,,,,,,,,,,,,,,,,,,,
S000833,M00091,P0040,T004,14.0,11.0,14.0,5.0,4.0,2.0,6.0,1.0,3.0,1.0,6.0,0.0,1.0,15.0,,,,,,,,,,,,,,,,,,,,,,,,,,,,,,
S000834,M00091,P0042,T004,13.0,21.0,6.0,11.0,1.0,2.0,6.0,10.0,11.0,3.0,10.0,5.0,0.0,19.0,,,,,,,,,,,,,,,,,,,,,,,,,,,,,,
S000835,M00091,P0041,T004,19.0,2.0,15.0,1.0,3.0,1.0,6.0,3.0,17.0,4.0,8.0,0.0,5.0,27.0,,,,,,,,,,,,,,,,,,,,,,,,,,,,,,
S000836,M00091,P0038,T004,33.0,23.0,0.0,3.0,5.0,0.0,0.0,1.0,15.0,2.0,10.0,3.0,4.0,29.0,,,,,,,,,,,,,,,,,,,,,,,,,,,,,,
S000837,M00091,P0039,T004,33.0,0.0,6.0,11.0,4.0,0.0,0.0,5.0,14.0,1.0,0.0,3.0,6.0,6.0,,,,,,,,,,,,,,,,,,,,,,,,,,,,,,
S000838,M00091,P0037,T004,26.0,18.0,2.0,1.0,4.0,2.0,5.0,10.0,6.0,1.0,10.0,5.0,9.0,24.0,,,,,,,,,,,,,,,,,,,,,,,,,,,,,,
S000839,M00091,P0047,T004,38.0,11.0,11.0,5.0,1.0,2.0,5.0,10.0,13.0,1.0,0.0,5.0,6.0,7.0,,,,,,,,,,,,,,,,,,,,,,,,,,,,,,
S000840,M00091,P0049,T004,11.0,3.0,13.0,7.0,4.0,4.0,0.0,1.0,15.0,4.0,6.0,8.0,0.0,7.0,,,,,,,,,,,,,,,,,,,,,,,,,,,,,,
S000841,M00091,P0072,T006,25.0,32.0,8.0,11.0,5.0,1.0,5.0,4.0,9.0,4.0,4.0,4.0,9.0,27.0,,,,,,,,,,,,,,,,,,,,,,,,,,,,,,
S000842,M00091,P0070,T006,40.0,23.0,7.0,0.0,0.0,3.0,3.0,8.0,15.0,6.0,2.0,5.0,5.0,5.0,,,,,,,,,,,,,,,,,,,,,,,,,,,,,,
S000843,M00091,P0075,T006,16.0,10.0,11.0,0.0,0.0,3.0,1.0,7.0,13.0,2.0,2.0,6.0,2.0,14.0,,,,,,,,,,,,,,,,,,,,,,,,,,,,,,
S000844,M00091,P0071,T006,13.0,29.0,8.0,2.0,4.0,0.0,5.0,3.0,7.0,1.0,3.0,4.0,5.0,32.0,,,,,,,,,,,,,,,,,,,,,,,,,,,,,,
S000845,M00091,P0076,T006,13.0,4.0,0.0,11.0,0.0,4.0,0.0,7.0,4.0,2.0,3.0,0.0,10.0,29.0,,,,,,,,,,,,,,,,,,,,,,,,,,,,,,
S000846,M00091,P0068,T006,40.0,34.0,13.0,8.0,2.0,1.0,0.0,3.0,6.0,0.0,6.0,6.0,7.0,12.0,,,,,,,,,,,,,,,,,,,,,,,,,,,,,,
S000847,M00091,P0064,T006,35.0,8.0,0.0,4.0,5.0,2.0,3.0,6.0,20.0,6.0,8.0,7.0,5.0,32.0,,,,,,,,,,,,,,,,,,,,,,,,,,,,,,
S000848,M00091,P0067,T006,28.0,11.0,2.0,2.0,4.0,4.0,6.0,7.0,12.0,1.0,6.0,0.0,3.0,35.0,,,,,,,,,,,,,,,,,,,,,,,,,,,,,,
S000849,M00093,P0028,T003,26.0,11.0,2.0,4.0,3.0,3.0,0.0,10.0,7.0,0.0,7.0,1.0,1.0,30.0,,,,,,,,,,,,,,,,,,,,,,,,,,,,,,
S000850,M00093,P0031,T003,21.0,10.0,7.0,11.0,4.0,0.0,1.0,4.0,16.0,5.0,2.0,1.0,10.0,30.0,,,,,,,,,,,,,,,,,,,,,,,,,,,,,,
S000851,M00093,P0027,T003,29.0,10.0,2.0,5.0,4.0,0.0,4.0,10.0,18.0,5.0,0.0,5.0,9.0,8.0,,,,,,,,,,,,,,,,,,,,,,,,,,,,,,
S000852,M00093,P0025,T003,23.0,6.0,3.0,8.0,3.0,1.0,4.0,6.0,13.0,4.0,8.0,1.0,9.0,33.0,,,,,,,,,,,,,,,,,,,,,,,,,,,,,,
S000853,M00093,P0034,T003,20.0,29.0,15.0,2.0,5.0,0.0,3.0,9.0,19.0,0.0,0.0,5.0,3.0,20.0,,,,,,,,,,,,,,,,,,,,,,,,,,,,,,
S000854,M00093,P0036,T003,27.0,13.0,2.0,8.0,3.0,4.0,1.0,9.0,18.0,1.0,8.0,4.0,5.0,35.0,,,,,,,,,,,,,,,,,,,,,,,,,,,,,,
S000855,M00093,P0032,T003,38.0,19.0,1.0,10.0,0.0,4.0,1.0,3.0,18.0,1.0,0.0,0.0,2.0,22.0,,,,,,,,,,,,,,,,,,,,,,,,,,,,,,
S000856,M00093,P0030,T003,16.0,18.0,4.0,10.0,1.0,1.0,5.0,3.0,4.0,2.0,1.0,4.0,4.0,20.0,,,,,,,,,,,,,,,,,,,,,,,,,,,,,,
S000857,M00093,P0095,T008,40.0,23.0,6.0,11.0,0.0,1.0,5.0,1.0,7.0,0.0,10.0,3.0,0.0,13.0,,,,,,,,,,,,,,,,,,,,,,,,,,,,,,
S000858,M00093,P0101,T008,39.0,9.0,7.0,2.0,1.0,3.0,3.0,6.0,7.0,5.0,1.0,3.0,5.0,27.0,,,,,,,,,,,,,,,,,,,,,,,,,,,,,,
S000859,M00093,P0094,T008,16.0,2.0,4.0,8.0,0.0,3.0,2.0,1.0,16.0,2.0,6.0,3.0,0.0,26.0,,,,,,,,,,,,,,,,,,,,,,,,,,,,,,
S000860,M00093,P0093,T008,36.0,3.0,11.0,11.0,4.0,1.0,6.0,8.0,17.0,3.0,5.0,6.0,9.0,8.0,,,,,,,,,,,,,,,,,,,,,,,,,,,,,,
S000861,M00093,P0099,T008,29.0,34.0,7.0,2.0,0.0,0.0,5.0,3.0,5.0,3.0,10.0,1.0,7.0,14.0,,,,,,,,,,,,,,,,,,,,,,,,,,,,,,
S000862,M00093,P0092,T008,22.0,2.0,5.0,9.0,5.0,4.0,1.0,2.0,3.0,2.0,3.0,8.0,4.0,7.0,,,,,,,,,,,,,,,,,,,,,,,,,,,,,,
S000863,M00093,P0091,T008,29.0,24.0,12.0,2.0,1.0,4.0,0.0,4.0,6.0,3.0,7.0,0.0,8.0,6.0,,,,,,,,,,,,,,,,,,,,,,,,,,,,,,
S000864,M00093,P0102,T008,21.0,25.0,11.0,6.0,3.0,3.0,6.0,1.0,15.0,1.0,6.0,2.0,1.0,23.0,,,,,,,,,,,,,,,,,,,,,,,,,,,,,,
S000865,M00096,P0099,T008,34.0,16.0,9.0,10.0,0.0,3.0,3.0,7.0,9.0,5.0,4.0,3.0,3.0,23.0,,,,,,,,,,,,,,,,,,,,,,,,,,,,,,
S000866,M00096,P0097,T008,23.0,22.0,0.0,4.0,5.0,4.0,3.0,3.0,17.0,1.0,2.0,2.0,6.0,9.0,,,,,,,,,,,,,,,,,,,,,,,,,,,,,,
S000867,M00096,P0096,T008,23.0,7.0,2.0,4.0,1.0,2.0,1.0,7.0,7.0,6.0,5.0,8.0,5.0,13.0,,,,,,,,,,,,,,,,,,,,,,,,,,,,,,
S000868,M00096,P0101,T008,31.0,9.0,3.0,10.0,4.0,4.0,5.0,1.0,20.0,5.0,7.0,1.0,9.0,34.0,,,,,,,,,,,,,,,,,,,,,,,,,,,,,,
S000869,M00096,P0091,T008,23.0,9.0,7.0,11.0,2.0,0.0,5.0,10.0,15.0,2.0,3.0,3.0,8.0,15.0,,,,,,,,,,,,,,,,,,,,,,,,,,,,,,
S000870,M00096,P0095,T008,35.0,15.0,4.0,11.0,2.0,3.0,1.0,6.0,4.0,2.0,8.0,3.0,3.0,12.0,,,,,,,,,,,,,,,,,,,,,,,,,,,,,,
S000871,M00096,P0098,T008,18.0,12.0,1.0,12.0,5.0,1.0,0.0,2.0,14.0,6.0,10.0,8.0,7.0,17.0,,,,,,,,,,,,,,,,,,,,,,,,,,,,,,
S000872,M00096,P0093,T008,10.0,23.0,8.0,5.0,3.0,3.0,5.0,10.0,11.0,3.0,5.0,7.0,6.0,23.0,,,,,,,,,,,,,,,,,,,,,,,,,,,,,,
S000873,M00096,P0075,T006,40.0,15.0,13.0,5.0,4.0,3.0,6.0,5.0,15.0,3.0,9.0,8.0,6.0,35.0,,,,,,,,,,,,,,,,,,,,,,,,,,,,,,
S000874,M00096,P0078,T006,35.0,4.0,13.0,3.0,2.0,1.0,0.0,3.0,13.0,2.0,5.0,0.0,8.0,27.0,,,,,,,,,,,,,,,,,,,,,,,,,,,,,,
S000875,M00096,P0076,T006,39.0,0.0,10.0,9.0,2.0,4.0,0.0,6.0,8.0,6.0,6.0,2.0,5.0,30.0,,,,,,,,,,,,,,,,,,,,,,,,,,,,,,
S000876,M00096,P0068,T006,40.0,23.0,12.0,6.0,2.0,3.0,1.0,2.0,10.0,0.0,7.0,4.0,2.0,12.0,,,,,,,,,,,,,,,,,,,,,,,,,,,,,,
S000877,M00096,P0074,T006,21.0,7.0,8.0,2.0,3.0,0.0,6.0,5.0,4.0,5.0,4.0,8.0,9.0,11.0,,,,,,,,,,,,,,,,,,,,,,,,,,,,,,
S000878,M00096,P0069,T006,17.0,10.0,13.0,1.0,2.0,2.0,2.0,4.0,4.0,3.0,9.0,6.0,3.0,26.0,,,,,,,,,,,,,,,,,,,,,,,,,,,,,,
S000879,M00096,P0067,T006,34.0,29.0,7.0,1.0,5.0,0.0,0.0,9.0,6.0,3.0,8.0,5.0,2.0,9.0,,,,,,,,,,,,,,,,,,,,,,,,,,,,,,
S000880,M00096,P0073,T006,39.0,7.0,2.0,5.0,5.0,4.0,3.0,2.0,20.0,2.0,5.0,2.0,3.0,16.0,,,,,,,,,,,,,,,,,,,,,,,,,,,,,,
S000881,M00097,P0011,T001,37.0,31.0,1.0,1.0,3.0,1.0,5.0,3.0,3.0,5.0,8.0,6.0,5.0,33.0,,,,,,,,,,,,,,,,,,,,,,,,,,,,,,
S000882,M00097,P0005,T001,33.0,9.0,7.0,7.0,3.0,3.0,1.0,10.0,16.0,3.0,10.0,5.0,6.0,11.0,,,,,,,,,,,,,,,,,,,,,,,,,,,,,,
S000883,M00097,P0003,T001,16.0,29.0,0.0,1.0,2.0,0.0,5.0,1.0,14.0,6.0,2.0,7.0,8.0,7.0,,,,,,,,,,,,,,,,,,,,,,,,,,,,,,
S000884,M00097,P0007,T001,10.0,23.0,10.0,10.0,4.0,0.0,0.0,1.0,7.0,3.0,10.0,2.0,2.0,7.0,,,,,,,,,,,,,,,,,,,,,,,,,,,,,,
S000885,M00097,P0009,T001,19.0,11.0,10.0,7.0,5.0,1.0,0.0,7.0,3.0,4.0,4.0,3.0,9.0,27.0,,,,,,,,,,,,,,,,,,,,,,,,,,,,,,
S000886,M00097,P0008,T001,35.0,7.0,6.0,12.0,3.0,4.0,6.0,2.0,18.0,1.0,0.0,3.0,1.0,11.0,,,,,,,,,,,,,,,,,,,,,,,,,,,,,,
S000887,M00097,P0013,T001,22.0,22.0,11.0,11.0,1.0,4.0,6.0,7.0,8.0,5.0,0.0,2.0,9.0,28.0,,,,,,,,,,,,,,,,,,,,,,,,,,,,,,
S000888,M00097,P0010,T001,30.0,31.0,7.0,5.0,1.0,2.0,4.0,6.0,9.0,1.0,2.0,2.0,2.0,25.0,,,,,,,,,,,,,,,,,,,,,,,,,,,,,,
S000889,M00097,P0048,T004,19.0,23.0,15.0,11.0,5.0,1.0,6.0,6.0,10.0,1.0,3.0,6.0,6.0,7.0,,,,,,,,,,,,,,,,,,,,,,,,,,,,,,
S000890,M00097,P0049,T004,26.0,22.0,1.0,7.0,3.0,0.0,0.0,9.0,17.0,0.0,8.0,2.0,6.0,24.0,,,,,,,,,,,,,,,,,,,,,,,,,,,,,,
S000891,M00097,P0044,T004,25.0,7.0,5.0,3.0,3.0,0.0,0.0,1.0,18.0,0.0,2.0,6.0,1.0,16.0,,,,,,,,,,,,,,,,,,,,,,,,,,,,,,
S000892,M00097,P0040,T004,30.0,35.0,7.0,8.0,5.0,4.0,5.0,3.0,5.0,6.0,7.0,6.0,4.0,22.0,,,,,,,,,,,,,,,,,,,,,,,,,,,,,,
S000893,M00097,P0046,T004,37.0,16.0,12.0,7.0,1.0,2.0,3.0,5.0,7.0,1.0,3.0,3.0,2.0,9.0,,,,,,,,,,,,,,,,,,,,,,,,,,,,,,
S000894,M00097,P0047,T004,40.0,10.0,0.0,10.0,0.0,4.0,2.0,5.0,7.0,2.0,8.0,2.0,10.0,26.0,,,,,,,,,,,,,,,,,,,,,,,,,,,,,,
S000895,M00097,P0039,T004,30.0,11.0,5.0,11.0,2.0,3.0,0.0,7.0,8.0,6.0,9.0,5.0,3.0,16.0,,,,,,,,,,,,,,,,,,,,,,,,,,,,,,
S000896,M00097,P0037,T004,30.0,3.0,12.0,3.0,5.0,3.0,6.0,4.0,5.0,6.0,10.0,1.0,8.0,6.0,,,,,,,,,,,,,,,,,,,,,,,,,,,,,,
S000897,M00098,P0029,T003,25.0,20.0,7.0,8.0,2.0,0.0,5.0,9.0,13.0,1.0,0.0,1.0,3.0,29.0,,,,,,,,,,,,,,,,,,,,,,,,,,,,,,
S000898,M00098,P0031,T003,22.0,11.0,12.0,10.0,0.0,4.0,6.0,5.0,15.0,1.0,9.0,7.0,10.0,16.0,,,,,,,,,,,,,,,,,,,,,,,,,,,,,,
S000899,M00098,P0032,T003,22.0,4.0,10.0,11.0,2.0,3.0,0.0,6.0,13.0,2.0,9.0,1.0,2.0,34.0,,,,,,,,,,,,,,,,,,,,,,,,,,,,,,
S000900,M00098,P0036,T003,30.0,4.0,11.0,1.0,3.0,2.0,0.0,2.0,13.0,2.0,6.0,4.0,0.0,23.0,,,,,,,,,,,,,,,,,,,,,,,,,,,,,,
S000901,M00098,P0026,T003,39.0,5.0,12.0,9.0,1.0,4.0,2.0,8.0,20.0,3.0,5.0,2.0,0.0,20.0,,,,,,,,,,,,,,,,,,,,,,,,,,,,,,
S000902,M00098,P0035,T003,35.0,0.0,4.0,0.0,2.0,1.0,3.0,3.0,3.0,0.0,9.0,7.0,1.0,9.0,,,,,,,,,,,,,,,,,,,,,,,,,,,,,,
S000903,M00098,P0034,T003,33.0,5.0,4.0,4.0,0.0,1.0,4.0,4.0,16.0,4.0,6.0,7.0,8.0,23.0,,,,,,,,,,,,,,,,,,,,,,,,,,,,,,
S000904,M00098,P0025,T003,30.0,29.0,12.0,0.0,4.0,4.0,3.0,4.0,5.0,1.0,6.0,7.0,7.0,12.0,,,,,,,,,,,,,,,,,,,,,,,,,,,,,,
S000905,M00098,P0038,T004,34.0,1.0,14.0,5.0,5.0,4.0,4.0,9.0,18.0,5.0,8.0,6.0,5.0,12.0,,,,,,,,,,,,,,,,,,,,,,,,,,,,,,
S000906,M00098,P0049,T004,36.0,13.0,9.0,3.0,0.0,4.0,0.0,7.0,13.0,2.0,3.0,0.0,8.0,26.0,,,,,,,,,,,,,,,,,,,,,,,,,,,,,,
S000907,M00098,P0046,T004,33.0,21.0,5.0,3.0,0.0,1.0,0.0,3.0,6.0,4.0,1.0,5.0,0.0,29.0,,,,,,,,,,,,,,,,,,,,,,,,,,,,,,
S000908,M00098,P0039,T004,21.0,31.0,12.0,4.0,2.0,4.0,5.0,8.0,12.0,3.0,0.0,0.0,0.0,9.0,,,,,,,,,,,,,,,,,,,,,,,,,,,,,,
S000909,M00098,P0047,T004,23.0,35.0,14.0,6.0,2.0,2.0,4.0,7.0,18.0,3.0,4.0,7.0,9.0,19.0,,,,,,,,,,,,,,,,,,,,,,,,,,,,,,
S000910,M00098,P0044,T004,39.0,19.0,2.0,6.0,1.0,3.0,2.0,7.0,4.0,2.0,5.0,0.0,0.0,18.0,,,,,,,,,,,,,,,,,,,,,,,,,,,,,,
S000911,M00098,P0043,T004,17.0,22.0,10.0,11.0,1.0,3.0,1.0,1.0,15.0,2.0,9.0,6.0,9.0,10.0,,,,,,,,,,,,,,,,,,,,,,,,,,,,,,
S000912,M00098,P0042,T004,40.0,29.0,14.0,1.0,0.0,4.0,5.0,6.0,7.0,4.0,6.0,3.0,5.0,11.0,,,,,,,,,,,,,,,,,,,,,,,,,,,,,,
S000913,M00100,P0014,T002,15.0,33.0,5.0,7.0,3.0,1.0,3.0,5.0,10.0,0.0,5.0,4.0,8.0,24.0,,,,,,,,,,,,,,,,,,,,,,,,,,,,,,
S000914,M00100,P0019,T002,37.0,35.0,10.0,9.0,3.0,2.0,2.0,7.0,16.0,1.0,4.0,5.0,4.0,32.0,,,,,,,,,,,,,,,,,,,,,,,,,,,,,,
S000915,M00100,P0021,T002,38.0,18.0,7.0,4.0,5.0,2.0,6.0,2.0,12.0,4.0,1.0,6.0,9.0,34.0,,,,,,,,,,,,,,,,,,,,,,,,,,,,,,
S000916,M00100,P0024,T002,29.0,15.0,7.0,11.0,2.0,2.0,4.0,8.0,12.0,1.0,9.0,4.0,6.0,13.0,,,,,,,,,,,,,,,,,,,,,,,,,,,,,,
S000917,M00100,P0015,T002,10.0,33.0,5.0,2.0,1.0,0.0,4.0,6.0,19.0,3.0,2.0,7.0,3.0,23.0,,,,,,,,,,,,,,,,,,,,,,,,,,,,,,
S000918,M00100,P0016,T002,31.0,34.0,8.0,1.0,1.0,1.0,0.0,1.0,17.0,1.0,0.0,2.0,1.0,32.0,,,,,,,,,,,,,,,,,,,,,,,,,,,,,,
S000919,M00100,P0023,T002,25.0,2.0,15.0,5.0,2.0,4.0,2.0,4.0,12.0,5.0,6.0,5.0,5.0,20.0,,,,,,,,,,,,,,,,,,,,,,,,,,,,,,
S000920,M00100,P0022,T002,35.0,8.0,4.0,0.0,1.0,0.0,0.0,5.0,11.0,4.0,6.0,4.0,6.0,34.0,,,,,,,,,,,,,,,,,,,,,,,,,,,,,,
S000921,M00100,P0038,T004,38.0,22.0,3.0,2.0,0.0,1.0,5.0,8.0,13.0,6.0,6.0,5.0,8.0,27.0,,,,,,,,,,,,,,,,,,,,,,,,,,,,,,
S000922,M00100,P0039,T004,29.0,25.0,6.0,5.0,4.0,2.0,5.0,8.0,3.0,4.0,6.0,1.0,9.0,24.0,,,,,,,,,,,,,,,,,,,,,,,,,,,,,,
S000923,M00100,P0048,T004,16.0,4.0,8.0,11.0,2.0,4.0,2.0,4.0,11.0,5.0,5.0,6.0,6.0,12.0,,,,,,,,,,,,,,,,,,,,,,,,,,,,,,
S000924,M00100,P0046,T004,12.0,4.0,7.0,8.0,4.0,2.0,0.0,4.0,12.0,1.0,3.0,6.0,2.0,34.0,,,,,,,,,,,,,,,,,,,,,,,,,,,,,,
S000925,M00100,P0040,T004,31.0,8.0,1.0,3.0,1.0,2.0,3.0,5.0,8.0,2.0,6.0,3.0,10.0,8.0,,,,,,,,,,,,,,,,,,,,,,,,,,,,,,
S000926,M00100,P0037,T004,10.0,19.0,7.0,10.0,3.0,4.0,3.0,9.0,15.0,6.0,8.0,0.0,0.0,22.0,,,,,,,,,,,,,,,,,,,,,,,,,,,,,,
S000927,M00100,P0045,T004,35.0,20.0,4.0,9.0,2.0,3.0,6.0,10.0,4.0,1.0,10.0,1.0,10.0,26.0,,,,,,,,,,,,,,,,,,,,,,,,,,,,,,
S000928,M00100,P0050,T004,25.0,28.0,9.0,1.0,3.0,2.0,1.0,1.0,12.0,1.0,5.0,0.0,2.0,12.0,,,,,,,,,,,,,,,,,,,,,,,,,,,,,,
S000929,M00101,P0009,T001,20.0,11.0,14.0,12.0,2.0,1.0,1.0,4.0,7.0,4.0,2.0,3.0,0.0,9.0,,,,,,,,,,,,,,,,,,,,,,,,,,,,,,
S000930,M00101,P0006,T001,10.0,8.0,10.0,6.0,4.0,0.0,1.0,4.0,3.0,1.0,0.0,3.0,3.0,13.0,,,,,,,,,,,,,,,,,,,,,,,,,,,,,,
S000931,M00101,P0001,T001,23.0,29.0,14.0,1.0,5.0,0.0,5.0,7.0,17.0,2.0,0.0,7.0,6.0,9.0,,,,,,,,,,,,,,,,,,,,,,,,,,,,,,
S000932,M00101,P0003,T001,34.0,30.0,11.0,12.0,2.0,1.0,5.0,1.0,8.0,2.0,10.0,5.0,3.0,6.0,,,,,,,,,,,,,,,,,,,,,,,,,,,,,,
S000933,M00101,P0010,T001,12.0,11.0,7.0,11.0,4.0,4.0,6.0,5.0,18.0,1.0,3.0,0.0,3.0,13.0,,,,,,,,,,,,,,,,,,,,,,,,,,,,,,
S000934,M00101,P0005,T001,32.0,8.0,1.0,2.0,4.0,2.0,3.0,2.0,3.0,0.0,7.0,2.0,2.0,26.0,,,,,,,,,,,,,,,,,,,,,,,,,,,,,,
S000935,M00101,P0004,T001,35.0,8.0,9.0,0.0,2.0,0.0,3.0,7.0,11.0,5.0,8.0,7.0,1.0,31.0,,,,,,,,,,,,,,,,,,,,,,,,,,,,,,
S000936,M00101,P0007,T001,39.0,30.0,15.0,5.0,2.0,3.0,0.0,10.0,8.0,2.0,0.0,6.0,5.0,25.0,,,,,,,,,,,,,,,,,,,,,,,,,,,,,,
S000937,M00101,P0022,T002,20.0,32.0,2.0,2.0,1.0,2.0,4.0,1.0,13.0,3.0,6.0,8.0,4.0,27.0,,,,,,,,,,,,,,,,,,,,,,,,,,,,,,
S000938,M00101,P0017,T002,18.0,32.0,4.0,3.0,3.0,1.0,5.0,4.0,17.0,4.0,1.0,2.0,1.0,9.0,,,,,,,,,,,,,,,,,,,,,,,,,,,,,,
S000939,M00101,P0024,T002,12.0,5.0,1.0,1.0,4.0,3.0,4.0,1.0,10.0,5.0,5.0,8.0,6.0,30.0,,,,,,,,,,,,,,,,,,,,,,,,,,,,,,
S000940,M00101,P0021,T002,39.0,3.0,2.0,7.0,0.0,3.0,2.0,1.0,10.0,4.0,2.0,5.0,1.0,23.0,,,,,,,,,,,,,,,,,,,,,,,,,,,,,,
S000941,M00101,P0015,T002,29.0,16.0,11.0,2.0,4.0,2.0,5.0,2.0,18.0,0.0,2.0,2.0,2.0,33.0,,,,,,,,,,,,,,,,,,,,,,,,,,,,,,
S000942,M00101,P0019,T002,25.0,24.0,8.0,3.0,1.0,4.0,3.0,3.0,8.0,0.0,5.0,4.0,2.0,9.0,,,,,,,,,,,,,,,,,,,,,,,,,,,,,,
S000943,M00101,P0023,T002,13.0,24.0,5.0,6.0,5.0,2.0,5.0,5.0,15.0,6.0,3.0,3.0,0.0,27.0,,,,,,,,,,,,,,,,,,,,,,,,,,,,,,
S000944,M00101,P0020,T002,27.0,12.0,6.0,4.0,2.0,2.0,3.0,1.0,12.0,4.0,8.0,7.0,8.0,24.0,,,,,,,,,,,,,,,,,,,,,,,,,,,,,,
S000945,M00103,P0023,T002,37.0,23.0,12.0,12.0,4.0,2.0,0.0,10.0,13.0,1.0,10.0,7.0,7.0,13.0,,,,,,,,,,,,,,,,,,,,,,,,,,,,,,
S000946,M00103,P0019,T002,29.0,11.0,12.0,6.0,5.0,1.0,1.0,10.0,13.0,3.0,3.0,4.0,2.0,19.0,,,,,,,,,,,,,,,,,,,,,,,,,,,,,,
S000947,M00103,P0014,T002,39.0,31.0,15.0,5.0,1.0,1.0,2.0,10.0,7.0,0.0,6.0,1.0,6.0,16.0,,,,,,,,,,,,,,,,,,,,,,,,,,,,,,
S000948,M00103,P0018,T002,27.0,5.0,4.0,12.0,4.0,1.0,0.0,6.0,8.0,1.0,9.0,4.0,1.0,7.0,,,,,,,,,,,,,,,,,,,,,,,,,,,,,,
S000949,M00103,P0017,T002,20.0,26.0,6.0,0.0,1.0,4.0,2.0,6.0,15.0,1.0,6.0,3.0,7.0,26.0,,,,,,,,,,,,,,,,,,,,,,,,,,,,,,
S000950,M00103,P0022,T002,33.0,9.0,13.0,2.0,4.0,2.0,5.0,3.0,4.0,3.0,6.0,1.0,5.0,26.0,,,,,,,,,,,,,,,,,,,,,,,,,,,,,,
S000951,M00103,P0015,T002,18.0,32.0,0.0,10.0,5.0,4.0,2.0,2.0,9.0,1.0,1.0,3.0,10.0,22.0,,,,,,,,,,,,,,,,,,,,,,,,,,,,,,
S000952,M00103,P0024,T002,34.0,2.0,1.0,4.0,4.0,4.0,6.0,4.0,8.0,0.0,10.0,1.0,2.0,32.0,,,,,,,,,,,,,,,,,,,,,,,,,,,,,,
S000953,M00103,P0093,T008,39.0,7.0,11.0,8.0,1.0,3.0,4.0,7.0,20.0,3.0,6.0,4.0,0.0,8.0,,,,,,,,,,,,,,,,,,,,,,,,,,,,,,
S000954,M00103,P0092,T008,34.0,7.0,10.0,4.0,4.0,4.0,0.0,7.0,12.0,2.0,2.0,0.0,0.0,30.0,,,,,,,,,,,,,,,,,,,,,,,,,,,,,,
S000955,M00103,P0103,T008,22.0,11.0,15.0,7.0,5.0,4.0,3.0,4.0,13.0,4.0,5.0,6.0,10.0,17.0,,,,,,,,,,,,,,,,,,,,,,,,,,,,,,
S000956,M00103,P0102,T008,19.0,25.0,9.0,12.0,5.0,0.0,4.0,7.0,7.0,1.0,4.0,2.0,1.0,24.0,,,,,,,,,,,,,,,,,,,,,,,,,,,,,,
S000957,M00103,P0096,T008,14.0,27.0,4.0,2.0,0.0,1.0,1.0,1.0,12.0,5.0,1.0,0.0,4.0,10.0,,,,,,,,,,,,,,,,,,,,,,,,,,,,,,
S000958,M00103,P0095,T008,29.0,16.0,6.0,12.0,0.0,2.0,5.0,8.0,19.0,4.0,1.0,1.0,7.0,32.0,,,,,,,,,,,,,,,,,,,,,,,,,,,,,,
S000959,M00103,P0098,T008,29.0,28.0,4.0,12.0,3.0,4.0,4.0,10.0,11.0,4.0,8.0,1.0,10.0,10.0,,,,,,,,,,,,,,,,,,,,,,,,,,,,,,
S000960,M00103,P0099,T008,26.0,12.0,3.0,11.0,4.0,0.0,0.0,4.0,16.0,3.0,6.0,0.0,2.0,27.0,,,,,,,,,,,,,,,,,,,,,,,,,,,,,,
S000961,M00104,P0091,T008,16.0,34.0,12.0,3.0,0.0,0.0,2.0,1.0,13.0,6.0,2.0,4.0,3.0,33.0,,,,,,,,,,,,,,,,,,,,,,,,,,,,,,
S000962,M00104,P0103,T008,26.0,15.0,0.0,5.0,4.0,1.0,3.0,10.0,8.0,5.0,9.0,0.0,0.0,19.0,,,,,,,,,,,,,,,,,,,,,,,,,,,,,,
S000963,M00104,P0102,T008,22.0,34.0,13.0,2.0,3.0,3.0,1.0,4.0,8.0,6.0,8.0,3.0,8.0,24.0,,,,,,,,,,,,,,,,,,,,,,,,,,,,,,
S000964,M00104,P0096,T008,38.0,24.0,6.0,3.0,3.0,3.0,5.0,2.0,19.0,2.0,10.0,1.0,10.0,35.0,,,,,,,,,,,,,,,,,,,,,,,,,,,,,,
S000965,M00104,P0094,T008,27.0,25.0,5.0,6.0,3.0,0.0,1.0,7.0,20.0,2.0,1.0,0.0,1.0,11.0,,,,,,,,,,,,,,,,,,,,,,,,,,,,,,
S000966,M00104,P0093,T008,14.0,32.0,5.0,3.0,1.0,4.0,1.0,2.0,20.0,6.0,8.0,3.0,5.0,33.0,,,,,,,,,,,,,,,,,,,,,,,,,,,,,,
S000967,M00104,P0095,T008,15.0,29.0,2.0,8.0,3.0,2.0,5.0,1.0,15.0,3.0,7.0,6.0,1.0,25.0,,,,,,,,,,,,,,,,,,,,,,,,,,,,,,
S000968,M00104,P0098,T008,11.0,27.0,11.0,9.0,1.0,0.0,5.0,9.0,19.0,0.0,10.0,4.0,3.0,29.0,,,,,,,,,,,,,,,,,,,,,,,,,,,,,,
S000969,M00104,P0052,T005,39.0,32.0,3.0,5.0,4.0,3.0,4.0,9.0,10.0,4.0,4.0,5.0,10.0,20.0,,,,,,,,,,,,,,,,,,,,,,,,,,,,,,
S000970,M00104,P0060,T005,15.0,1.0,4.0,11.0,3.0,3.0,2.0,7.0,20.0,3.0,2.0,5.0,9.0,31.0,,,,,,,,,,,,,,,,,,,,,,,,,,,,,,
S000971,M00104,P0053,T005,13.0,8.0,10.0,7.0,1.0,2.0,4.0,9.0,8.0,2.0,5.0,3.0,9.0,13.0,,,,,,,,,,,,,,,,,,,,,,,,,,,,,,
S000972,M00104,P0058,T005,31.0,27.0,0.0,12.0,3.0,2.0,1.0,10.0,3.0,3.0,4.0,7.0,2.0,29.0,,,,,,,,,,,,,,,,,,,,,,,,,,,,,,
S000973,M00104,P0062,T005,29.0,26.0,13.0,9.0,2.0,0.0,6.0,8.0,15.0,3.0,0.0,8.0,0.0,22.0,,,,,,,,,,,,,,,,,,,,,,,,,,,,,,
S000974,M00104,P0057,T005,35.0,29.0,9.0,10.0,5.0,3.0,2.0,9.0,14.0,5.0,9.0,4.0,6.0,13.0,,,,,,,,,,,,,,,,,,,,,,,,,,,,,,
S000975,M00104,P0051,T005,12.0,32.0,6.0,12.0,4.0,4.0,6.0,5.0,6.0,3.0,7.0,3.0,4.0,31.0,,,,,,,,,,,,,,,,,,,,,,,,,,,,,,
S000976,M00104,P0054,T005,24.0,33.0,10.0,3.0,3.0,4.0,4.0,9.0,6.0,3.0,4.0,8.0,0.0,13.0,,,,,,,,,,,,,,,,,,,,,,,,,,,,,,
S000977,M00106,P0029,T003,13.0,2.0,5.0,6.0,1.0,3.0,0.0,7.0,15.0,2.0,8.0,0.0,0.0,31.0,,,,,,,,,,,,,,,,,,,,,,,,,,,,,,
S000978,M00106,P0030,T003,27.0,11.0,8.0,8.0,2.0,2.0,4.0,2.0,10.0,0.0,8.0,8.0,9.0,22.0,,,,,,,,,,,,,,,,,,,,,,,,,,,,,,
S000979,M00106,P0025,T003,16.0,2.0,10.0,7.0,2.0,4.0,4.0,4.0,18.0,2.0,1.0,8.0,5.0,18.0,,,,,,,,,,,,,,,,,,,,,,,,,,,,,,
S000980,M00106,P0027,T003,37.0,15.0,0.0,2.0,3.0,2.0,0.0,1.0,3.0,1.0,0.0,5.0,6.0,29.0,,,,,,,,,,,,,,,,,,,,,,,,,,,,,,
S000981,M00106,P0031,T003,31.0,25.0,3.0,9.0,4.0,2.0,5.0,4.0,3.0,2.0,6.0,4.0,1.0,22.0,,,,,,,,,,,,,,,,,,,,,,,,,,,,,,
S000982,M00106,P0034,T003,18.0,12.0,14.0,8.0,5.0,2.0,3.0,8.0,4.0,4.0,7.0,0.0,10.0,8.0,,,,,,,,,,,,,,,,,,,,,,,,,,,,,,
S000983,M00106,P0033,T003,26.0,30.0,5.0,6.0,5.0,0.0,0.0,2.0,9.0,3.0,5.0,1.0,0.0,12.0,,,,,,,,,,,,,,,,,,,,,,,,,,,,,,
S000984,M00106,P0026,T003,18.0,18.0,9.0,4.0,1.0,4.0,4.0,1.0,15.0,3.0,4.0,5.0,6.0,22.0,,,,,,,,,,,,,,,,,,,,,,,,,,,,,,
S000985,M00106,P0043,T004,34.0,8.0,3.0,5.0,2.0,4.0,4.0,7.0,18.0,1.0,5.0,6.0,2.0,10.0,,,,,,,,,,,,,,,,,,,,,,,,,,,,,,
S000986,M00106,P0042,T004,40.0,11.0,3.0,9.0,0.0,2.0,1.0,4.0,12.0,3.0,0.0,4.0,7.0,14.0,,,,,,,,,,,,,,,,,,,,,,,,,,,,,,
S000987,M00106,P0039,T004,25.0,24.0,9.0,8.0,2.0,2.0,2.0,10.0,10.0,4.0,6.0,5.0,2.0,8.0,,,,,,,,,,,,,,,,,,,,,,,,,,,,,,
S000988,M00106,P0041,T004,37.0,14.0,7.0,5.0,0.0,3.0,6.0,2.0,7.0,2.0,5.0,5.0,3.0,8.0,,,,,,,,,,,,,,,,,,,,,,,,,,,,,,
S000989,M00106,P0037,T004,15.0,3.0,0.0,11.0,1.0,3.0,1.0,3.0,5.0,6.0,1.0,7.0,3.0,34.0,,,,,,,,,,,,,,,,,,,,,,,,,,,,,,
S000990,M00106,P0050,T004,34.0,9.0,14.0,7.0,1.0,3.0,6.0,5.0,20.0,5.0,8.0,3.0,9.0,16.0,,,,,,,,,,,,,,,,,,,,,,,,,,,,,,
S000991,M00106,P0048,T004,27.0,20.0,10.0,8.0,2.0,1.0,1.0,10.0,12.0,1.0,10.0,5.0,2.0,27.0,,,,,,,,,,,,,,,,,,,,,,,,,,,,,,
S000992,M00106,P0045,T004,37.0,20.0,3.0,6.0,0.0,4.0,2.0,8.0,14.0,4.0,1.0,7.0,1.0,6.0,,,,,,,,,,,,,,,,,,,,,,,,,,,,,,
S000993,M00110,P0006,T001,18.0,28.0,14.0,4.0,2.0,3.0,1.0,6.0,9.0,2.0,2.0,4.0,7.0,32.0,,,,,,,,,,,,,,,,,,,,,,,,,,,,,,
S000994,M00110,P0001,T001,26.0,18.0,3.0,12.0,3.0,0.0,2.0,10.0,12.0,5.0,9.0,7.0,3.0,13.0,,,,,,,,,,,,,,,,,,,,,,,,,,,,,,
S000995,M00110,P0009,T001,19.0,13.0,1.0,5.0,1.0,3.0,4.0,9.0,3.0,1.0,3.0,1.0,8.0,11.0,,,,,,,,,,,,,,,,,,,,,,,,,,,,,,
S000996,M00110,P0012,T001,23.0,5.0,2.0,11.0,1.0,1.0,6.0,9.0,8.0,3.0,0.0,8.0,7.0,21.0,,,,,,,,,,,,,,,,,,,,,,,,,,,,,,
S000997,M00110,P0013,T001,27.0,11.0,2.0,5.0,1.0,3.0,4.0,8.0,9.0,0.0,4.0,8.0,6.0,10.0,,,,,,,,,,,,,,,,,,,,,,,,,,,,,,
S000998,M00110,P0005,T001,20.0,4.0,10.0,2.0,0.0,3.0,5.0,5.0,16.0,2.0,10.0,3.0,5.0,28.0,,,,,,,,,,,,,,,,,,,,,,,,,,,,,,
S000999,M00110,P0008,T001,17.0,30.0,1.0,1.0,4.0,4.0,6.0,2.0,14.0,3.0,10.0,7.0,3.0,14.0,,,,,,,,,,,,,,,,,,,,,,,,,,,,,,
S001000,M00110,P0010,T001,18.0,24.0,15.0,1.0,5.0,3.0,3.0,7.0,8.0,4.0,6.0,1.0,4.0,12.0,,,,,,,,,,,,,,,,,,,,,,,,,,,,,,
S001001,M00110,P0017,T002,38.0,21.0,1.0,9.0,4.0,4.0,4.0,1.0,4.0,0.0,0.0,8.0,9.0,22.0,,,,,,,,,,,,,,,,,,,,,,,,,,,,,,
S001002,M00110,P0020,T002,20.0,30.0,7.0,9.0,0.0,4.0,1.0,6.0,8.0,0.0,1.0,8.0,9.0,18.0,,,,,,,,,,,,,,,,,,,,,,,,,,,,,,
S001003,M00110,P0016,T002,31.0,33.0,9.0,4.0,1.0,2.0,3.0,5.0,19.0,6.0,8.0,4.0,9.0,29.0,,,,,,,,,,,,,,,,,,,,,,,,,,,,,,
S001004,M00110,P0018,T002,40.0,29.0,11.0,7.0,1.0,4.0,2.0,8.0,13.0,5.0,9.0,5.0,8.0,9.0,,,,,,,,,,,,,,,,,,,,,,,,,,,,,,
S001005,M00110,P0024,T002,40.0,33.0,3.0,9.0,0.0,1.0,1.0,2.0,17.0,5.0,9.0,7.0,8.0,24.0,,,,,,,,,,,,,,,,,,,,,,,,,,,,,,
S001006,M00110,P0019,T002,31.0,4.0,4.0,4.0,4.0,4.0,1.0,10.0,17.0,0.0,7.0,0.0,5.0,29.0,,,,,,,,,,,,,,,,,,,,,,,,,,,,,,
S001007,M00110,P0023,T002,28.0,33.0,9.0,4.0,2.0,0.0,6.0,5.0,9.0,3.0,7.0,2.0,8.0,17.0,,,,,,,,,,,,,,,,,,,,,,,,,,,,,,
S001008,M00110,P0022,T002,26.0,6.0,2.0,2.0,5.0,1.0,5.0,1.0,9.0,4.0,8.0,5.0,6.0,32.0,,,,,,,,,,,,,,,,,,,,,,,,,,,,,,
S001009,M00113,P0033,T003,18.0,21.0,0.0,0.0,5.0,4.0,5.0,10.0,8.0,6.0,1.0,7.0,7.0,23.0,,,,,,,,,,,,,,,,,,,,,,,,,,,,,,
S001010,M00113,P0026,T003,11.0,23.0,10.0,2.0,4.0,3.0,3.0,10.0,9.0,1.0,5.0,1.0,10.0,31.0,,,,,,,,,,,,,,,,,,,,,,,,,,,,,,
S001011,M00113,P0035,T003,31.0,20.0,0.0,12.0,5.0,3.0,5.0,1.0,13.0,1.0,2.0,6.0,0.0,28.0,,,,,,,,,,,,,,,,,,,,,,,,,,,,,,
S001012,M00113,P0028,T003,33.0,7.0,3.0,9.0,1.0,4.0,0.0,1.0,10.0,6.0,8.0,2.0,9.0,20.0,,,,,,,,,,,,,,,,,,,,,,,,,,,,,,
S001013,M00113,P0032,T003,19.0,8.0,10.0,5.0,0.0,1.0,5.0,7.0,4.0,4.0,0.0,8.0,5.0,31.0,,,,,,,,,,,,,,,,,,,,,,,,,,,,,,
S001014,M00113,P0031,T003,27.0,6.0,3.0,0.0,2.0,2.0,0.0,3.0,12.0,1.0,7.0,3.0,6.0,7.0,,,,,,,,,,,,,,,,,,,,,,,,,,,,,,
S001015,M00113,P0029,T003,38.0,21.0,15.0,3.0,3.0,3.0,1.0,8.0,5.0,1.0,5.0,8.0,9.0,17.0,,,,,,,,,,,,,,,,,,,,,,,,,,,,,,
S001016,M00113,P0025,T003,28.0,15.0,6.0,5.0,1.0,4.0,0.0,1.0,13.0,4.0,5.0,6.0,1.0,16.0,,,,,,,,,,,,,,,,,,,,,,,,,,,,,,
S001017,M00113,P0047,T004,22.0,24.0,7.0,9.0,3.0,4.0,1.0,6.0,14.0,6.0,1.0,1.0,6.0,14.0,,,,,,,,,,,,,,,,,,,,,,,,,,,,,,
S001018,M00113,P0041,T004,17.0,25.0,1.0,10.0,1.0,4.0,1.0,8.0,18.0,1.0,7.0,0.0,2.0,22.0,,,,,,,,,,,,,,,,,,,,,,,,,,,,,,
S001019,M00113,P0044,T004,29.0,26.0,12.0,6.0,0.0,2.0,1.0,5.0,8.0,4.0,1.0,6.0,4.0,13.0,,,,,,,,,,,,,,,,,,,,,,,,,,,,,,
S001020,M00113,P0050,T004,12.0,26.0,2.0,0.0,0.0,4.0,5.0,8.0,13.0,5.0,3.0,5.0,8.0,32.0,,,,,,,,,,,,,,,,,,,,,,,,,,,,,,
S001021,M00113,P0040,T004,36.0,19.0,13.0,4.0,0.0,2.0,0.0,1.0,9.0,5.0,8.0,8.0,0.0,9.0,,,,,,,,,,,,,,,,,,,,,,,,,,,,,,
S001022,M00113,P0038,T004,25.0,13.0,0.0,4.0,1.0,3.0,3.0,4.0,16.0,1.0,8.0,1.0,4.0,25.0,,,,,,,,,,,,,,,,,,,,,,,,,,,,,,
S001023,M00113,P0042,T004,18.0,17.0,14.0,1.0,4.0,4.0,1.0,10.0,13.0,6.0,3.0,0.0,9.0,18.0,,,,,,,,,,,,,,,,,,,,,,,,,,,,,,
S001024,M00113,P0043,T004,28.0,2.0,13.0,7.0,3.0,2.0,5.0,10.0,3.0,4.0,2.0,2.0,8.0,22.0,,,,,,,,,,,,,,,,,,,,,,,,,,,,,,
S001025,M00114,P0083,T007,13.0,15.0,10.0,8.0,5.0,3.0,1.0,8.0,6.0,3.0,4.0,3.0,0.0,25.0,,,,,,,,,,,,,,,,,,,,,,,,,,,,,,
S001026,M00114,P0088,T007,40.0,27.0,3.0,12.0,0.0,3.0,6.0,5.0,4.0,1.0,4.0,3.0,9.0,21.0,,,,,,,,,,,,,,,,,,,,,,,,,,,,,,
S001027,M00114,P0087,T007,34.0,33.0,2.0,8.0,3.0,1.0,4.0,8.0,17.0,5.0,5.0,8.0,3.0,28.0,,,,,,,,,,,,,,,,,,,,,,,,,,,,,,
S001028,M00114,P0086,T007,17.0,13.0,12.0,4.0,3.0,3.0,0.0,5.0,6.0,1.0,0.0,0.0,9.0,34.0,,,,,,,,,,,,,,,,,,,,,,,,,,,,,,
S001029,M00114,P0090,T007,13.0,22.0,6.0,8.0,5.0,3.0,0.0,3.0,20.0,1.0,6.0,2.0,5.0,13.0,,,,,,,,,,,,,,,,,,,,,,,,,,,,,,
S001030,M00114,P0085,T007,35.0,10.0,1.0,4.0,0.0,1.0,6.0,4.0,5.0,4.0,0.0,5.0,7.0,19.0,,,,,,,,,,,,,,,,,,,,,,,,,,,,,,
S001031,M00114,P0081,T007,14.0,0.0,8.0,12.0,2.0,0.0,0.0,1.0,18.0,5.0,9.0,4.0,1.0,23.0,,,,,,,,,,,,,,,,,,,,,,,,,,,,,,
S001032,M00114,P0084,T007,16.0,10.0,8.0,5.0,1.0,4.0,5.0,2.0,4.0,4.0,7.0,4.0,1.0,35.0,,,,,,,,,,,,,,,,,,,,,,,,,,,,,,
S001033,M00114,P0101,T008,33.0,35.0,15.0,2.0,5.0,3.0,2.0,10.0,16.0,1.0,2.0,2.0,5.0,7.0,,,,,,,,,,,,,,,,,,,,,,,,,,,,,,
S001034,M00114,P0093,T008,25.0,19.0,4.0,2.0,2.0,0.0,2.0,4.0,8.0,3.0,1.0,1.0,8.0,31.0,,,,,,,,,,,,,,,,,,,,,,,,,,,,,,
S001035,M00114,P0102,T008,29.0,3.0,1.0,3.0,2.0,3.0,4.0,7.0,6.0,5.0,6.0,3.0,0.0,20.0,,,,,,,,,,,,,,,,,,,,,,,,,,,,,,
S001036,M00114,P0095,T008,10.0,9.0,12.0,7.0,5.0,1.0,0.0,3.0,4.0,0.0,9.0,5.0,3.0,17.0,,,,,,,,,,,,,,,,,,,,,,,,,,,,,,
S001037,M00114,P0099,T008,38.0,26.0,4.0,1.0,4.0,2.0,1.0,7.0,20.0,4.0,0.0,0.0,5.0,19.0,,,,,,,,,,,,,,,,,,,,,,,,,,,,,,
S001038,M00114,P0098,T008,25.0,20.0,0.0,0.0,0.0,3.0,1.0,3.0,13.0,6.0,9.0,0.0,0.0,30.0,,,,,,,,,,,,,,,,,,,,,,,,,,,,,,
S001039,M00114,P0091,T008,24.0,13.0,14.0,1.0,1.0,0.0,5.0,8.0,8.0,1.0,1.0,1.0,3.0,22.0,,,,,,,,,,,,,,,,,,,,,,,,,,,,,,
S001040,M00114,P0100,T008,36.0,24.0,1.0,11.0,4.0,3.0,0.0,7.0,18.0,1.0,2.0,1.0,0.0,30.0,,,,,,,,,,,,,,,,,,,,,,,,,,,,,,
S001041,M00116,P0055,T005,15.0,35.0,2.0,7.0,0.0,3.0,2.0,5.0,10.0,3.0,0.0,2.0,3.0,29.0,,,,,,,,,,,,,,,,,,,,,,,,,,,,,,
S001042,M00116,P0056,T005,19.0,18.0,4.0,2.0,2.0,1.0,0.0,7.0,3.0,1.0,5.0,2.0,3.0,34.0,,,,,,,,,,,,,,,,,,,,,,,,,,,,,,
S001043,M00116,P0063,T005,28.0,17.0,2.0,2.0,5.0,0.0,4.0,5.0,12.0,5.0,7.0,7.0,2.0,17.0,,,,,,,,,,,,,,,,,,,,,,,,,,,,,,
S001044,M00116,P0057,T005,29.0,1.0,6.0,10.0,1.0,3.0,5.0,6.0,13.0,0.0,3.0,2.0,7.0,18.0,,,,,,,,,,,,,,,,,,,,,,,,,,,,,,
S001045,M00116,P0052,T005,12.0,29.0,9.0,11.0,4.0,0.0,5.0,3.0,11.0,2.0,5.0,8.0,5.0,8.0,,,,,,,,,,,,,,,,,,,,,,,,,,,,,,
S001046,M00116,P0058,T005,22.0,2.0,4.0,1.0,0.0,4.0,5.0,2.0,13.0,4.0,9.0,1.0,2.0,30.0,,,,,,,,,,,,,,,,,,,,,,,,,,,,,,
S001047,M00116,P0051,T005,23.0,34.0,12.0,12.0,5.0,2.0,5.0,10.0,20.0,3.0,4.0,7.0,8.0,18.0,,,,,,,,,,,,,,,,,,,,,,,,,,,,,,
S001048,M00116,P0061,T005,35.0,32.0,13.0,2.0,1.0,3.0,3.0,1.0,3.0,4.0,8.0,4.0,4.0,19.0,,,,,,,,,,,,,,,,,,,,,,,,,,,,,,
S001049,M00116,P0041,T004,13.0,2.0,15.0,4.0,4.0,4.0,1.0,2.0,16.0,2.0,0.0,0.0,6.0,23.0,,,,,,,,,,,,,,,,,,,,,,,,,,,,,,
S001050,M00116,P0037,T004,33.0,33.0,6.0,6.0,4.0,1.0,6.0,4.0,13.0,1.0,4.0,8.0,4.0,21.0,,,,,,,,,,,,,,,,,,,,,,,,,,,,,,
S001051,M00116,P0045,T004,23.0,17.0,14.0,0.0,4.0,1.0,0.0,4.0,19.0,3.0,5.0,4.0,6.0,10.0,,,,,,,,,,,,,,,,,,,,,,,,,,,,,,
S001052,M00116,P0040,T004,14.0,0.0,5.0,1.0,1.0,1.0,5.0,8.0,7.0,6.0,0.0,5.0,5.0,5.0,,,,,,,,,,,,,,,,,,,,,,,,,,,,,,
S001053,M00116,P0044,T004,38.0,13.0,6.0,0.0,0.0,0.0,0.0,9.0,19.0,3.0,3.0,4.0,6.0,19.0,,,,,,,,,,,,,,,,,,,,,,,,,,,,,,
S001054,M00116,P0048,T004,17.0,7.0,0.0,0.0,4.0,4.0,4.0,10.0,5.0,0.0,4.0,1.0,6.0,30.0,,,,,,,,,,,,,,,,,,,,,,,,,,,,,,
S001055,M00116,P0038,T004,10.0,1.0,2.0,6.0,4.0,1.0,6.0,4.0,7.0,5.0,7.0,3.0,7.0,28.0,,,,,,,,,,,,,,,,,,,,,,,,,,,,,,
S001056,M00116,P0050,T004,36.0,34.0,14.0,11.0,5.0,4.0,0.0,7.0,3.0,4.0,5.0,4.0,8.0,31.0,,,,,,,,,,,,,,,,,,,,,,,,,,,,,,
S001057,M00117,P0092,T008,11.0,1.0,8.0,10.0,1.0,1.0,3.0,2.0,6.0,5.0,3.0,7.0,1.0,34.0,,,,,,,,,,,,,,,,,,,,,,,,,,,,,,
S001058,M00117,P0099,T008,13.0,33.0,2.0,5.0,0.0,4.0,4.0,6.0,11.0,2.0,8.0,2.0,9.0,35.0,,,,,,,,,,,,,,,,,,,,,,,,,,,,,,
S001059,M00117,P0097,T008,35.0,19.0,4.0,0.0,1.0,2.0,6.0,1.0,5.0,2.0,3.0,5.0,3.0,13.0,,,,,,,,,,,,,,,,,,,,,,,,,,,,,,
S001060,M00117,P0098,T008,23.0,26.0,0.0,7.0,2.0,3.0,4.0,10.0,11.0,2.0,9.0,4.0,6.0,18.0,,,,,,,,,,,,,,,,,,,,,,,,,,,,,,
S001061,M00117,P0095,T008,24.0,9.0,1.0,1.0,0.0,4.0,1.0,5.0,3.0,6.0,2.0,8.0,1.0,27.0,,,,,,,,,,,,,,,,,,,,,,,,,,,,,,
S001062,M00117,P0101,T008,26.0,9.0,4.0,10.0,1.0,4.0,3.0,10.0,12.0,0.0,2.0,6.0,2.0,6.0,,,,,,,,,,,,,,,,,,,,,,,,,,,,,,
S001063,M00117,P0103,T008,26.0,22.0,2.0,7.0,2.0,2.0,1.0,8.0,10.0,6.0,5.0,3.0,6.0,14.0,,,,,,,,,,,,,,,,,,,,,,,,,,,,,,
S001064,M00117,P0091,T008,15.0,14.0,11.0,7.0,0.0,0.0,2.0,2.0,8.0,4.0,1.0,8.0,2.0,22.0,,,,,,,,,,,,,,,,,,,,,,,,,,,,,,
S001065,M00117,P0062,T005,15.0,20.0,11.0,9.0,0.0,2.0,5.0,7.0,6.0,0.0,0.0,7.0,9.0,10.0,,,,,,,,,,,,,,,,,,,,,,,,,,,,,,
S001066,M00117,P0056,T005,17.0,3.0,8.0,6.0,3.0,0.0,0.0,2.0,7.0,4.0,3.0,8.0,2.0,19.0,,,,,,,,,,,,,,,,,,,,,,,,,,,,,,
S001067,M00117,P0052,T005,12.0,1.0,2.0,11.0,5.0,1.0,1.0,3.0,16.0,0.0,5.0,1.0,2.0,5.0,,,,,,,,,,,,,,,,,,,,,,,,,,,,,,
S001068,M00117,P0059,T005,30.0,16.0,11.0,0.0,3.0,3.0,3.0,6.0,10.0,6.0,4.0,4.0,6.0,28.0,,,,,,,,,,,,,,,,,,,,,,,,,,,,,,
S001069,M00117,P0061,T005,11.0,19.0,5.0,2.0,3.0,3.0,1.0,5.0,15.0,6.0,0.0,1.0,9.0,7.0,,,,,,,,,,,,,,,,,,,,,,,,,,,,,,
S001070,M00117,P0057,T005,20.0,15.0,0.0,5.0,3.0,1.0,5.0,5.0,18.0,6.0,2.0,4.0,3.0,16.0,,,,,,,,,,,,,,,,,,,,,,,,,,,,,,
S001071,M00117,P0051,T005,27.0,26.0,2.0,7.0,3.0,4.0,1.0,3.0,13.0,6.0,1.0,2.0,7.0,26.0,,,,,,,,,,,,,,,,,,,,,,,,,,,,,,
S001072,M00117,P0063,T005,40.0,11.0,12.0,7.0,0.0,4.0,3.0,7.0,15.0,2.0,6.0,2.0,2.0,13.0,,,,,,,,,,,,,,,,,,,,,,,,,,,,,,
S001073,M00119,P0065,T006,35.0,18.0,15.0,7.0,0.0,1.0,4.0,1.0,9.0,2.0,0.0,0.0,6.0,34.0,,,,,,,,,,,,,,,,,,,,,,,,,,,,,,
S001074,M00119,P0073,T006,13.0,32.0,9.0,8.0,4.0,3.0,2.0,3.0,7.0,1.0,5.0,4.0,3.0,14.0,,,,,,,,,,,,,,,,,,,,,,,,,,,,,,
S001075,M00119,P0071,T006,11.0,19.0,13.0,11.0,3.0,4.0,1.0,2.0,7.0,0.0,5.0,6.0,4.0,24.0,,,,,,,,,,,,,,,,,,,,,,,,,,,,,,
S001076,M00119,P0070,T006,33.0,22.0,5.0,5.0,2.0,4.0,6.0,3.0,3.0,3.0,10.0,4.0,4.0,25.0,,,,,,,,,,,,,,,,,,,,,,,,,,,,,,
S001077,M00119,P0072,T006,36.0,5.0,3.0,1.0,5.0,4.0,3.0,4.0,20.0,4.0,1.0,8.0,2.0,19.0,,,,,,,,,,,,,,,,,,,,,,,,,,,,,,
S001078,M00119,P0076,T006,17.0,0.0,13.0,3.0,2.0,1.0,2.0,10.0,12.0,4.0,8.0,2.0,1.0,21.0,,,,,,,,,,,,,,,,,,,,,,,,,,,,,,
S001079,M00119,P0074,T006,26.0,17.0,13.0,8.0,0.0,3.0,3.0,5.0,3.0,2.0,1.0,1.0,0.0,10.0,,,,,,,,,,,,,,,,,,,,,,,,,,,,,,
S001080,M00119,P0068,T006,12.0,10.0,11.0,4.0,1.0,2.0,0.0,3.0,10.0,6.0,0.0,1.0,6.0,6.0,,,,,,,,,,,,,,,,,,,,,,,,,,,,,,
S001081,M00119,P0055,T005,13.0,32.0,12.0,0.0,0.0,1.0,1.0,1.0,9.0,0.0,9.0,7.0,8.0,31.0,,,,,,,,,,,,,,,,,,,,,,,,,,,,,,
S001082,M00119,P0060,T005,28.0,3.0,2.0,1.0,2.0,0.0,0.0,4.0,12.0,3.0,1.0,3.0,1.0,29.0,,,,,,,,,,,,,,,,,,,,,,,,,,,,,,
S001083,M00119,P0059,T005,32.0,31.0,3.0,9.0,3.0,4.0,3.0,1.0,6.0,5.0,6.0,2.0,5.0,26.0,,,,,,,,,,,,,,,,,,,,,,,,,,,,,,
S001084,M00119,P0057,T005,32.0,3.0,8.0,1.0,4.0,2.0,6.0,8.0,19.0,2.0,5.0,0.0,10.0,8.0,,,,,,,,,,,,,,,,,,,,,,,,,,,,,,
S001085,M00119,P0051,T005,12.0,13.0,14.0,5.0,1.0,2.0,4.0,3.0,6.0,0.0,7.0,2.0,8.0,21.0,,,,,,,,,,,,,,,,,,,,,,,,,,,,,,
S001086,M00119,P0054,T005,31.0,28.0,0.0,7.0,1.0,3.0,4.0,1.0,10.0,3.0,1.0,6.0,1.0,18.0,,,,,,,,,,,,,,,,,,,,,,,,,,,,,,
S001087,M00119,P0058,T005,10.0,35.0,3.0,12.0,4.0,3.0,6.0,3.0,7.0,1.0,10.0,6.0,4.0,20.0,,,,,,,,,,,,,,,,,,,,,,,,,,,,,,
S001088,M00119,P0052,T005,25.0,7.0,6.0,7.0,2.0,1.0,0.0,8.0,16.0,4.0,1.0,0.0,2.0,30.0,,,,,,,,,,,,,,,,,,,,,,,,,,,,,,
S001089,M00120,P0055,T005,11.0,0.0,5.0,10.0,2.0,2.0,1.0,3.0,9.0,3.0,2.0,2.0,1.0,17.0,,,,,,,,,,,,,,,,,,,,,,,,,,,,,,
S001090,M00120,P0059,T005,28.0,2.0,12.0,9.0,5.0,3.0,4.0,6.0,17.0,2.0,6.0,7.0,0.0,17.0,,,,,,,,,,,,,,,,,,,,,,,,,,,,,,
S001091,M00120,P0051,T005,35.0,28.0,11.0,1.0,3.0,4.0,5.0,2.0,10.0,4.0,5.0,2.0,1.0,15.0,,,,,,,,,,,,,,,,,,,,,,,,,,,,,,
S001092,M00120,P0062,T005,11.0,7.0,13.0,4.0,1.0,3.0,0.0,1.0,18.0,0.0,3.0,3.0,5.0,6.0,,,,,,,,,,,,,,,,,,,,,,,,,,,,,,
S001093,M00120,P0056,T005,40.0,33.0,8.0,12.0,1.0,2.0,6.0,4.0,6.0,4.0,8.0,3.0,9.0,9.0,,,,,,,,,,,,,,,,,,,,,,,,,,,,,,
S001094,M00120,P0060,T005,19.0,34.0,9.0,8.0,0.0,1.0,0.0,1.0,12.0,0.0,6.0,1.0,0.0,15.0,,,,,,,,,,,,,,,,,,,,,,,,,,,,,,
S001095,M00120,P0054,T005,37.0,14.0,1.0,2.0,0.0,2.0,0.0,7.0,18.0,5.0,5.0,8.0,6.0,27.0,,,,,,,,,,,,,,,,,,,,,,,,,,,,,,
S001096,M00120,P0063,T005,19.0,25.0,7.0,3.0,5.0,4.0,6.0,6.0,10.0,2.0,8.0,1.0,1.0,5.0,,,,,,,,,,,,,,,,,,,,,,,,,,,,,,
S001097,M00120,P0096,T008,25.0,32.0,13.0,1.0,2.0,3.0,1.0,9.0,13.0,2.0,1.0,2.0,8.0,29.0,,,,,,,,,,,,,,,,,,,,,,,,,,,,,,
S001098,M00120,P0091,T008,12.0,28.0,15.0,5.0,0.0,1.0,1.0,10.0,14.0,6.0,9.0,7.0,8.0,8.0,,,,,,,,,,,,,,,,,,,,,,,,,,,,,,
S001099,M00120,P0092,T008,20.0,23.0,8.0,2.0,3.0,0.0,6.0,10.0,17.0,1.0,3.0,6.0,0.0,9.0,,,,,,,,,,,,,,,,,,,,,,,,,,,,,,
S001100,M00120,P0095,T008,19.0,18.0,13.0,12.0,5.0,2.0,6.0,5.0,16.0,6.0,7.0,7.0,2.0,6.0,,,,,,,,,,,,,,,,,,,,,,,,,,,,,,
S001101,M00120,P0098,T008,21.0,4.0,14.0,1.0,0.0,3.0,1.0,1.0,19.0,3.0,1.0,5.0,6.0,30.0,,,,,,,,,,,,,,,,,,,,,,,,,,,,,,
S001102,M00120,P0097,T008,18.0,30.0,7.0,7.0,5.0,0.0,1.0,2.0,18.0,2.0,4.0,3.0,8.0,5.0,,,,,,,,,,,,,,,,,,,,,,,,,,,,,,
S001103,M00120,P0093,T008,34.0,11.0,14.0,4.0,0.0,2.0,4.0,6.0,17.0,5.0,2.0,6.0,0.0,10.0,,,,,,,,,,,,,,,,,,,,,,,,,,,,,,
S001104,M00120,P0101,T008,28.0,11.0,10.0,4.0,3.0,4.0,3.0,3.0,17.0,1.0,8.0,8.0,4.0,6.0,,,,,,,,,,,,,,,,,,,,,,,,,,,,,,
S001105,M00124,P0139,T010,54.0,,,0.0,,,,,,,,,,,3.0,6.0,1.0,31.0,73.0,8.0,3.0,1.0,0.0,1.0,0.0,6.6,,,,,,,,,,,,,,,,,,
S001106,M00124,P0138,T010,53.0,,,2.0,,,,,,,,,,,1.0,3.0,4.0,40.0,63.0,6.0,5.0,2.0,0.0,2.0,0.0,7.3,,,,,,,,,,,,,,,,,,
S001107,M00124,P0143,T010,78.0,,,2.0,,,,,,,,,,,3.0,5.0,1.0,21.0,63.0,5.0,2.0,0.0,0.0,2.0,0.0,8.1,,,,,,,,,,,,,,,,,,
S001108,M00124,P0133,T010,83.0,,,1.0,,,,,,,,,,,1.0,1.0,4.0,36.0,65.0,5.0,4.0,1.0,0.0,2.0,0.0,8.5,,,,,,,,,,,,,,,,,,
S001109,M00124,P0129,T010,65.0,,,2.0,,,,,,,,,,,1.0,5.0,2.0,36.0,88.0,0.0,5.0,1.0,0.0,3.0,0.0,7.2,,,,,,,,,,,,,,,,,,
S001110,M00124,P0125,T010,66.0,,,1.0,,,,,,,,,,,2.0,1.0,3.0,14.0,61.0,3.0,4.0,1.0,0.0,1.0,7.0,5.9,,,,,,,,,,,,,,,,,,
S001111,M00124,P0132,T010,70.0,,,1.0,,,,,,,,,,,1.0,5.0,1.0,21.0,63.0,2.0,1.0,2.0,0.0,0.0,0.0,5.5,,,,,,,,,,,,,,,,,,
S001112,M00124,P0135,T010,49.0,,,1.0,,,,,,,,,,,3.0,5.0,3.0,37.0,67.0,7.0,0.0,1.0,0.0,2.0,0.0,5.7,,,,,,,,,,,,,,,,,,
S001113,M00124,P0131,T010,79.0,,,0.0,,,,,,,,,,,2.0,2.0,2.0,45.0,85.0,8.0,1.0,0.0,0.0,0.0,0.0,8.8,,,,,,,,,,,,,,,,,,
S001114,M00124,P0137,T010,82.0,,,0.0,,,,,,,,,,,0.0,4.0,1.0,21.0,61.0,2.0,5.0,1.0,1.0,4.0,8.0,5.1,,,,,,,,,,,,,,,,,,
S001115,M00124,P0128,T010,62.0,,,2.0,,,,,,,,,,,1.0,3.0,2.0,41.0,64.0,0.0,3.0,2.0,0.0,0.0,7.0,7.1,,,,,,,,,,,,,,,,,,
S001116,M00124,P0276,T016,47.0,,,2.0,,,,,,,,,,,2.0,1.0,1.0,21.0,86.0,7.0,1.0,1.0,0.0,3.0,0.0,7.6,,,,,,,,,,,,,,,,,,
S001117,M00124,P0282,T016,52.0,,,0.0,,,,,,,,,,,3.0,4.0,2.0,60.0,88.0,6.0,1.0,2.0,0.0,1.0,0.0,8.3,,,,,,,,,,,,,,,,,,
S001118,M00124,P0278,T016,65.0,,,0.0,,,,,,,,,,,2.0,1.0,2.0,49.0,95.0,5.0,0.0,2.0,0.0,5.0,0.0,7.7,,,,,,,,,,,,,,,,,,
S001119,M00124,P0288,T016,53.0,,,2.0,,,,,,,,,,,3.0,1.0,3.0,21.0,94.0,1.0,1.0,2.0,0.0,3.0,3.0,6.6,,,,,,,,,,,,,,,,,,
S001120,M00124,P0294,T016,48.0,,,2.0,,,,,,,,,,,2.0,6.0,3.0,13.0,68.0,6.0,5.0,1.0,0.0,5.0,0.0,6.5,,,,,,,,,,,,,,,,,,
S001121,M00124,P0283,T016,55.0,,,0.0,,,,,,,,,,,3.0,4.0,2.0,32.0,73.0,7.0,2.0,2.0,0.0,4.0,0.0,6.7,,,,,,,,,,,,,,,,,,
S001122,M00124,P0292,T016,73.0,,,2.0,,,,,,,,,,,0.0,6.0,4.0,37.0,79.0,0.0,3.0,2.0,0.0,2.0,6.0,8.8,,,,,,,,,,,,,,,,,,
S001123,M00124,P0295,T016,46.0,,,0.0,,,,,,,,,,,1.0,4.0,0.0,52.0,66.0,2.0,4.0,0.0,0.0,0.0,0.0,9.1,,,,,,,,,,,,,,,,,,
S001124,M00124,P0281,T016,64.0,,,2.0,,,,,,,,,,,1.0,0.0,2.0,26.0,94.0,0.0,4.0,0.0,0.0,1.0,5.0,9.3,,,,,,,,,,,,,,,,,,
S001125,M00124,P0286,T016,60.0,,,0.0,,,,,,,,,,,1.0,0.0,1.0,25.0,82.0,1.0,0.0,0.0,0.0,5.0,0.0,8.6,,,,,,,,,,,,,,,,,,
S001126,M00124,P0289,T016,67.0,,,0.0,,,,,,,,,,,0.0,4.0,1.0,31.0,78.0,5.0,5.0,2.0,0.0,1.0,6.0,7.6,,,,,,,,,,,,,,,,,,
S001127,M00125,P0162,T011,70.0,,,2.0,,,,,,,,,,,1.0,3.0,1.0,10.0,94.0,0.0,2.0,2.0,0.0,4.0,0.0,9.5,,,,,,,,,,,,,,,,,,
S001128,M00125,P0166,T011,59.0,,,0.0,,,,,,,,,,,0.0,6.0,2.0,58.0,77.0,1.0,1.0,2.0,0.0,2.0,0.0,8.4,,,,,,,,,,,,,,,,,,
S001129,M00125,P0154,T011,70.0,,,2.0,,,,,,,,,,,2.0,4.0,4.0,18.0,63.0,1.0,1.0,0.0,0.0,3.0,0.0,5.9,,,,,,,,,,,,,,,,,,
S001130,M00125,P0151,T011,75.0,,,1.0,,,,,,,,,,,3.0,4.0,2.0,27.0,70.0,1.0,0.0,1.0,0.0,2.0,1.0,7.5,,,,,,,,,,,,,,,,,,
S001131,M00125,P0163,T011,73.0,,,2.0,,,,,,,,,,,2.0,6.0,0.0,47.0,68.0,2.0,3.0,1.0,0.0,1.0,0.0,5.4,,,,,,,,,,,,,,,,,,
S001132,M00125,P0152,T011,68.0,,,2.0,,,,,,,,,,,1.0,3.0,1.0,37.0,77.0,7.0,2.0,0.0,0.0,4.0,6.0,6.1,,,,,,,,,,,,,,,,,,
S001133,M00125,P0165,T011,51.0,,,2.0,,,,,,,,,,,1.0,0.0,4.0,37.0,67.0,7.0,1.0,0.0,0.0,4.0,0.0,5.7,,,,,,,,,,,,,,,,,,
S001134,M00125,P0159,T011,79.0,,,1.0,,,,,,,,,,,2.0,6.0,1.0,27.0,63.0,3.0,1.0,2.0,0.0,2.0,0.0,8.1,,,,,,,,,,,,,,,,,,
S001135,M00125,P0147,T011,66.0,,,0.0,,,,,,,,,,,2.0,2.0,0.0,27.0,73.0,2.0,0.0,2.0,0.0,2.0,3.0,8.0,,,,,,,,,,,,,,,,,,
S001136,M00125,P0149,T011,48.0,,,1.0,,,,,,,,,,,3.0,4.0,3.0,50.0,68.0,4.0,3.0,2.0,0.0,2.0,0.0,8.1,,,,,,,,,,,,,,,,,,
S001137,M00125,P0148,T011,61.0,,,0.0,,,,,,,,,,,1.0,0.0,4.0,44.0,75.0,4.0,5.0,2.0,0.0,4.0,0.0,8.6,,,,,,,,,,,,,,,,,,
S001138,M00125,P0213,T013,69.0,,,0.0,,,,,,,,,,,1.0,1.0,1.0,47.0,95.0,6.0,2.0,0.0,0.0,4.0,0.0,9.2,,,,,,,,,,,,,,,,,,
S001139,M00125,P0200,T013,55.0,,,1.0,,,,,,,,,,,2.0,5.0,4.0,52.0,78.0,6.0,2.0,0.0,0.0,2.0,0.0,7.9,,,,,,,,,,,,,,,,,,
S001140,M00125,P0195,T013,67.0,,,2.0,,,,,,,,,,,1.0,4.0,1.0,59.0,80.0,6.0,5.0,1.0,0.0,1.0,0.0,5.1,,,,,,,,,,,,,,,,,,
S001141,M00125,P0204,T013,77.0,,,1.0,,,,,,,,,,,2.0,3.0,1.0,52.0,70.0,5.0,2.0,0.0,0.0,5.0,0.0,8.9,,,,,,,,,,,,,,,,,,
S001142,M00125,P0212,T013,68.0,,,2.0,,,,,,,,,,,0.0,3.0,1.0,45.0,70.0,2.0,1.0,1.0,0.0,0.0,0.0,7.4,,,,,,,,,,,,,,,,,,
S001143,M00125,P0210,T013,67.0,,,0.0,,,,,,,,,,,3.0,6.0,2.0,38.0,71.0,8.0,3.0,0.0,0.0,2.0,0.0,9.0,,,,,,,,,,,,,,,,,,
S001144,M00125,P0214,T013,86.0,,,0.0,,,,,,,,,,,0.0,6.0,1.0,60.0,70.0,3.0,2.0,0.0,0.0,4.0,0.0,5.8,,,,,,,,,,,,,,,,,,
S001145,M00125,P0196,T013,45.0,,,2.0,,,,,,,,,,,0.0,5.0,3.0,35.0,70.0,7.0,0.0,0.0,0.0,0.0,0.0,6.2,,,,,,,,,,,,,,,,,,
S001146,M00125,P0208,T013,66.0,,,2.0,,,,,,,,,,,0.0,2.0,3.0,22.0,71.0,1.0,3.0,1.0,0.0,0.0,3.0,7.8,,,,,,,,,,,,,,,,,,
S001147,M00125,P0219,T013,48.0,,,2.0,,,,,,,,,,,0.0,1.0,1.0,33.0,72.0,8.0,4.0,0.0,0.0,2.0,0.0,8.8,,,,,,,,,,,,,,,,,,
S001148,M00125,P0205,T013,50.0,,,2.0,,,,,,,,,,,0.0,1.0,3.0,10.0,62.0,6.0,0.0,2.0,0.0,3.0,0.0,8.0,,,,,,,,,,,,,,,,,,
S001149,M00126,P0177,T012,70.0,,,0.0,,,,,,,,,,,2.0,5.0,4.0,55.0,82.0,0.0,0.0,2.0,0.0,3.0,0.0,5.8,,,,,,,,,,,,,,,,,,
S001150,M00126,P0179,T012,62.0,,,0.0,,,,,,,,,,,3.0,3.0,3.0,52.0,69.0,3.0,5.0,0.0,0.0,1.0,0.0,8.5,,,,,,,,,,,,,,,,,,
S001151,M00126,P0175,T012,52.0,,,2.0,,,,,,,,,,,0.0,6.0,4.0,26.0,78.0,1.0,3.0,1.0,0.0,1.0,0.0,8.2,,,,,,,,,,,,,,,,,,
S001152,M00126,P0193,T012,69.0,,,1.0,,,,,,,,,,,2.0,6.0,2.0,17.0,72.0,7.0,1.0,1.0,0.0,3.0,8.0,6.6,,,,,,,,,,,,,,,,,,
S001153,M00126,P0170,T012,71.0,,,1.0,,,,,,,,,,,0.0,6.0,1.0,60.0,76.0,4.0,1.0,2.0,0.0,2.0,6.0,8.6,,,,,,,,,,,,,,,,,,
S001154,M00126,P0188,T012,75.0,,,1.0,,,,,,,,,,,2.0,0.0,4.0,45.0,88.0,0.0,0.0,1.0,0.0,4.0,0.0,5.8,,,,,,,,,,,,,,,,,,
S001155,M00126,P0180,T012,64.0,,,0.0,,,,,,,,,,,1.0,1.0,2.0,45.0,74.0,7.0,2.0,1.0,0.0,0.0,0.0,8.5,,,,,,,,,,,,,,,,,,
S001156,M00126,P0168,T012,55.0,,,1.0,,,,,,,,,,,1.0,2.0,3.0,59.0,81.0,3.0,4.0,1.0,0.0,3.0,0.0,7.6,,,,,,,,,,,,,,,,,,
S001157,M00126,P0182,T012,45.0,,,1.0,,,,,,,,,,,1.0,6.0,2.0,59.0,94.0,5.0,5.0,0.0,0.0,1.0,0.0,6.9,,,,,,,,,,,,,,,,,,
S001158,M00126,P0189,T012,81.0,,,1.0,,,,,,,,,,,0.0,5.0,3.0,21.0,72.0,8.0,3.0,2.0,0.0,0.0,0.0,7.9,,,,,,,,,,,,,,,,,,
S001159,M00126,P0171,T012,45.0,,,0.0,,,,,,,,,,,2.0,4.0,2.0,50.0,80.0,7.0,5.0,1.0,0.0,3.0,0.0,8.3,,,,,,,,,,,,,,,,,,
S001160,M00126,P0152,T011,72.0,,,1.0,,,,,,,,,,,0.0,3.0,3.0,57.0,66.0,4.0,1.0,1.0,0.0,4.0,4.0,6.2,,,,,,,,,,,,,,,,,,
S001161,M00126,P0155,T011,74.0,,,1.0,,,,,,,,,,,0.0,5.0,3.0,15.0,94.0,7.0,5.0,1.0,0.0,2.0,0.0,9.0,,,,,,,,,,,,,,,,,,
S001162,M00126,P0163,T011,74.0,,,2.0,,,,,,,,,,,1.0,3.0,1.0,35.0,95.0,1.0,2.0,2.0,0.0,5.0,0.0,5.4,,,,,,,,,,,,,,,,,,
S001163,M00126,P0145,T011,68.0,,,0.0,,,,,,,,,,,0.0,1.0,3.0,40.0,70.0,1.0,0.0,2.0,0.0,0.0,0.0,8.1,,,,,,,,,,,,,,,,,,
S001164,M00126,P0146,T011,86.0,,,0.0,,,,,,,,,,,3.0,2.0,1.0,33.0,86.0,6.0,0.0,1.0,0.0,1.0,3.0,7.0,,,,,,,,,,,,,,,,,,
S001165,M00126,P0166,T011,72.0,,,0.0,,,,,,,,,,,1.0,0.0,3.0,40.0,88.0,3.0,0.0,1.0,0.0,0.0,0.0,7.5,,,,,,,,,,,,,,,,,,
S001166,M00126,P0160,T011,53.0,,,2.0,,,,,,,,,,,1.0,1.0,3.0,36.0,90.0,4.0,0.0,2.0,0.0,4.0,0.0,7.0,,,,,,,,,,,,,,,,,,
S001167,M00126,P0153,T011,86.0,,,1.0,,,,,,,,,,,3.0,1.0,4.0,58.0,81.0,0.0,3.0,1.0,0.0,4.0,0.0,6.9,,,,,,,,,,,,,,,,,,
S001168,M00126,P0162,T011,64.0,,,2.0,,,,,,,,,,,1.0,4.0,4.0,42.0,90.0,6.0,0.0,2.0,0.0,5.0,0.0,6.5,,,,,,,,,,,,,,,,,,
S001169,M00126,P0149,T011,46.0,,,2.0,,,,,,,,,,,2.0,1.0,1.0,17.0,89.0,0.0,2.0,2.0,0.0,3.0,0.0,8.4,,,,,,,,,,,,,,,,,,
S001170,M00126,P0165,T011,49.0,,,2.0,,,,,,,,,,,3.0,5.0,3.0,11.0,86.0,6.0,1.0,0.0,0.0,0.0,0.0,6.8,,,,,,,,,,,,,,,,,,
S001171,M00127,P0172,T012,88.0,,,1.0,,,,,,,,,,,1.0,0.0,4.0,19.0,86.0,5.0,1.0,0.0,0.0,3.0,0.0,8.3,,,,,,,,,,,,,,,,,,
S001172,M00127,P0185,T012,45.0,,,1.0,,,,,,,,,,,3.0,4.0,2.0,20.0,85.0,4.0,1.0,0.0,0.0,5.0,0.0,7.7,,,,,,,,,,,,,,,,,,
S001173,M00127,P0188,T012,88.0,,,0.0,,,,,,,,,,,1.0,5.0,1.0,30.0,79.0,0.0,0.0,1.0,0.0,4.0,0.0,7.7,,,,,,,,,,,,,,,,,,
S001174,M00127,P0167,T012,71.0,,,0.0,,,,,,,,,,,3.0,3.0,4.0,21.0,64.0,5.0,4.0,1.0,0.0,2.0,0.0,6.2,,,,,,,,,,,,,,,,,,
S001175,M00127,P0182,T012,83.0,,,1.0,,,,,,,,,,,1.0,1.0,4.0,42.0,77.0,3.0,0.0,2.0,0.0,5.0,0.0,8.1,,,,,,,,,,,,,,,,,,
S001176,M00127,P0173,T012,49.0,,,2.0,,,,,,,,,,,3.0,4.0,0.0,36.0,90.0,8.0,0.0,1.0,0.0,5.0,4.0,8.0,,,,,,,,,,,,,,,,,,
S001177,M00127,P0193,T012,88.0,,,1.0,,,,,,,,,,,0.0,5.0,4.0,47.0,63.0,1.0,3.0,2.0,0.0,4.0,2.0,9.1,,,,,,,,,,,,,,,,,,
S001178,M00127,P0192,T012,86.0,,,1.0,,,,,,,,,,,0.0,0.0,1.0,38.0,62.0,1.0,3.0,0.0,0.0,1.0,0.0,6.9,,,,,,,,,,,,,,,,,,
S001179,M00127,P0194,T012,64.0,,,1.0,,,,,,,,,,,0.0,0.0,1.0,11.0,92.0,8.0,0.0,2.0,0.0,0.0,0.0,7.0,,,,,,,,,,,,,,,,,,
S001180,M00127,P0183,T012,70.0,,,2.0,,,,,,,,,,,1.0,1.0,4.0,36.0,95.0,2.0,5.0,1.0,0.0,4.0,5.0,8.4,,,,,,,,,,,,,,,,,,
S001181,M00127,P0169,T012,46.0,,,1.0,,,,,,,,,,,0.0,1.0,4.0,42.0,81.0,2.0,5.0,2.0,0.0,2.0,0.0,5.4,,,,,,,,,,,,,,,,,,
S001182,M00127,P0117,T009,70.0,,,0.0,,,,,,,,,,,1.0,4.0,0.0,43.0,68.0,0.0,1.0,2.0,0.0,0.0,2.0,9.5,,,,,,,,,,,,,,,,,,
S001183,M00127,P0121,T009,71.0,,,2.0,,,,,,,,,,,1.0,2.0,2.0,27.0,73.0,5.0,4.0,1.0,0.0,1.0,0.0,7.9,,,,,,,,,,,,,,,,,,
S001184,M00127,P0104,T009,66.0,,,0.0,,,,,,,,,,,3.0,0.0,1.0,10.0,78.0,2.0,2.0,0.0,0.0,2.0,0.0,6.0,,,,,,,,,,,,,,,,,,
S001185,M00127,P0124,T009,83.0,,,2.0,,,,,,,,,,,0.0,0.0,1.0,24.0,89.0,5.0,1.0,0.0,0.0,2.0,0.0,7.6,,,,,,,,,,,,,,,,,,
S001186,M00127,P0107,T009,70.0,,,0.0,,,,,,,,,,,0.0,4.0,3.0,51.0,88.0,0.0,1.0,1.0,0.0,2.0,0.0,5.6,,,,,,,,,,,,,,,,,,
S001187,M00127,P0116,T009,89.0,,,0.0,,,,,,,,,,,2.0,2.0,2.0,24.0,87.0,4.0,4.0,0.0,0.0,3.0,0.0,8.6,,,,,,,,,,,,,,,,,,
S001188,M00127,P0123,T009,62.0,,,0.0,,,,,,,,,,,0.0,6.0,3.0,54.0,77.0,8.0,4.0,0.0,0.0,5.0,0.0,7.6,,,,,,,,,,,,,,,,,,
S001189,M00127,P0105,T009,76.0,,,2.0,,,,,,,,,,,1.0,2.0,2.0,55.0,85.0,6.0,1.0,0.0,0.0,1.0,0.0,6.9,,,,,,,,,,,,,,,,,,
S001190,M00127,P0106,T009,69.0,,,1.0,,,,,,,,,,,3.0,4.0,4.0,43.0,86.0,4.0,4.0,0.0,0.0,4.0,0.0,6.4,,,,,,,,,,,,,,,,,,
S001191,M00127,P0111,T009,76.0,,,0.0,,,,,,,,,,,1.0,5.0,0.0,26.0,71.0,8.0,3.0,0.0,0.0,3.0,0.0,7.5,,,,,,,,,,,,,,,,,,
S001192,M00127,P0110,T009,53.0,,,1.0,,,,,,,,,,,0.0,3.0,3.0,14.0,89.0,6.0,1.0,0.0,0.0,3.0,0.0,7.7,,,,,,,,,,,,,,,,,,
S001193,M00128,P0213,T013,80.0,,,1.0,,,,,,,,,,,3.0,4.0,4.0,39.0,91.0,7.0,4.0,0.0,0.0,3.0,0.0,5.1,,,,,,,,,,,,,,,,,,
S001194,M00128,P0214,T013,52.0,,,1.0,,,,,,,,,,,1.0,4.0,1.0,13.0,93.0,4.0,4.0,0.0,0.0,1.0,0.0,7.7,,,,,,,,,,,,,,,,,,
S001195,M00128,P0216,T013,57.0,,,0.0,,,,,,,,,,,0.0,1.0,3.0,10.0,61.0,0.0,0.0,1.0,0.0,5.0,0.0,9.4,,,,,,,,,,,,,,,,,,
S001196,M00128,P0199,T013,89.0,,,1.0,,,,,,,,,,,3.0,1.0,4.0,56.0,64.0,4.0,5.0,2.0,0.0,0.0,4.0,8.3,,,,,,,,,,,,,,,,,,
S001197,M00128,P0219,T013,81.0,,,0.0,,,,,,,,,,,0.0,2.0,0.0,11.0,73.0,8.0,4.0,1.0,0.0,5.0,0.0,8.8,,,,,,,,,,,,,,,,,,
S001198,M00128,P0218,T013,75.0,,,0.0,,,,,,,,,,,1.0,4.0,4.0,44.0,87.0,5.0,5.0,1.0,0.0,5.0,0.0,8.5,,,,,,,,,,,,,,,,,,
S001199,M00128,P0212,T013,89.0,,,1.0,,,,,,,,,,,1.0,0.0,2.0,49.0,69.0,0.0,4.0,0.0,0.0,1.0,0.0,5.1,,,,,,,,,,,,,,,,,,
S001200,M00128,P0202,T013,76.0,,,1.0,,,,,,,,,,,3.0,4.0,0.0,49.0,76.0,8.0,4.0,1.0,0.0,4.0,0.0,9.2,,,,,,,,,,,,,,,,,,
S001201,M00128,P0201,T013,79.0,,,2.0,,,,,,,,,,,0.0,6.0,2.0,35.0,94.0,2.0,0.0,0.0,0.0,2.0,0.0,6.1,,,,,,,,,,,,,,,,,,
S001202,M00128,P0205,T013,45.0,,,2.0,,,,,,,,,,,3.0,3.0,3.0,16.0,93.0,6.0,4.0,1.0,0.0,1.0,0.0,8.4,,,,,,,,,,,,,,,,,,
S001203,M00128,P0207,T013,86.0,,,0.0,,,,,,,,,,,2.0,2.0,1.0,60.0,79.0,7.0,2.0,0.0,0.0,2.0,0.0,6.0,,,,,,,,,,,,,,,,,,
S001204,M00128,P0248,T015,76.0,,,1.0,,,,,,,,,,,3.0,1.0,1.0,14.0,91.0,5.0,0.0,0.0,0.0,4.0,0.0,8.4,,,,,,,,,,,,,,,,,,
S001205,M00128,P0267,T015,56.0,,,0.0,,,,,,,,,,,0.0,5.0,2.0,49.0,64.0,3.0,4.0,1.0,0.0,3.0,0.0,5.2,,,,,,,,,,,,,,,,,,
S001206,M00128,P0252,T015,64.0,,,1.0,,,,,,,,,,,1.0,6.0,2.0,27.0,88.0,4.0,4.0,2.0,0.0,2.0,0.0,7.2,,,,,,,,,,,,,,,,,,
S001207,M00128,P0261,T015,46.0,,,2.0,,,,,,,,,,,3.0,4.0,3.0,18.0,74.0,5.0,0.0,0.0,0.0,3.0,0.0,6.9,,,,,,,,,,,,,,,,,,
S001208,M00128,P0274,T015,49.0,,,1.0,,,,,,,,,,,0.0,5.0,0.0,54.0,95.0,5.0,0.0,1.0,0.0,5.0,2.0,8.9,,,,,,,,,,,,,,,,,,
S001209,M00128,P0265,T015,82.0,,,0.0,,,,,,,,,,,2.0,2.0,2.0,34.0,72.0,4.0,0.0,2.0,0.0,4.0,0.0,8.6,,,,,,,,,,,,,,,,,,
S001210,M00128,P0256,T015,77.0,,,1.0,,,,,,,,,,,0.0,2.0,4.0,57.0,65.0,1.0,2.0,1.0,0.0,5.0,0.0,8.6,,,,,,,,,,,,,,,,,,
S001211,M00128,P0258,T015,70.0,,,0.0,,,,,,,,,,,2.0,4.0,0.0,35.0,63.0,7.0,3.0,0.0,0.0,0.0,3.0,9.0,,,,,,,,,,,,,,,,,,
S001212,M00128,P0249,T015,45.0,,,1.0,,,,,,,,,,,2.0,2.0,0.0,44.0,77.0,0.0,1.0,2.0,0.0,5.0,0.0,7.5,,,,,,,,,,,,,,,,,,
S001213,M00128,P0246,T015,56.0,,,2.0,,,,,,,,,,,0.0,0.0,1.0,47.0,84.0,6.0,1.0,2.0,0.0,1.0,0.0,7.3,,,,,,,,,,,,,,,,,,
S001214,M00128,P0247,T015,79.0,,,2.0,,,,,,,,,,,3.0,2.0,0.0,52.0,88.0,8.0,4.0,0.0,0.0,2.0,0.0,5.7,,,,,,,,,,,,,,,,,,
S001215,M00130,P0286,T016,71.0,,,0.0,,,,,,,,,,,1.0,0.0,1.0,48.0,89.0,4.0,2.0,0.0,0.0,4.0,0.0,9.1,,,,,,,,,,,,,,,,,,
S001216,M00130,P0278,T016,72.0,,,0.0,,,,,,,,,,,3.0,4.0,4.0,45.0,90.0,0.0,4.0,0.0,0.0,5.0,0.0,8.2,,,,,,,,,,,,,,,,,,
S001217,M00130,P0288,T016,83.0,,,2.0,,,,,,,,,,,0.0,6.0,2.0,24.0,65.0,1.0,1.0,2.0,0.0,1.0,6.0,6.7,,,,,,,,,,,,,,,,,,
S001218,M00130,P0285,T016,51.0,,,2.0,,,,,,,,,,,2.0,2.0,4.0,31.0,95.0,0.0,2.0,0.0,0.0,1.0,2.0,8.0,,,,,,,,,,,,,,,,,,
S001219,M00130,P0289,T016,52.0,,,0.0,,,,,,,,,,,3.0,2.0,3.0,53.0,70.0,2.0,0.0,1.0,0.0,3.0,0.0,7.1,,,,,,,,,,,,,,,,,,
S001220,M00130,P0287,T016,62.0,,,2.0,,,,,,,,,,,2.0,2.0,2.0,40.0,63.0,8.0,5.0,2.0,0.0,5.0,0.0,9.0,,,,,,,,,,,,,,,,,,
S001221,M00130,P0292,T016,50.0,,,0.0,,,,,,,,,,,3.0,2.0,3.0,57.0,64.0,5.0,5.0,0.0,0.0,3.0,7.0,8.6,,,,,,,,,,,,,,,,,,
S001222,M00130,P0279,T016,71.0,,,1.0,,,,,,,,,,,1.0,1.0,1.0,30.0,84.0,0.0,2.0,0.0,0.0,1.0,0.0,8.4,,,,,,,,,,,,,,,,,,
S001223,M00130,P0293,T016,49.0,,,0.0,,,,,,,,,,,2.0,1.0,2.0,41.0,95.0,7.0,0.0,0.0,0.0,4.0,0.0,6.8,,,,,,,,,,,,,,,,,,
S001224,M00130,P0290,T016,66.0,,,1.0,,,,,,,,,,,0.0,1.0,0.0,35.0,85.0,3.0,3.0,0.0,0.0,1.0,0.0,8.3,,,,,,,,,,,,,,,,,,
S001225,M00130,P0281,T016,86.0,,,2.0,,,,,,,,,,,0.0,5.0,3.0,27.0,60.0,8.0,4.0,0.0,0.0,1.0,0.0,7.7,,,,,,,,,,,,,,,,,,
S001226,M00130,P0109,T009,55.0,,,1.0,,,,,,,,,,,1.0,6.0,2.0,46.0,89.0,5.0,1.0,0.0,0.0,1.0,0.0,9.4,,,,,,,,,,,,,,,,,,
S001227,M00130,P0105,T009,47.0,,,2.0,,,,,,,,,,,0.0,5.0,4.0,37.0,62.0,2.0,3.0,1.0,0.0,3.0,0.0,9.2,,,,,,,,,,,,,,,,,,
S001228,M00130,P0111,T009,87.0,,,1.0,,,,,,,,,,,2.0,6.0,2.0,50.0,68.0,0.0,2.0,1.0,0.0,4.0,0.0,6.3,,,,,,,,,,,,,,,,,,
S001229,M00130,P0104,T009,63.0,,,0.0,,,,,,,,,,,2.0,4.0,0.0,17.0,95.0,0.0,5.0,2.0,0.0,4.0,0.0,7.7,,,,,,,,,,,,,,,,,,
S001230,M00130,P0108,T009,67.0,,,2.0,,,,,,,,,,,2.0,1.0,2.0,28.0,81.0,6.0,3.0,0.0,0.0,4.0,0.0,8.6,,,,,,,,,,,,,,,,,,
S001231,M00130,P0115,T009,68.0,,,0.0,,,,,,,,,,,1.0,3.0,4.0,41.0,63.0,5.0,5.0,1.0,0.0,1.0,6.0,5.5,,,,,,,,,,,,,,,,,,
S001232,M00130,P0106,T009,71.0,,,1.0,,,,,,,,,,,1.0,4.0,3.0,11.0,88.0,0.0,2.0,1.0,0.0,1.0,0.0,8.4,,,,,,,,,,,,,,,,,,
S001233,M00130,P0121,T009,70.0,,,0.0,,,,,,,,,,,0.0,1.0,2.0,14.0,83.0,8.0,2.0,0.0,0.0,1.0,0.0,8.1,,,,,,,,,,,,,,,,,,
S001234,M00130,P0113,T009,49.0,,,0.0,,,,,,,,,,,3.0,5.0,0.0,37.0,91.0,1.0,2.0,1.0,0.0,4.0,0.0,7.0,,,,,,,,,,,,,,,,,,
S001235,M00130,P0120,T009,48.0,,,0.0,,,,,,,,,,,2.0,1.0,2.0,29.0,64.0,3.0,1.0,2.0,0.0,3.0,0.0,7.6,,,,,,,,,,,,,,,,,,
S001236,M00130,P0124,T009,48.0,,,1.0,,,,,,,,,,,3.0,5.0,2.0,23.0,66.0,5.0,5.0,1.0,0.0,2.0,0.0,8.3,,,,,,,,,,,,,,,,,,
S001237,M00131,P0170,T012,64.0,,,2.0,,,,,,,,,,,3.0,1.0,3.0,31.0,84.0,1.0,4.0,0.0,0.0,2.0,7.0,6.2,,,,,,,,,,,,,,,,,,
S001238,M00131,P0185,T012,87.0,,,1.0,,,,,,,,,,,3.0,4.0,0.0,33.0,89.0,0.0,1.0,0.0,1.0,5.0,0.0,7.2,,,,,,,,,,,,,,,,,,
S001239,M00131,P0190,T012,75.0,,,2.0,,,,,,,,,,,0.0,2.0,1.0,10.0,66.0,2.0,1.0,0.0,0.0,3.0,0.0,7.2,,,,,,,,,,,,,,,,,,
S001240,M00131,P0169,T012,58.0,,,0.0,,,,,,,,,,,1.0,5.0,4.0,54.0,90.0,3.0,5.0,0.0,0.0,3.0,0.0,6.3,,,,,,,,,,,,,,,,,,
S001241,M00131,P0187,T012,47.0,,,2.0,,,,,,,,,,,1.0,1.0,2.0,25.0,70.0,6.0,3.0,1.0,0.0,4.0,0.0,7.9,,,,,,,,,,,,,,,,,,
S001242,M00131,P0183,T012,61.0,,,1.0,,,,,,,,,,,1.0,3.0,1.0,49.0,70.0,3.0,5.0,2.0,0.0,5.0,2.0,5.2,,,,,,,,,,,,,,,,,,
S001243,M00131,P0192,T012,60.0,,,0.0,,,,,,,,,,,1.0,4.0,0.0,26.0,60.0,1.0,3.0,2.0,0.0,1.0,0.0,7.3,,,,,,,,,,,,,,,,,,
S001244,M00131,P0193,T012,63.0,,,0.0,,,,,,,,,,,1.0,2.0,3.0,52.0,64.0,8.0,1.0,2.0,0.0,5.0,7.0,6.5,,,,,,,,,,,,,,,,,,
S001245,M00131,P0184,T012,65.0,,,1.0,,,,,,,,,,,0.0,6.0,2.0,54.0,81.0,2.0,3.0,0.0,0.0,3.0,0.0,6.5,,,,,,,,,,,,,,,,,,
S001246,M00131,P0179,T012,81.0,,,0.0,,,,,,,,,,,0.0,4.0,1.0,17.0,61.0,0.0,5.0,1.0,0.0,1.0,0.0,6.0,,,,,,,,,,,,,,,,,,
S001247,M00131,P0180,T012,54.0,,,1.0,,,,,,,,,,,1.0,5.0,1.0,18.0,91.0,7.0,3.0,1.0,0.0,0.0,0.0,6.9,,,,,,,,,,,,,,,,,,
S001248,M00131,P0141,T010,80.0,,,0.0,,,,,,,,,,,2.0,1.0,3.0,12.0,81.0,5.0,1.0,2.0,0.0,2.0,2.0,7.8,,,,,,,,,,,,,,,,,,
S001249,M00131,P0126,T010,50.0,,,2.0,,,,,,,,,,,0.0,3.0,2.0,56.0,63.0,2.0,3.0,1.0,0.0,5.0,0.0,8.9,,,,,,,,,,,,,,,,,,
S001250,M00131,P0137,T010,75.0,,,2.0,,,,,,,,,,,2.0,1.0,3.0,39.0,86.0,2.0,2.0,2.0,0.0,3.0,2.0,5.1,,,,,,,,,,,,,,,,,,
S001251,M00131,P0142,T010,47.0,,,2.0,,,,,,,,,,,1.0,3.0,1.0,42.0,82.0,6.0,2.0,1.0,0.0,2.0,0.0,7.6,,,,,,,,,,,,,,,,,,
S001252,M00131,P0134,T010,62.0,,,2.0,,,,,,,,,,,2.0,3.0,4.0,23.0,66.0,8.0,1.0,2.0,0.0,4.0,0.0,8.1,,,,,,,,,,,,,,,,,,
S001253,M00131,P0136,T010,81.0,,,2.0,,,,,,,,,,,2.0,6.0,0.0,26.0,92.0,6.0,0.0,2.0,0.0,2.0,0.0,8.7,,,,,,,,,,,,,,,,,,
S001254,M00131,P0132,T010,45.0,,,2.0,,,,,,,,,,,2.0,5.0,1.0,19.0,86.0,6.0,2.0,0.0,0.0,5.0,0.0,6.0,,,,,,,,,,,,,,,,,,
S001255,M00131,P0125,T010,82.0,,,1.0,,,,,,,,,,,2.0,0.0,1.0,16.0,70.0,8.0,4.0,2.0,0.0,4.0,1.0,8.0,,,,,,,,,,,,,,,,,,
S001256,M00131,P0138,T010,51.0,,,2.0,,,,,,,,,,,2.0,2.0,4.0,31.0,74.0,4.0,0.0,0.0,0.0,1.0,0.0,8.1,,,,,,,,,,,,,,,,,,
S001257,M00131,P0144,T010,72.0,,,0.0,,,,,,,,,,,1.0,1.0,4.0,43.0,79.0,7.0,2.0,0.0,0.0,5.0,0.0,5.7,,,,,,,,,,,,,,,,,,
S001258,M00131,P0128,T010,70.0,,,2.0,,,,,,,,,,,3.0,4.0,3.0,14.0,92.0,8.0,4.0,0.0,0.0,1.0,3.0,7.0,,,,,,,,,,,,,,,,,,
S001259,M00136,P0293,T016,57.0,,,2.0,,,,,,,,,,,2.0,5.0,2.0,35.0,79.0,7.0,5.0,2.0,0.0,2.0,0.0,6.8,,,,,,,,,,,,,,,,,,
S001260,M00136,P0291,T016,88.0,,,2.0,,,,,,,,,,,2.0,3.0,3.0,49.0,77.0,6.0,1.0,2.0,0.0,0.0,0.0,8.9,,,,,,,,,,,,,,,,,,
S001261,M00136,P0277,T016,73.0,,,0.0,,,,,,,,,,,1.0,3.0,0.0,13.0,94.0,0.0,4.0,0.0,0.0,3.0,0.0,6.8,,,,,,,,,,,,,,,,,,
S001262,M00136,P0286,T016,45.0,,,1.0,,,,,,,,,,,0.0,2.0,2.0,30.0,88.0,8.0,3.0,1.0,0.0,5.0,0.0,9.2,,,,,,,,,,,,,,,,,,
S001263,M00136,P0285,T016,70.0,,,1.0,,,,,,,,,,,2.0,6.0,2.0,41.0,82.0,1.0,1.0,1.0,0.0,2.0,0.0,5.0,,,,,,,,,,,,,,,,,,
S001264,M00136,P0295,T016,69.0,,,1.0,,,,,,,,,,,3.0,4.0,3.0,43.0,68.0,4.0,5.0,0.0,0.0,3.0,0.0,6.7,,,,,,,,,,,,,,,,,,
S001265,M00136,P0282,T016,61.0,,,0.0,,,,,,,,,,,2.0,1.0,1.0,26.0,79.0,4.0,0.0,2.0,0.0,3.0,4.0,5.0,,,,,,,,,,,,,,,,,,
S001266,M00136,P0284,T016,57.0,,,2.0,,,,,,,,,,,1.0,3.0,4.0,37.0,61.0,8.0,1.0,1.0,0.0,0.0,0.0,8.3,,,,,,,,,,,,,,,,,,
S001267,M00136,P0276,T016,73.0,,,0.0,,,,,,,,,,,0.0,3.0,1.0,12.0,79.0,4.0,1.0,0.0,0.0,3.0,0.0,5.3,,,,,,,,,,,,,,,,,,
S001268,M00136,P0289,T016,47.0,,,2.0,,,,,,,,,,,2.0,0.0,4.0,49.0,94.0,3.0,0.0,2.0,0.0,2.0,1.0,6.0,,,,,,,,,,,,,,,,,,
S001269,M00136,P0290,T016,87.0,,,2.0,,,,,,,,,,,0.0,6.0,3.0,50.0,64.0,7.0,4.0,1.0,0.0,4.0,0.0,8.9,,,,,,,,,,,,,,,,,,
S001270,M00136,P0108,T009,78.0,,,1.0,,,,,,,,,,,0.0,2.0,0.0,39.0,73.0,5.0,3.0,2.0,0.0,4.0,0.0,9.4,,,,,,,,,,,,,,,,,,
S001271,M00136,P0112,T009,45.0,,,1.0,,,,,,,,,,,2.0,5.0,1.0,46.0,76.0,0.0,2.0,2.0,0.0,4.0,0.0,5.2,,,,,,,,,,,,,,,,,,
S001272,M00136,P0114,T009,87.0,,,0.0,,,,,,,,,,,3.0,1.0,4.0,26.0,77.0,2.0,5.0,0.0,0.0,0.0,5.0,9.1,,,,,,,,,,,,,,,,,,
S001273,M00136,P0124,T009,83.0,,,1.0,,,,,,,,,,,1.0,4.0,2.0,49.0,61.0,7.0,1.0,1.0,0.0,1.0,0.0,5.4,,,,,,,,,,,,,,,,,,
S001274,M00136,P0123,T009,73.0,,,1.0,,,,,,,,,,,3.0,2.0,4.0,37.0,89.0,5.0,4.0,1.0,0.0,0.0,0.0,8.0,,,,,,,,,,,,,,,,,,
S001275,M00136,P0107,T009,49.0,,,2.0,,,,,,,,,,,3.0,2.0,4.0,56.0,70.0,3.0,0.0,2.0,0.0,5.0,0.0,5.6,,,,,,,,,,,,,,,,,,
S001276,M00136,P0119,T009,83.0,,,2.0,,,,,,,,,,,2.0,4.0,3.0,54.0,92.0,4.0,0.0,2.0,0.0,1.0,0.0,7.9,,,,,,,,,,,,,,,,,,
S001277,M00136,P0109,T009,59.0,,,1.0,,,,,,,,,,,1.0,0.0,2.0,56.0,95.0,6.0,5.0,2.0,0.0,1.0,0.0,7.1,,,,,,,,,,,,,,,,,,
S001278,M00136,P0110,T009,75.0,,,2.0,,,,,,,,,,,2.0,1.0,0.0,38.0,72.0,0.0,3.0,1.0,0.0,4.0,0.0,6.0,,,,,,,,,,,,,,,,,,
S001279,M00136,P0113,T009,86.0,,,1.0,,,,,,,,,,,0.0,0.0,4.0,58.0,65.0,7.0,4.0,2.0,0.0,1.0,0.0,9.0,,,,,,,,,,,,,,,,,,
S001280,M00136,P0121,T009,68.0,,,2.0,,,,,,,,,,,2.0,2.0,3.0,49.0,95.0,0.0,3.0,0.0,0.0,3.0,0.0,8.3,,,,,,,,,,,,,,,,,,
S001281,M00137,P0202,T013,75.0,,,0.0,,,,,,,,,,,0.0,5.0,3.0,30.0,77.0,8.0,5.0,2.0,0.0,5.0,0.0,9.0,,,,,,,,,,,,,,,,,,
S001282,M00137,P0215,T013,62.0,,,1.0,,,,,,,,,,,3.0,4.0,2.0,55.0,76.0,1.0,5.0,1.0,0.0,2.0,0.0,6.4,,,,,,,,,,,,,,,,,,
S001283,M00137,P0210,T013,82.0,,,2.0,,,,,,,,,,,0.0,4.0,4.0,53.0,62.0,7.0,5.0,0.0,0.0,0.0,0.0,6.6,,,,,,,,,,,,,,,,,,
S001284,M00137,P0198,T013,49.0,,,1.0,,,,,,,,,,,2.0,4.0,0.0,45.0,79.0,5.0,4.0,2.0,0.0,5.0,0.0,6.8,,,,,,,,,,,,,,,,,,
S001285,M00137,P0209,T013,70.0,,,2.0,,,,,,,,,,,1.0,2.0,4.0,42.0,88.0,6.0,1.0,2.0,0.0,1.0,0.0,8.1,,,,,,,,,,,,,,,,,,
S001286,M00137,P0214,T013,70.0,,,0.0,,,,,,,,,,,0.0,1.0,4.0,35.0,66.0,2.0,0.0,2.0,0.0,4.0,0.0,5.1,,,,,,,,,,,,,,,,,,
S001287,M00137,P0211,T013,66.0,,,2.0,,,,,,,,,,,0.0,6.0,4.0,16.0,69.0,8.0,4.0,2.0,0.0,5.0,0.0,8.5,,,,,,,,,,,,,,,,,,
S001288,M00137,P0195,T013,51.0,,,0.0,,,,,,,,,,,1.0,5.0,3.0,10.0,85.0,6.0,5.0,2.0,0.0,0.0,0.0,5.2,,,,,,,,,,,,,,,,,,
S001289,M00137,P0199,T013,82.0,,,0.0,,,,,,,,,,,1.0,3.0,1.0,47.0,95.0,2.0,3.0,2.0,0.0,1.0,3.0,6.2,,,,,,,,,,,,,,,,,,
S001290,M00137,P0200,T013,90.0,,,2.0,,,,,,,,,,,3.0,2.0,4.0,39.0,62.0,3.0,5.0,1.0,0.0,3.0,0.0,6.5,,,,,,,,,,,,,,,,,,
S001291,M00137,P0216,T013,77.0,,,2.0,,,,,,,,,,,3.0,6.0,1.0,22.0,81.0,5.0,5.0,1.0,0.0,3.0,0.0,7.0,,,,,,,,,,,,,,,,,,
S001292,M00137,P0148,T011,73.0,,,1.0,,,,,,,,,,,0.0,1.0,0.0,43.0,90.0,3.0,4.0,1.0,0.0,2.0,0.0,6.2,,,,,,,,,,,,,,,,,,
S001293,M00137,P0150,T011,64.0,,,2.0,,,,,,,,,,,2.0,4.0,1.0,16.0,64.0,4.0,0.0,1.0,0.0,0.0,0.0,7.9,,,,,,,,,,,,,,,,,,
S001294,M00137,P0151,T011,89.0,,,0.0,,,,,,,,,,,0.0,1.0,2.0,13.0,72.0,6.0,4.0,1.0,0.0,5.0,6.0,8.7,,,,,,,,,,,,,,,,,,
S001295,M00137,P0166,T011,79.0,,,2.0,,,,,,,,,,,0.0,0.0,4.0,50.0,88.0,7.0,4.0,1.0,0.0,1.0,0.0,6.0,,,,,,,,,,,,,,,,,,
S001296,M00137,P0155,T011,64.0,,,1.0,,,,,,,,,,,2.0,3.0,4.0,28.0,76.0,6.0,3.0,2.0,0.0,0.0,0.0,9.1,,,,,,,,,,,,,,,,,,
S001297,M00137,P0162,T011,59.0,,,2.0,,,,,,,,,,,3.0,6.0,3.0,29.0,61.0,1.0,3.0,0.0,0.0,4.0,0.0,6.4,,,,,,,,,,,,,,,,,,
S001298,M00137,P0161,T011,58.0,,,2.0,,,,,,,,,,,3.0,5.0,1.0,17.0,82.0,7.0,2.0,1.0,0.0,1.0,2.0,8.0,,,,,,,,,,,,,,,,,,
S001299,M00137,P0160,T011,59.0,,,2.0,,,,,,,,,,,0.0,3.0,4.0,59.0,73.0,0.0,1.0,2.0,0.0,2.0,0.0,7.5,,,,,,,,,,,,,,,,,,
S001300,M00137,P0145,T011,90.0,,,2.0,,,,,,,,,,,2.0,1.0,1.0,24.0,71.0,4.0,0.0,1.0,0.0,5.0,0.0,6.7,,,,,,,,,,,,,,,,,,
S001301,M00137,P0159,T011,80.0,,,2.0,,,,,,,,,,,2.0,5.0,2.0,44.0,75.0,6.0,3.0,0.0,0.0,1.0,0.0,6.3,,,,,,,,,,,,,,,,,,
S001302,M00137,P0165,T011,69.0,,,2.0,,,,,,,,,,,3.0,2.0,3.0,21.0,67.0,5.0,5.0,2.0,0.0,4.0,0.0,6.3,,,,,,,,,,,,,,,,,,
S001303,M00138,P0127,T010,55.0,,,2.0,,,,,,,,,,,0.0,5.0,0.0,35.0,95.0,1.0,5.0,1.0,0.0,0.0,0.0,6.0,,,,,,,,,,,,,,,,,,
S001304,M00138,P0140,T010,64.0,,,2.0,,,,,,,,,,,2.0,3.0,3.0,54.0,63.0,4.0,4.0,0.0,0.0,3.0,0.0,6.3,,,,,,,,,,,,,,,,,,
S001305,M00138,P0133,T010,53.0,,,2.0,,,,,,,,,,,1.0,3.0,2.0,52.0,75.0,3.0,0.0,0.0,0.0,5.0,0.0,6.6,,,,,,,,,,,,,,,,,,
S001306,M00138,P0128,T010,46.0,,,2.0,,,,,,,,,,,3.0,6.0,1.0,17.0,95.0,3.0,3.0,1.0,0.0,0.0,6.0,9.5,,,,,,,,,,,,,,,,,,
S001307,M00138,P0138,T010,71.0,,,0.0,,,,,,,,,,,3.0,0.0,1.0,30.0,85.0,3.0,2.0,0.0,0.0,0.0,0.0,5.6,,,,,,,,,,,,,,,,,,
S001308,M00138,P0126,T010,53.0,,,2.0,,,,,,,,,,,1.0,5.0,1.0,27.0,94.0,0.0,0.0,0.0,0.0,3.0,0.0,7.5,,,,,,,,,,,,,,,,,,
S001309,M00138,P0132,T010,71.0,,,1.0,,,,,,,,,,,3.0,4.0,0.0,16.0,90.0,7.0,4.0,0.0,0.0,5.0,0.0,6.4,,,,,,,,,,,,,,,,,,
S001310,M00138,P0125,T010,70.0,,,1.0,,,,,,,,,,,0.0,2.0,0.0,49.0,70.0,3.0,1.0,1.0,0.0,2.0,6.0,9.1,,,,,,,,,,,,,,,,,,
S001311,M00138,P0130,T010,72.0,,,0.0,,,,,,,,,,,2.0,6.0,3.0,13.0,67.0,8.0,3.0,0.0,0.0,1.0,0.0,6.7,,,,,,,,,,,,,,,,,,
S001312,M00138,P0137,T010,49.0,,,2.0,,,,,,,,,,,2.0,5.0,3.0,49.0,81.0,5.0,4.0,0.0,0.0,3.0,7.0,6.7,,,,,,,,,,,,,,,,,,
S001313,M00138,P0144,T010,61.0,,,1.0,,,,,,,,,,,0.0,4.0,0.0,11.0,73.0,8.0,2.0,0.0,0.0,5.0,0.0,8.6,,,,,,,,,,,,,,,,,,
S001314,M00138,P0177,T012,54.0,,,2.0,,,,,,,,,,,1.0,4.0,1.0,46.0,60.0,4.0,3.0,0.0,0.0,0.0,0.0,6.1,,,,,,,,,,,,,,,,,,
S001315,M00138,P0169,T012,68.0,,,1.0,,,,,,,,,,,2.0,5.0,0.0,33.0,90.0,4.0,4.0,0.0,0.0,0.0,0.0,5.5,,,,,,,,,,,,,,,,,,
S001316,M00138,P0190,T012,89.0,,,2.0,,,,,,,,,,,3.0,4.0,3.0,47.0,80.0,3.0,0.0,0.0,0.0,0.0,0.0,6.3,,,,,,,,,,,,,,,,,,
S001317,M00138,P0192,T012,82.0,,,1.0,,,,,,,,,,,2.0,1.0,3.0,41.0,87.0,6.0,0.0,2.0,0.0,5.0,0.0,7.4,,,,,,,,,,,,,,,,,,
S001318,M00138,P0173,T012,68.0,,,0.0,,,,,,,,,,,0.0,0.0,4.0,40.0,75.0,1.0,2.0,0.0,0.0,2.0,1.0,9.2,,,,,,,,,,,,,,,,,,
S001319,M00138,P0175,T012,61.0,,,1.0,,,,,,,,,,,1.0,3.0,4.0,36.0,70.0,1.0,0.0,1.0,0.0,0.0,0.0,7.5,,,,,,,,,,,,,,,,,,
S001320,M00138,P0176,T012,51.0,,,2.0,,,,,,,,,,,0.0,5.0,3.0,50.0,93.0,5.0,3.0,1.0,0.0,3.0,0.0,6.8,,,,,,,,,,,,,,,,,,
S001321,M00138,P0189,T012,80.0,,,0.0,,,,,,,,,,,0.0,6.0,3.0,47.0,72.0,3.0,5.0,0.0,0.0,2.0,0.0,5.8,,,,,,,,,,,,,,,,,,
S001322,M00138,P0184,T012,57.0,,,1.0,,,,,,,,,,,0.0,0.0,0.0,21.0,72.0,0.0,1.0,2.0,0.0,2.0,0.0,9.4,,,,,,,,,,,,,,,,,,
S001323,M00138,P0179,T012,89.0,,,2.0,,,,,,,,,,,2.0,0.0,2.0,18.0,70.0,4.0,5.0,0.0,0.0,1.0,0.0,5.1,,,,,,,,,,,,,,,,,,
S001324,M00138,P0182,T012,71.0,,,0.0,,,,,,,,,,,3.0,0.0,2.0,14.0,76.0,5.0,5.0,2.0,0.0,0.0,0.0,5.4,,,,,,,,,,,,,,,,,,
S001325,M00139,P0157,T011,47.0,,,1.0,,,,,,,,,,,0.0,1.0,4.0,18.0,71.0,2.0,0.0,1.0,0.0,5.0,0.0,5.1,,,,,,,,,,,,,,,,,,
S001326,M00139,P0158,T011,87.0,,,0.0,,,,,,,,,,,0.0,0.0,1.0,26.0,94.0,4.0,1.0,0.0,0.0,1.0,0.0,6.0,,,,,,,,,,,,,,,,,,
S001327,M00139,P0152,T011,56.0,,,0.0,,,,,,,,,,,2.0,4.0,3.0,17.0,73.0,2.0,1.0,2.0,0.0,2.0,6.0,8.1,,,,,,,,,,,,,,,,,,
S001328,M00139,P0151,T011,66.0,,,0.0,,,,,,,,,,,1.0,2.0,1.0,42.0,85.0,4.0,2.0,2.0,0.0,0.0,2.0,6.2,,,,,,,,,,,,,,,,,,
S001329,M00139,P0161,T011,77.0,,,1.0,,,,,,,,,,,3.0,1.0,2.0,21.0,63.0,5.0,1.0,1.0,0.0,5.0,7.0,7.8,,,,,,,,,,,,,,,,,,
S001330,M00139,P0149,T011,60.0,,,2.0,,,,,,,,,,,2.0,4.0,4.0,50.0,83.0,2.0,4.0,1.0,0.0,2.0,0.0,6.8,,,,,,,,,,,,,,,,,,
S001331,M00139,P0162,T011,50.0,,,2.0,,,,,,,,,,,2.0,1.0,3.0,35.0,83.0,5.0,4.0,0.0,0.0,3.0,0.0,9.3,,,,,,,,,,,,,,,,,,
S001332,M00139,P0147,T011,68.0,,,2.0,,,,,,,,,,,1.0,4.0,0.0,49.0,86.0,6.0,2.0,0.0,0.0,2.0,3.0,6.1,,,,,,,,,,,,,,,,,,
S001333,M00139,P0165,T011,82.0,,,0.0,,,,,,,,,,,2.0,2.0,3.0,59.0,77.0,6.0,3.0,2.0,0.0,1.0,0.0,6.5,,,,,,,,,,,,,,,,,,
S001334,M00139,P0159,T011,80.0,,,0.0,,,,,,,,,,,3.0,6.0,4.0,45.0,81.0,3.0,1.0,1.0,0.0,5.0,0.0,8.4,,,,,,,,,,,,,,,,,,
S001335,M00139,P0160,T011,69.0,,,2.0,,,,,,,,,,,3.0,1.0,2.0,16.0,81.0,7.0,0.0,0.0,0.0,5.0,0.0,8.1,,,,,,,,,,,,,,,,,,
S001336,M00139,P0208,T013,66.0,,,0.0,,,,,,,,,,,3.0,5.0,4.0,11.0,86.0,1.0,3.0,2.0,0.0,2.0,7.0,7.7,,,,,,,,,,,,,,,,,,
S001337,M00139,P0201,T013,60.0,,,1.0,,,,,,,,,,,0.0,0.0,2.0,24.0,92.0,1.0,0.0,1.0,0.0,4.0,0.0,8.0,,,,,,,,,,,,,,,,,,
S001338,M00139,P0215,T013,89.0,,,0.0,,,,,,,,,,,3.0,0.0,1.0,11.0,91.0,3.0,3.0,0.0,0.0,3.0,0.0,8.1,,,,,,,,,,,,,,,,,,
S001339,M00139,P0212,T013,45.0,,,1.0,,,,,,,,,,,0.0,4.0,4.0,37.0,90.0,8.0,5.0,0.0,0.0,1.0,0.0,6.7,,,,,,,,,,,,,,,,,,
S001340,M00139,P0202,T013,62.0,,,0.0,,,,,,,,,,,1.0,1.0,0.0,28.0,85.0,3.0,4.0,1.0,0.0,3.0,0.0,6.8,,,,,,,,,,,,,,,,,,
S001341,M00139,P0205,T013,65.0,,,0.0,,,,,,,,,,,2.0,5.0,4.0,50.0,70.0,6.0,5.0,1.0,0.0,3.0,0.0,5.9,,,,,,,,,,,,,,,,,,
S001342,M00139,P0203,T013,57.0,,,1.0,,,,,,,,,,,0.0,1.0,4.0,47.0,79.0,0.0,1.0,1.0,0.0,2.0,8.0,8.8,,,,,,,,,,,,,,,,,,
S001343,M00139,P0218,T013,50.0,,,0.0,,,,,,,,,,,0.0,5.0,3.0,54.0,84.0,4.0,4.0,1.0,0.0,3.0,0.0,7.0,,,,,,,,,,,,,,,,,,
S001344,M00139,P0204,T013,88.0,,,1.0,,,,,,,,,,,0.0,5.0,4.0,24.0,73.0,5.0,1.0,2.0,0.0,0.0,0.0,9.3,,,,,,,,,,,,,,,,,,
S001345,M00139,P0219,T013,51.0,,,1.0,,,,,,,,,,,1.0,6.0,4.0,11.0,67.0,6.0,5.0,0.0,0.0,2.0,0.0,8.3,,,,,,,,,,,,,,,,,,
S001346,M00139,P0213,T013,47.0,,,0.0,,,,,,,,,,,0.0,1.0,1.0,27.0,77.0,3.0,3.0,2.0,0.0,3.0,0.0,8.0,,,,,,,,,,,,,,,,,,
S001347,M00140,P0282,T016,48.0,,,1.0,,,,,,,,,,,0.0,3.0,4.0,23.0,62.0,1.0,2.0,2.0,0.0,3.0,0.0,9.4,,,,,,,,,,,,,,,,,,
S001348,M00140,P0284,T016,82.0,,,0.0,,,,,,,,,,,0.0,0.0,2.0,51.0,70.0,0.0,1.0,2.0,0.0,3.0,0.0,8.8,,,,,,,,,,,,,,,,,,
S001349,M00140,P0293,T016,52.0,,,2.0,,,,,,,,,,,3.0,0.0,0.0,49.0,62.0,3.0,2.0,0.0,0.0,1.0,0.0,6.2,,,,,,,,,,,,,,,,,,
S001350,M00140,P0279,T016,66.0,,,2.0,,,,,,,,,,,2.0,2.0,1.0,13.0,73.0,5.0,1.0,0.0,0.0,5.0,0.0,7.2,,,,,,,,,,,,,,,,,,
S001351,M00140,P0285,T016,87.0,,,1.0,,,,,,,,,,,0.0,6.0,4.0,16.0,73.0,8.0,3.0,0.0,0.0,3.0,1.0,8.8,,,,,,,,,,,,,,,,,,
S001352,M00140,P0276,T016,50.0,,,0.0,,,,,,,,,,,3.0,1.0,1.0,60.0,66.0,4.0,0.0,0.0,0.0,3.0,0.0,8.0,,,,,,,,,,,,,,,,,,
S001353,M00140,P0289,T016,45.0,,,2.0,,,,,,,,,,,1.0,4.0,0.0,28.0,65.0,1.0,1.0,2.0,0.0,5.0,4.0,6.4,,,,,,,,,,,,,,,,,,
S001354,M00140,P0291,T016,76.0,,,2.0,,,,,,,,,,,0.0,1.0,3.0,40.0,92.0,5.0,3.0,1.0,0.0,3.0,0.0,5.8,,,,,,,,,,,,,,,,,,
S001355,M00140,P0294,T016,49.0,,,2.0,,,,,,,,,,,1.0,6.0,0.0,12.0,91.0,4.0,4.0,0.0,0.0,3.0,0.0,5.5,,,,,,,,,,,,,,,,,,
S001356,M00140,P0280,T016,81.0,,,0.0,,,,,,,,,,,2.0,1.0,1.0,17.0,82.0,4.0,0.0,0.0,0.0,0.0,0.0,9.1,,,,,,,,,,,,,,,,,,
S001357,M00140,P0277,T016,58.0,,,0.0,,,,,,,,,,,2.0,3.0,4.0,52.0,87.0,2.0,3.0,0.0,0.0,2.0,0.0,8.7,,,,,,,,,,,,,,,,,,
S001358,M00140,P0177,T012,63.0,,,2.0,,,,,,,,,,,3.0,6.0,0.0,55.0,89.0,8.0,4.0,2.0,0.0,4.0,0.0,7.4,,,,,,,,,,,,,,,,,,
S001359,M00140,P0172,T012,67.0,,,1.0,,,,,,,,,,,3.0,4.0,2.0,42.0,74.0,0.0,0.0,1.0,0.0,5.0,0.0,8.2,,,,,,,,,,,,,,,,,,
S001360,M00140,P0194,T012,66.0,,,1.0,,,,,,,,,,,3.0,2.0,3.0,23.0,83.0,5.0,4.0,1.0,0.0,1.0,0.0,7.0,,,,,,,,,,,,,,,,,,
S001361,M00140,P0193,T012,50.0,,,0.0,,,,,,,,,,,3.0,3.0,3.0,18.0,83.0,6.0,2.0,0.0,0.0,0.0,7.0,5.1,,,,,,,,,,,,,,,,,,
S001362,M00140,P0187,T012,47.0,,,1.0,,,,,,,,,,,0.0,6.0,2.0,17.0,74.0,0.0,3.0,2.0,0.0,3.0,0.0,8.9,,,,,,,,,,,,,,,,,,
S001363,M00140,P0182,T012,61.0,,,2.0,,,,,,,,,,,0.0,4.0,3.0,59.0,66.0,0.0,0.0,2.0,1.0,3.0,0.0,6.8,,,,,,,,,,,,,,,,,,
S001364,M00140,P0176,T012,83.0,,,2.0,,,,,,,,,,,0.0,2.0,0.0,41.0,68.0,8.0,1.0,0.0,0.0,1.0,3.0,7.3,,,,,,,,,,,,,,,,,,
S001365,M00140,P0169,T012,52.0,,,1.0,,,,,,,,,,,0.0,6.0,1.0,18.0,74.0,2.0,4.0,0.0,0.0,4.0,0.0,5.7,,,,,,,,,,,,,,,,,,
S001366,M00140,P0167,T012,45.0,,,1.0,,,,,,,,,,,2.0,2.0,1.0,43.0,72.0,5.0,4.0,2.0,0.0,0.0,0.0,5.0,,,,,,,,,,,,,,,,,,
S001367,M00140,P0171,T012,50.0,,,2.0,,,,,,,,,,,0.0,6.0,4.0,27.0,88.0,1.0,1.0,1.0,0.0,0.0,0.0,8.2,,,,,,,,,,,,,,,,,,
S001368,M00140,P0178,T012,60.0,,,2.0,,,,,,,,,,,2.0,0.0,2.0,22.0,80.0,7.0,1.0,0.0,0.0,4.0,2.0,9.2,,,,,,,,,,,,,,,,,,
S001369,M00141,P0220,T014,46.0,,,2.0,,,,,,,,,,,1.0,0.0,0.0,11.0,79.0,1.0,4.0,1.0,0.0,5.0,0.0,9.2,,,,,,,,,,,,,,,,,,
S001370,M00141,P0233,T014,60.0,,,0.0,,,,,,,,,,,2.0,4.0,2.0,58.0,68.0,8.0,0.0,2.0,0.0,3.0,0.0,7.5,,,,,,,,,,,,,,,,,,
S001371,M00141,P0229,T014,74.0,,,2.0,,,,,,,,,,,2.0,5.0,1.0,45.0,62.0,2.0,0.0,2.0,0.0,4.0,0.0,9.2,,,,,,,,,,,,,,,,,,
S001372,M00141,P0223,T014,59.0,,,1.0,,,,,,,,,,,0.0,1.0,2.0,41.0,95.0,0.0,5.0,0.0,0.0,4.0,0.0,8.5,,,,,,,,,,,,,,,,,,
S001373,M00141,P0240,T014,87.0,,,0.0,,,,,,,,,,,1.0,1.0,4.0,56.0,88.0,4.0,1.0,2.0,0.0,4.0,0.0,5.1,,,,,,,,,,,,,,,,,,
S001374,M00141,P0231,T014,66.0,,,1.0,,,,,,,,,,,2.0,3.0,2.0,47.0,79.0,0.0,4.0,1.0,0.0,5.0,0.0,5.0,,,,,,,,,,,,,,,,,,
S001375,M00141,P0235,T014,71.0,,,2.0,,,,,,,,,,,3.0,5.0,0.0,54.0,79.0,5.0,1.0,2.0,0.0,4.0,0.0,6.9,,,,,,,,,,,,,,,,,,
S001376,M00141,P0237,T014,69.0,,,2.0,,,,,,,,,,,0.0,0.0,3.0,31.0,86.0,7.0,1.0,0.0,0.0,2.0,5.0,7.0,,,,,,,,,,,,,,,,,,
S001377,M00141,P0221,T014,47.0,,,1.0,,,,,,,,,,,0.0,2.0,1.0,38.0,86.0,1.0,1.0,1.0,0.0,0.0,0.0,6.3,,,,,,,,,,,,,,,,,,
S001378,M00141,P0234,T014,80.0,,,0.0,,,,,,,,,,,0.0,2.0,1.0,50.0,61.0,8.0,2.0,0.0,0.0,3.0,0.0,7.8,,,,,,,,,,,,,,,,,,
S001379,M00141,P0227,T014,55.0,,,1.0,,,,,,,,,,,3.0,2.0,2.0,39.0,91.0,2.0,2.0,0.0,0.0,5.0,0.0,5.8,,,,,,,,,,,,,,,,,,
S001380,M00141,P0129,T010,74.0,,,1.0,,,,,,,,,,,1.0,0.0,2.0,31.0,75.0,6.0,4.0,0.0,0.0,2.0,0.0,6.4,,,,,,,,,,,,,,,,,,
S001381,M00141,P0133,T010,63.0,,,1.0,,,,,,,,,,,0.0,1.0,3.0,46.0,84.0,0.0,1.0,1.0,0.0,3.0,0.0,5.3,,,,,,,,,,,,,,,,,,
S001382,M00141,P0130,T010,58.0,,,2.0,,,,,,,,,,,1.0,1.0,4.0,60.0,81.0,4.0,2.0,0.0,0.0,0.0,0.0,6.4,,,,,,,,,,,,,,,,,,
S001383,M00141,P0131,T010,79.0,,,2.0,,,,,,,,,,,1.0,3.0,1.0,12.0,77.0,0.0,1.0,2.0,0.0,1.0,0.0,9.1,,,,,,,,,,,,,,,,,,
S001384,M00141,P0134,T010,89.0,,,1.0,,,,,,,,,,,0.0,1.0,0.0,41.0,78.0,2.0,4.0,0.0,0.0,0.0,0.0,6.4,,,,,,,,,,,,,,,,,,
S001385,M00141,P0143,T010,71.0,,,2.0,,,,,,,,,,,3.0,6.0,1.0,17.0,82.0,3.0,4.0,0.0,0.0,3.0,3.0,7.1,,,,,,,,,,,,,,,,,,
S001386,M00141,P0125,T010,45.0,,,0.0,,,,,,,,,,,3.0,1.0,2.0,58.0,62.0,3.0,0.0,0.0,0.0,4.0,0.0,6.4,,,,,,,,,,,,,,,,,,
S001387,M00141,P0137,T010,67.0,,,0.0,,,,,,,,,,,0.0,1.0,0.0,36.0,66.0,0.0,0.0,2.0,0.0,1.0,3.0,6.7,,,,,,,,,,,,,,,,,,
S001388,M00141,P0138,T010,59.0,,,2.0,,,,,,,,,,,3.0,3.0,0.0,48.0,63.0,0.0,0.0,2.0,0.0,5.0,0.0,7.6,,,,,,,,,,,,,,,,,,
S001389,M00141,P0144,T010,66.0,,,0.0,,,,,,,,,,,3.0,3.0,1.0,21.0,81.0,6.0,5.0,2.0,0.0,5.0,0.0,7.2,,,,,,,,,,,,,,,,,,
S001390,M00141,P0126,T010,77.0,,,1.0,,,,,,,,,,,2.0,4.0,2.0,10.0,88.0,2.0,1.0,0.0,0.0,2.0,0.0,8.3,,,,,,,,,,,,,,,,,,
S001391,M00142,P0151,T011,63.0,,,1.0,,,,,,,,,,,2.0,2.0,3.0,56.0,78.0,3.0,3.0,0.0,0.0,0.0,4.0,9.3,,,,,,,,,,,,,,,,,,
S001392,M00142,P0149,T011,67.0,,,2.0,,,,,,,,,,,1.0,4.0,0.0,15.0,88.0,7.0,3.0,1.0,0.0,2.0,0.0,5.3,,,,,,,,,,,,,,,,,,
S001393,M00142,P0152,T011,56.0,,,2.0,,,,,,,,,,,3.0,6.0,3.0,14.0,68.0,0.0,4.0,0.0,0.0,5.0,5.0,7.1,,,,,,,,,,,,,,,,,,
S001394,M00142,P0147,T011,48.0,,,2.0,,,,,,,,,,,3.0,0.0,4.0,13.0,69.0,2.0,1.0,0.0,0.0,3.0,7.0,7.8,,,,,,,,,,,,,,,,,,
S001395,M00142,P0157,T011,88.0,,,0.0,,,,,,,,,,,3.0,3.0,3.0,50.0,87.0,3.0,2.0,0.0,0.0,1.0,0.0,8.1,,,,,,,,,,,,,,,,,,
S001396,M00142,P0159,T011,52.0,,,2.0,,,,,,,,,,,2.0,1.0,0.0,18.0,84.0,8.0,5.0,1.0,0.0,2.0,0.0,6.9,,,,,,,,,,,,,,,,,,
S001397,M00142,P0161,T011,76.0,,,0.0,,,,,,,,,,,0.0,2.0,1.0,48.0,79.0,3.0,0.0,0.0,0.0,5.0,3.0,7.0,,,,,,,,,,,,,,,,,,
S001398,M00142,P0160,T011,66.0,,,2.0,,,,,,,,,,,1.0,6.0,4.0,46.0,69.0,3.0,5.0,2.0,0.0,1.0,0.0,6.2,,,,,,,,,,,,,,,,,,
S001399,M00142,P0162,T011,67.0,,,1.0,,,,,,,,,,,3.0,4.0,1.0,18.0,90.0,8.0,5.0,1.0,0.0,5.0,0.0,7.5,,,,,,,,,,,,,,,,,,
S001400,M00142,P0153,T011,88.0,,,1.0,,,,,,,,,,,3.0,2.0,4.0,14.0,81.0,3.0,4.0,0.0,0.0,0.0,0.0,8.5,,,,,,,,,,,,,,,,,,
S001401,M00142,P0146,T011,87.0,,,1.0,,,,,,,,,,,0.0,6.0,2.0,20.0,87.0,6.0,2.0,0.0,0.0,1.0,5.0,5.3,,,,,,,,,,,,,,,,,,
S001402,M00142,P0224,T014,65.0,,,2.0,,,,,,,,,,,3.0,3.0,3.0,26.0,93.0,7.0,4.0,1.0,0.0,1.0,0.0,5.7,,,,,,,,,,,,,,,,,,
S001403,M00142,P0235,T014,81.0,,,2.0,,,,,,,,,,,2.0,2.0,0.0,11.0,79.0,6.0,5.0,0.0,0.0,3.0,0.0,7.6,,,,,,,,,,,,,,,,,,
S001404,M00142,P0225,T014,81.0,,,1.0,,,,,,,,,,,3.0,3.0,4.0,31.0,67.0,2.0,5.0,0.0,0.0,1.0,0.0,8.4,,,,,,,,,,,,,,,,,,
S001405,M00142,P0228,T014,71.0,,,0.0,,,,,,,,,,,3.0,4.0,1.0,57.0,80.0,0.0,4.0,1.0,0.0,1.0,0.0,6.2,,,,,,,,,,,,,,,,,,
S001406,M00142,P0230,T014,62.0,,,0.0,,,,,,,,,,,1.0,1.0,4.0,17.0,79.0,6.0,5.0,1.0,0.0,1.0,0.0,5.7,,,,,,,,,,,,,,,,,,
S001407,M00142,P0231,T014,57.0,,,1.0,,,,,,,,,,,2.0,3.0,4.0,54.0,60.0,4.0,2.0,1.0,0.0,3.0,0.0,8.9,,,,,,,,,,,,,,,,,,
S001408,M00142,P0227,T014,53.0,,,0.0,,,,,,,,,,,2.0,6.0,4.0,28.0,63.0,7.0,0.0,0.0,0.0,4.0,0.0,7.4,,,,,,,,,,,,,,,,,,
S001409,M00142,P0239,T014,50.0,,,1.0,,,,,,,,,,,2.0,4.0,1.0,59.0,75.0,3.0,3.0,2.0,0.0,1.0,0.0,9.2,,,,,,,,,,,,,,,,,,
S001410,M00142,P0244,T014,89.0,,,1.0,,,,,,,,,,,2.0,0.0,3.0,41.0,85.0,7.0,0.0,1.0,0.0,5.0,3.0,8.0,,,,,,,,,,,,,,,,,,
S001411,M00142,P0240,T014,78.0,,,0.0,,,,,,,,,,,3.0,0.0,0.0,14.0,68.0,2.0,0.0,0.0,0.0,5.0,0.0,8.0,,,,,,,,,,,,,,,,,,
S001412,M00142,P0232,T014,63.0,,,0.0,,,,,,,,,,,2.0,3.0,2.0,59.0,94.0,3.0,1.0,0.0,0.0,3.0,0.0,8.0,,,,,,,,,,,,,,,,,,
S001413,M00144,P0258,T015,89.0,,,1.0,,,,,,,,,,,1.0,0.0,2.0,50.0,76.0,4.0,3.0,2.0,0.0,4.0,5.0,9.1,,,,,,,,,,,,,,,,,,
S001414,M00144,P0246,T015,62.0,,,0.0,,,,,,,,,,,0.0,6.0,1.0,19.0,76.0,5.0,0.0,2.0,0.0,2.0,0.0,5.2,,,,,,,,,,,,,,,,,,
S001415,M00144,P0271,T015,86.0,,,0.0,,,,,,,,,,,0.0,0.0,2.0,28.0,85.0,1.0,3.0,1.0,0.0,4.0,0.0,8.2,,,,,,,,,,,,,,,,,,
S001416,M00144,P0262,T015,90.0,,,2.0,,,,,,,,,,,0.0,0.0,1.0,43.0,92.0,0.0,2.0,1.0,0.0,0.0,0.0,6.3,,,,,,,,,,,,,,,,,,
S001417,M00144,P0251,T015,62.0,,,0.0,,,,,,,,,,,1.0,2.0,3.0,34.0,92.0,5.0,0.0,2.0,0.0,2.0,3.0,7.4,,,,,,,,,,,,,,,,,,
S001418,M00144,P0268,T015,86.0,,,1.0,,,,,,,,,,,0.0,4.0,1.0,40.0,79.0,7.0,2.0,1.0,0.0,1.0,0.0,5.2,,,,,,,,,,,,,,,,,,
S001419,M00144,P0263,T015,85.0,,,0.0,,,,,,,,,,,0.0,3.0,4.0,30.0,84.0,4.0,3.0,0.0,0.0,3.0,0.0,7.5,,,,,,,,,,,,,,,,,,
S001420,M00144,P0265,T015,47.0,,,2.0,,,,,,,,,,,0.0,0.0,1.0,39.0,66.0,6.0,4.0,2.0,0.0,5.0,0.0,8.2,,,,,,,,,,,,,,,,,,
S001421,M00144,P0275,T015,75.0,,,1.0,,,,,,,,,,,0.0,0.0,0.0,33.0,93.0,6.0,3.0,2.0,0.0,0.0,0.0,5.4,,,,,,,,,,,,,,,,,,
S001422,M00144,P0261,T015,81.0,,,1.0,,,,,,,,,,,3.0,3.0,2.0,47.0,93.0,3.0,5.0,0.0,0.0,0.0,0.0,7.1,,,,,,,,,,,,,,,,,,
S001423,M00144,P0248,T015,47.0,,,0.0,,,,,,,,,,,2.0,2.0,4.0,23.0,83.0,3.0,2.0,1.0,0.0,0.0,0.0,7.6,,,,,,,,,,,,,,,,,,
S001424,M00144,P0158,T011,86.0,,,1.0,,,,,,,,,,,1.0,1.0,3.0,35.0,69.0,1.0,3.0,2.0,0.0,4.0,0.0,5.2,,,,,,,,,,,,,,,,,,
S001425,M00144,P0155,T011,88.0,,,2.0,,,,,,,,,,,2.0,6.0,2.0,37.0,87.0,8.0,3.0,2.0,0.0,0.0,0.0,8.7,,,,,,,,,,,,,,,,,,
S001426,M00144,P0159,T011,57.0,,,0.0,,,,,,,,,,,0.0,6.0,4.0,31.0,73.0,2.0,3.0,0.0,0.0,3.0,0.0,6.9,,,,,,,,,,,,,,,,,,
S001427,M00144,P0149,T011,80.0,,,1.0,,,,,,,,,,,1.0,2.0,0.0,50.0,83.0,0.0,1.0,1.0,0.0,4.0,0.0,6.7,,,,,,,,,,,,,,,,,,
S001428,M00144,P0162,T011,64.0,,,0.0,,,,,,,,,,,3.0,1.0,0.0,44.0,89.0,3.0,0.0,2.0,0.0,3.0,0.0,5.6,,,,,,,,,,,,,,,,,,
S001429,M00144,P0156,T011,45.0,,,0.0,,,,,,,,,,,3.0,4.0,1.0,40.0,90.0,7.0,3.0,2.0,0.0,0.0,0.0,5.5,,,,,,,,,,,,,,,,,,
S001430,M00144,P0152,T011,77.0,,,0.0,,,,,,,,,,,2.0,2.0,1.0,54.0,90.0,8.0,3.0,0.0,0.0,4.0,0.0,5.0,,,,,,,,,,,,,,,,,,
S001431,M00144,P0150,T011,50.0,,,0.0,,,,,,,,,,,1.0,0.0,1.0,55.0,77.0,2.0,1.0,1.0,0.0,3.0,0.0,6.0,,,,,,,,,,,,,,,,,,
S001432,M00144,P0148,T011,88.0,,,1.0,,,,,,,,,,,0.0,5.0,3.0,54.0,88.0,7.0,0.0,2.0,0.0,5.0,0.0,9.1,,,,,,,,,,,,,,,,,,
S001433,M00144,P0166,T011,52.0,,,0.0,,,,,,,,,,,3.0,3.0,2.0,55.0,87.0,5.0,3.0,1.0,0.0,3.0,0.0,6.3,,,,,,,,,,,,,,,,,,
S001434,M00144,P0154,T011,83.0,,,2.0,,,,,,,,,,,3.0,6.0,1.0,22.0,78.0,4.0,0.0,0.0,0.0,2.0,0.0,5.7,,,,,,,,,,,,,,,,,,
S001435,M00146,P0229,T014,50.0,,,1.0,,,,,,,,,,,0.0,1.0,4.0,55.0,60.0,7.0,0.0,1.0,0.0,3.0,0.0,8.0,,,,,,,,,,,,,,,,,,
S001436,M00146,P0224,T014,71.0,,,0.0,,,,,,,,,,,0.0,2.0,3.0,60.0,67.0,1.0,2.0,0.0,0.0,0.0,0.0,5.2,,,,,,,,,,,,,,,,,,
S001437,M00146,P0241,T014,70.0,,,1.0,,,,,,,,,,,1.0,0.0,0.0,42.0,62.0,2.0,3.0,1.0,0.0,5.0,3.0,8.0,,,,,,,,,,,,,,,,,,
S001438,M00146,P0232,T014,74.0,,,2.0,,,,,,,,,,,2.0,3.0,4.0,23.0,74.0,5.0,2.0,2.0,0.0,1.0,0.0,6.6,,,,,,,,,,,,,,,,,,
S001439,M00146,P0243,T014,50.0,,,0.0,,,,,,,,,,,1.0,2.0,4.0,35.0,90.0,1.0,2.0,1.0,0.0,5.0,0.0,7.3,,,,,,,,,,,,,,,,,,
S001440,M00146,P0231,T014,71.0,,,1.0,,,,,,,,,,,3.0,5.0,1.0,19.0,61.0,3.0,0.0,1.0,0.0,5.0,0.0,6.8,,,,,,,,,,,,,,,,,,
S001441,M00146,P0226,T014,68.0,,,2.0,,,,,,,,,,,1.0,1.0,2.0,35.0,94.0,5.0,2.0,2.0,0.0,5.0,0.0,7.2,,,,,,,,,,,,,,,,,,
S001442,M00146,P0234,T014,53.0,,,0.0,,,,,,,,,,,2.0,0.0,0.0,54.0,69.0,0.0,4.0,1.0,0.0,0.0,0.0,6.4,,,,,,,,,,,,,,,,,,
S001443,M00146,P0239,T014,69.0,,,1.0,,,,,,,,,,,0.0,0.0,4.0,11.0,95.0,5.0,2.0,0.0,0.0,3.0,1.0,6.8,,,,,,,,,,,,,,,,,,
S001444,M00146,P0225,T014,86.0,,,2.0,,,,,,,,,,,1.0,0.0,1.0,25.0,80.0,6.0,5.0,0.0,0.0,5.0,0.0,8.4,,,,,,,,,,,,,,,,,,
S001445,M00146,P0244,T014,57.0,,,0.0,,,,,,,,,,,0.0,0.0,0.0,56.0,62.0,0.0,4.0,2.0,0.0,0.0,8.0,7.0,,,,,,,,,,,,,,,,,,
S001446,M00146,P0148,T011,66.0,,,2.0,,,,,,,,,,,1.0,5.0,0.0,49.0,74.0,0.0,2.0,2.0,0.0,3.0,0.0,6.9,,,,,,,,,,,,,,,,,,
S001447,M00146,P0145,T011,50.0,,,1.0,,,,,,,,,,,1.0,3.0,1.0,44.0,61.0,8.0,0.0,0.0,1.0,5.0,0.0,7.9,,,,,,,,,,,,,,,,,,
S001448,M00146,P0154,T011,78.0,,,1.0,,,,,,,,,,,0.0,6.0,4.0,29.0,89.0,4.0,3.0,0.0,0.0,5.0,0.0,6.0,,,,,,,,,,,,,,,,,,
S001449,M00146,P0162,T011,50.0,,,1.0,,,,,,,,,,,0.0,5.0,4.0,23.0,75.0,0.0,4.0,1.0,0.0,1.0,0.0,7.7,,,,,,,,,,,,,,,,,,
S001450,M00146,P0146,T011,84.0,,,0.0,,,,,,,,,,,2.0,0.0,4.0,47.0,67.0,4.0,1.0,2.0,0.0,1.0,7.0,9.5,,,,,,,,,,,,,,,,,,
S001451,M00146,P0150,T011,67.0,,,2.0,,,,,,,,,,,0.0,0.0,3.0,41.0,87.0,7.0,5.0,0.0,0.0,3.0,0.0,6.8,,,,,,,,,,,,,,,,,,
S001452,M00146,P0152,T011,53.0,,,1.0,,,,,,,,,,,1.0,1.0,3.0,44.0,93.0,5.0,0.0,0.0,0.0,3.0,2.0,7.1,,,,,,,,,,,,,,,,,,
S001453,M00146,P0161,T011,70.0,,,2.0,,,,,,,,,,,1.0,1.0,1.0,37.0,87.0,6.0,3.0,2.0,0.0,4.0,0.0,7.6,,,,,,,,,,,,,,,,,,
S001454,M00146,P0156,T011,89.0,,,1.0,,,,,,,,,,,1.0,5.0,3.0,15.0,85.0,5.0,1.0,0.0,0.0,5.0,0.0,7.7,,,,,,,,,,,,,,,,,,
S001455,M00146,P0149,T011,90.0,,,1.0,,,,,,,,,,,0.0,2.0,4.0,47.0,75.0,5.0,4.0,2.0,0.0,2.0,0.0,6.5,,,,,,,,,,,,,,,,,,
S001456,M00146,P0163,T011,75.0,,,1.0,,,,,,,,,,,3.0,1.0,3.0,30.0,91.0,6.0,2.0,0.0,0.0,1.0,0.0,9.1,,,,,,,,,,,,,,,,,,
S001457,M00147,P0257,T015,51.0,,,1.0,,,,,,,,,,,3.0,3.0,4.0,47.0,72.0,1.0,1.0,2.0,0.0,2.0,0.0,8.9,,,,,,,,,,,,,,,,,,
S001458,M00147,P0269,T015,67.0,,,2.0,,,,,,,,,,,0.0,4.0,3.0,15.0,67.0,4.0,4.0,1.0,0.0,5.0,0.0,6.6,,,,,,,,,,,,,,,,,,
S001459,M00147,P0263,T015,47.0,,,2.0,,,,,,,,,,,0.0,4.0,1.0,26.0,77.0,2.0,4.0,1.0,0.0,3.0,0.0,6.6,,,,,,,,,,,,,,,,,,
S001460,M00147,P0246,T015,74.0,,,2.0,,,,,,,,,,,0.0,1.0,0.0,59.0,69.0,3.0,0.0,0.0,0.0,1.0,0.0,6.5,,,,,,,,,,,,,,,,,,
S001461,M00147,P0256,T015,45.0,,,2.0,,,,,,,,,,,0.0,4.0,3.0,50.0,62.0,7.0,2.0,0.0,0.0,0.0,0.0,6.8,,,,,,,,,,,,,,,,,,
S001462,M00147,P0272,T015,86.0,,,0.0,,,,,,,,,,,2.0,1.0,1.0,24.0,72.0,6.0,4.0,0.0,0.0,5.0,0.0,7.5,,,,,,,,,,,,,,,,,,
S001463,M00147,P0248,T015,69.0,,,0.0,,,,,,,,,,,1.0,0.0,3.0,50.0,72.0,0.0,1.0,1.0,0.0,3.0,0.0,7.9,,,,,,,,,,,,,,,,,,
S001464,M00147,P0268,T015,72.0,,,1.0,,,,,,,,,,,1.0,5.0,4.0,38.0,83.0,3.0,3.0,2.0,0.0,0.0,0.0,8.1,,,,,,,,,,,,,,,,,,
S001465,M00147,P0255,T015,65.0,,,2.0,,,,,,,,,,,3.0,0.0,2.0,29.0,85.0,5.0,3.0,2.0,0.0,3.0,0.0,6.2,,,,,,,,,,,,,,,,,,
S001466,M00147,P0249,T015,69.0,,,0.0,,,,,,,,,,,3.0,2.0,2.0,26.0,83.0,3.0,2.0,1.0,0.0,2.0,0.0,6.7,,,,,,,,,,,,,,,,,,
S001467,M00147,P0260,T015,72.0,,,1.0,,,,,,,,,,,3.0,6.0,4.0,22.0,77.0,8.0,1.0,1.0,0.0,1.0,0.0,8.0,,,,,,,,,,,,,,,,,,
S001468,M00147,P0287,T016,78.0,,,0.0,,,,,,,,,,,2.0,1.0,0.0,52.0,89.0,7.0,2.0,2.0,0.0,4.0,0.0,9.1,,,,,,,,,,,,,,,,,,
S001469,M00147,P0293,T016,63.0,,,0.0,,,,,,,,,,,1.0,6.0,3.0,59.0,95.0,3.0,5.0,2.0,0.0,1.0,0.0,8.9,,,,,,,,,,,,,,,,,,
S001470,M00147,P0289,T016,72.0,,,2.0,,,,,,,,,,,2.0,0.0,2.0,11.0,79.0,5.0,0.0,1.0,1.0,0.0,2.0,7.4,,,,,,,,,,,,,,,,,,
S001471,M00147,P0281,T016,70.0,,,0.0,,,,,,,,,,,3.0,5.0,0.0,13.0,89.0,3.0,2.0,0.0,0.0,4.0,3.0,7.6,,,,,,,,,,,,,,,,,,
S001472,M00147,P0294,T016,89.0,,,1.0,,,,,,,,,,,3.0,1.0,3.0,19.0,80.0,4.0,5.0,1.0,0.0,5.0,0.0,5.0,,,,,,,,,,,,,,,,,,
S001473,M00147,P0291,T016,80.0,,,0.0,,,,,,,,,,,0.0,3.0,1.0,31.0,95.0,5.0,0.0,1.0,0.0,1.0,0.0,8.1,,,,,,,,,,,,,,,,,,
S001474,M00147,P0283,T016,85.0,,,1.0,,,,,,,,,,,0.0,2.0,0.0,52.0,71.0,8.0,0.0,1.0,0.0,1.0,0.0,9.0,,,,,,,,,,,,,,,,,,
S001475,M00147,P0279,T016,53.0,,,2.0,,,,,,,,,,,3.0,2.0,1.0,24.0,91.0,5.0,1.0,0.0,0.0,5.0,0.0,9.1,,,,,,,,,,,,,,,,,,
S001476,M00147,P0282,T016,52.0,,,0.0,,,,,,,,,,,1.0,5.0,2.0,46.0,61.0,4.0,1.0,1.0,0.0,3.0,4.0,5.7,,,,,,,,,,,,,,,,,,
S001477,M00147,P0295,T016,72.0,,,0.0,,,,,,,,,,,3.0,6.0,2.0,17.0,63.0,8.0,2.0,1.0,0.0,1.0,0.0,7.5,,,,,,,,,,,,,,,,,,
S001478,M00147,P0280,T016,88.0,,,1.0,,,,,,,,,,,2.0,2.0,2.0,15.0,76.0,6.0,0.0,2.0,0.0,5.0,0.0,5.4,,,,,,,,,,,,,,,,,,
S001479,M00149,P0253,T015,89.0,,,2.0,,,,,,,,,,,3.0,0.0,3.0,18.0,90.0,2.0,4.0,0.0,0.0,1.0,0.0,6.1,,,,,,,,,,,,,,,,,,
S001480,M00149,P0256,T015,61.0,,,0.0,,,,,,,,,,,3.0,6.0,1.0,15.0,80.0,7.0,2.0,1.0,0.0,5.0,0.0,5.8,,,,,,,,,,,,,,,,,,
S001481,M00149,P0249,T015,72.0,,,0.0,,,,,,,,,,,2.0,1.0,3.0,11.0,92.0,4.0,4.0,0.0,0.0,5.0,0.0,7.0,,,,,,,,,,,,,,,,,,
S001482,M00149,P0248,T015,55.0,,,2.0,,,,,,,,,,,0.0,4.0,0.0,37.0,74.0,1.0,4.0,1.0,0.0,1.0,0.0,9.2,,,,,,,,,,,,,,,,,,
S001483,M00149,P0261,T015,83.0,,,0.0,,,,,,,,,,,2.0,3.0,3.0,13.0,79.0,5.0,0.0,2.0,0.0,4.0,0.0,8.7,,,,,,,,,,,,,,,,,,
S001484,M00149,P0267,T015,79.0,,,0.0,,,,,,,,,,,1.0,5.0,3.0,38.0,74.0,1.0,1.0,0.0,0.0,1.0,0.0,8.7,,,,,,,,,,,,,,,,,,
S001485,M00149,P0255,T015,78.0,,,1.0,,,,,,,,,,,0.0,4.0,2.0,15.0,78.0,2.0,0.0,0.0,0.0,1.0,0.0,6.8,,,,,,,,,,,,,,,,,,
S001486,M00149,P0257,T015,68.0,,,2.0,,,,,,,,,,,0.0,1.0,4.0,21.0,75.0,1.0,1.0,1.0,0.0,2.0,0.0,8.5,,,,,,,,,,,,,,,,,,
S001487,M00149,P0268,T015,73.0,,,1.0,,,,,,,,,,,3.0,1.0,4.0,49.0,64.0,1.0,5.0,1.0,0.0,0.0,0.0,8.4,,,,,,,,,,,,,,,,,,
S001488,M00149,P0274,T015,85.0,,,0.0,,,,,,,,,,,2.0,0.0,4.0,55.0,72.0,4.0,1.0,1.0,0.0,2.0,3.0,9.1,,,,,,,,,,,,,,,,,,
S001489,M00149,P0275,T015,50.0,,,2.0,,,,,,,,,,,0.0,5.0,1.0,52.0,90.0,7.0,0.0,2.0,0.0,2.0,0.0,5.1,,,,,,,,,,,,,,,,,,
S001490,M00149,P0171,T012,73.0,,,0.0,,,,,,,,,,,1.0,4.0,0.0,37.0,69.0,1.0,5.0,0.0,0.0,3.0,0.0,6.0,,,,,,,,,,,,,,,,,,
S001491,M00149,P0188,T012,84.0,,,0.0,,,,,,,,,,,1.0,0.0,4.0,45.0,75.0,6.0,4.0,0.0,0.0,3.0,0.0,6.0,,,,,,,,,,,,,,,,,,
S001492,M00149,P0185,T012,74.0,,,1.0,,,,,,,,,,,3.0,0.0,0.0,32.0,68.0,8.0,5.0,1.0,0.0,3.0,0.0,7.9,,,,,,,,,,,,,,,,,,
S001493,M00149,P0170,T012,67.0,,,1.0,,,,,,,,,,,0.0,6.0,1.0,13.0,76.0,4.0,2.0,0.0,0.0,1.0,0.0,5.6,,,,,,,,,,,,,,,,,,
S001494,M00149,P0193,T012,86.0,,,2.0,,,,,,,,,,,3.0,6.0,4.0,25.0,95.0,7.0,4.0,2.0,0.0,1.0,4.0,7.9,,,,,,,,,,,,,,,,,,
S001495,M00149,P0181,T012,48.0,,,2.0,,,,,,,,,,,1.0,2.0,4.0,35.0,88.0,6.0,0.0,0.0,0.0,0.0,0.0,6.2,,,,,,,,,,,,,,,,,,
S001496,M00149,P0186,T012,83.0,,,1.0,,,,,,,,,,,1.0,3.0,3.0,53.0,82.0,4.0,5.0,0.0,0.0,5.0,2.0,6.1,,,,,,,,,,,,,,,,,,
S001497,M00149,P0194,T012,72.0,,,0.0,,,,,,,,,,,0.0,0.0,1.0,45.0,68.0,7.0,1.0,0.0,0.0,2.0,0.0,5.5,,,,,,,,,,,,,,,,,,
S001498,M00149,P0179,T012,60.0,,,1.0,,,,,,,,,,,2.0,0.0,0.0,44.0,79.0,2.0,1.0,0.0,0.0,4.0,0.0,8.0,,,,,,,,,,,,,,,,,,
S001499,M00149,P0177,T012,55.0,,,0.0,,,,,,,,,,,2.0,1.0,0.0,59.0,95.0,3.0,5.0,2.0,0.0,5.0,0.0,6.7,,,,,,,,,,,,,,,,,,
S001500,M00149,P0169,T012,52.0,,,0.0,,,,,,,,,,,3.0,3.0,0.0,25.0,94.0,1.0,5.0,2.0,0.0,1.0,0.0,8.3,,,,,,,,,,,,,,,,,,
S001501,M00150,P0265,T015,75.0,,,0.0,,,,,,,,,,,1.0,0.0,0.0,32.0,68.0,1.0,2.0,2.0,0.0,0.0,0.0,9.3,,,,,,,,,,,,,,,,,,
S001502,M00150,P0246,T015,45.0,,,0.0,,,,,,,,,,,3.0,3.0,1.0,27.0,95.0,5.0,0.0,2.0,0.0,4.0,0.0,6.4,,,,,,,,,,,,,,,,,,
S001503,M00150,P0260,T015,56.0,,,1.0,,,,,,,,,,,1.0,0.0,4.0,33.0,65.0,1.0,4.0,0.0,0.0,5.0,0.0,6.4,,,,,,,,,,,,,,,,,,
S001504,M00150,P0269,T015,61.0,,,1.0,,,,,,,,,,,2.0,4.0,3.0,19.0,85.0,5.0,2.0,1.0,0.0,4.0,0.0,5.8,,,,,,,,,,,,,,,,,,
S001505,M00150,P0262,T015,72.0,,,0.0,,,,,,,,,,,3.0,1.0,3.0,38.0,67.0,8.0,4.0,1.0,0.0,3.0,0.0,6.1,,,,,,,,,,,,,,,,,,
S001506,M00150,P0264,T015,67.0,,,0.0,,,,,,,,,,,3.0,1.0,3.0,58.0,84.0,7.0,4.0,0.0,0.0,2.0,0.0,6.6,,,,,,,,,,,,,,,,,,
S001507,M00150,P0268,T015,58.0,,,0.0,,,,,,,,,,,3.0,1.0,4.0,43.0,90.0,4.0,0.0,0.0,0.0,1.0,0.0,8.1,,,,,,,,,,,,,,,,,,
S001508,M00150,P0255,T015,90.0,,,2.0,,,,,,,,,,,2.0,3.0,0.0,29.0,79.0,6.0,3.0,0.0,0.0,1.0,0.0,8.3,,,,,,,,,,,,,,,,,,
S001509,M00150,P0266,T015,45.0,,,2.0,,,,,,,,,,,2.0,0.0,0.0,39.0,86.0,1.0,5.0,1.0,0.0,5.0,0.0,5.5,,,,,,,,,,,,,,,,,,
S001510,M00150,P0261,T015,56.0,,,2.0,,,,,,,,,,,2.0,1.0,0.0,48.0,85.0,8.0,5.0,1.0,0.0,3.0,0.0,6.2,,,,,,,,,,,,,,,,,,
S001511,M00150,P0259,T015,46.0,,,1.0,,,,,,,,,,,2.0,2.0,3.0,44.0,84.0,8.0,3.0,0.0,0.0,4.0,0.0,7.5,,,,,,,,,,,,,,,,,,
S001512,M00150,P0132,T010,59.0,,,1.0,,,,,,,,,,,0.0,4.0,1.0,57.0,69.0,1.0,5.0,2.0,0.0,0.0,0.0,6.7,,,,,,,,,,,,,,,,,,
S001513,M00150,P0125,T010,83.0,,,1.0,,,,,,,,,,,1.0,0.0,0.0,26.0,63.0,6.0,5.0,2.0,0.0,0.0,1.0,7.4,,,,,,,,,,,,,,,,,,
S001514,M00150,P0143,T010,55.0,,,2.0,,,,,,,,,,,1.0,1.0,2.0,40.0,67.0,8.0,1.0,0.0,0.0,0.0,7.0,8.1,,,,,,,,,,,,,,,,,,
S001515,M00150,P0133,T010,70.0,,,1.0,,,,,,,,,,,0.0,2.0,3.0,43.0,93.0,4.0,4.0,1.0,0.0,4.0,0.0,7.8,,,,,,,,,,,,,,,,,,
S001516,M00150,P0144,T010,84.0,,,1.0,,,,,,,,,,,0.0,1.0,1.0,16.0,91.0,1.0,0.0,1.0,0.0,3.0,0.0,8.6,,,,,,,,,,,,,,,,,,
S001517,M00150,P0140,T010,71.0,,,2.0,,,,,,,,,,,2.0,5.0,0.0,45.0,94.0,1.0,0.0,1.0,0.0,1.0,0.0,7.8,,,,,,,,,,,,,,,,,,
S001518,M00150,P0135,T010,88.0,,,1.0,,,,,,,,,,,2.0,6.0,1.0,16.0,86.0,3.0,0.0,0.0,0.0,2.0,0.0,8.7,,,,,,,,,,,,,,,,,,
S001519,M00150,P0134,T010,73.0,,,2.0,,,,,,,,,,,1.0,6.0,3.0,16.0,86.0,4.0,4.0,1.0,0.0,4.0,0.0,7.3,,,,,,,,,,,,,,,,,,
S001520,M00150,P0138,T010,50.0,,,2.0,,,,,,,,,,,1.0,6.0,4.0,51.0,63.0,6.0,4.0,0.0,0.0,0.0,0.0,8.4,,,,,,,,,,,,,,,,,,
S001521,M00150,P0128,T010,86.0,,,1.0,,,,,,,,,,,0.0,0.0,3.0,41.0,82.0,3.0,5.0,2.0,0.0,3.0,3.0,8.6,,,,,,,,,,,,,,,,,,
S001522,M00150,P0131,T010,89.0,,,1.0,,,,,,,,,,,1.0,0.0,1.0,14.0,90.0,8.0,2.0,1.0,0.0,0.0,0.0,6.4,,,,,,,,,,,,,,,,,,
S001523,M00152,P0164,T011,77.0,,,1.0,,,,,,,,,,,1.0,5.0,3.0,25.0,95.0,1.0,1.0,1.0,0.0,5.0,0.0,6.0,,,,,,,,,,,,,,,,,,
S001524,M00152,P0146,T011,85.0,,,0.0,,,,,,,,,,,1.0,2.0,2.0,16.0,88.0,4.0,0.0,2.0,0.0,1.0,5.0,7.5,,,,,,,,,,,,,,,,,,
S001525,M00152,P0152,T011,49.0,,,1.0,,,,,,,,,,,2.0,6.0,3.0,21.0,66.0,2.0,5.0,0.0,0.0,0.0,1.0,8.1,,,,,,,,,,,,,,,,,,
S001526,M00152,P0160,T011,70.0,,,2.0,,,,,,,,,,,1.0,4.0,2.0,32.0,76.0,1.0,1.0,2.0,0.0,2.0,0.0,6.4,,,,,,,,,,,,,,,,,,
S001527,M00152,P0150,T011,51.0,,,1.0,,,,,,,,,,,2.0,1.0,0.0,48.0,75.0,0.0,3.0,2.0,0.0,5.0,0.0,8.3,,,,,,,,,,,,,,,,,,
S001528,M00152,P0156,T011,84.0,,,2.0,,,,,,,,,,,0.0,4.0,3.0,54.0,79.0,5.0,4.0,2.0,0.0,5.0,0.0,6.2,,,,,,,,,,,,,,,,,,
S001529,M00152,P0154,T011,47.0,,,2.0,,,,,,,,,,,1.0,0.0,3.0,40.0,72.0,5.0,5.0,0.0,0.0,4.0,0.0,5.3,,,,,,,,,,,,,,,,,,
S001530,M00152,P0162,T011,58.0,,,2.0,,,,,,,,,,,1.0,3.0,1.0,37.0,88.0,0.0,3.0,2.0,0.0,3.0,0.0,8.0,,,,,,,,,,,,,,,,,,
S001531,M00152,P0153,T011,90.0,,,0.0,,,,,,,,,,,2.0,5.0,1.0,29.0,68.0,2.0,5.0,0.0,0.0,2.0,0.0,5.4,,,,,,,,,,,,,,,,,,
S001532,M00152,P0157,T011,84.0,,,0.0,,,,,,,,,,,1.0,3.0,1.0,21.0,75.0,6.0,2.0,1.0,0.0,0.0,0.0,9.0,,,,,,,,,,,,,,,,,,
S001533,M00152,P0159,T011,51.0,,,1.0,,,,,,,,,,,2.0,2.0,1.0,28.0,95.0,4.0,1.0,2.0,1.0,0.0,0.0,5.7,,,,,,,,,,,,,,,,,,
S001534,M00152,P0175,T012,89.0,,,0.0,,,,,,,,,,,0.0,5.0,4.0,37.0,64.0,5.0,3.0,1.0,0.0,4.0,0.0,6.3,,,,,,,,,,,,,,,,,,
S001535,M00152,P0174,T012,64.0,,,1.0,,,,,,,,,,,3.0,1.0,4.0,44.0,64.0,3.0,3.0,0.0,0.0,5.0,2.0,6.4,,,,,,,,,,,,,,,,,,
S001536,M00152,P0192,T012,65.0,,,2.0,,,,,,,,,,,0.0,5.0,4.0,13.0,92.0,2.0,3.0,0.0,0.0,0.0,0.0,5.1,,,,,,,,,,,,,,,,,,
S001537,M00152,P0191,T012,57.0,,,1.0,,,,,,,,,,,2.0,2.0,4.0,27.0,71.0,2.0,0.0,2.0,0.0,1.0,0.0,7.2,,,,,,,,,,,,,,,,,,
S001538,M00152,P0178,T012,90.0,,,1.0,,,,,,,,,,,3.0,4.0,3.0,48.0,71.0,2.0,4.0,1.0,0.0,4.0,6.0,5.4,,,,,,,,,,,,,,,,,,
S001539,M00152,P0167,T012,61.0,,,0.0,,,,,,,,,,,0.0,5.0,4.0,60.0,72.0,0.0,4.0,0.0,0.0,2.0,0.0,5.6,,,,,,,,,,,,,,,,,,
S001540,M00152,P0186,T012,86.0,,,1.0,,,,,,,,,,,1.0,0.0,3.0,37.0,71.0,8.0,5.0,0.0,0.0,1.0,3.0,8.6,,,,,,,,,,,,,,,,,,
S001541,M00152,P0176,T012,88.0,,,0.0,,,,,,,,,,,1.0,2.0,1.0,40.0,83.0,1.0,5.0,2.0,0.0,4.0,4.0,8.3,,,,,,,,,,,,,,,,,,
S001542,M00152,P0181,T012,77.0,,,1.0,,,,,,,,,,,3.0,6.0,2.0,21.0,78.0,3.0,5.0,2.0,0.0,4.0,0.0,9.3,,,,,,,,,,,,,,,,,,
S001543,M00152,P0180,T012,80.0,,,1.0,,,,,,,,,,,2.0,0.0,3.0,27.0,73.0,5.0,0.0,2.0,0.0,1.0,0.0,9.4,,,,,,,,,,,,,,,,,,
S001544,M00152,P0190,T012,80.0,,,2.0,,,,,,,,,,,2.0,2.0,3.0,50.0,60.0,3.0,4.0,1.0,0.0,4.0,0.0,8.9,,,,,,,,,,,,,,,,,,
S001545,M00154,P0117,T009,47.0,,,1.0,,,,,,,,,,,2.0,0.0,4.0,43.0,72.0,0.0,0.0,2.0,0.0,2.0,4.0,5.6,,,,,,,,,,,,,,,,,,
S001546,M00154,P0113,T009,77.0,,,0.0,,,,,,,,,,,3.0,2.0,2.0,57.0,85.0,6.0,4.0,1.0,0.0,4.0,0.0,7.4,,,,,,,,,,,,,,,,,,
S001547,M00154,P0114,T009,82.0,,,1.0,,,,,,,,,,,2.0,0.0,3.0,54.0,66.0,7.0,5.0,2.0,0.0,3.0,0.0,5.4,,,,,,,,,,,,,,,,,,
S001548,M00154,P0110,T009,61.0,,,0.0,,,,,,,,,,,3.0,0.0,0.0,58.0,73.0,8.0,2.0,2.0,0.0,3.0,0.0,5.5,,,,,,,,,,,,,,,,,,
S001549,M00154,P0122,T009,70.0,,,1.0,,,,,,,,,,,3.0,3.0,3.0,56.0,80.0,0.0,5.0,1.0,0.0,5.0,0.0,7.3,,,,,,,,,,,,,,,,,,
S001550,M00154,P0107,T009,46.0,,,1.0,,,,,,,,,,,0.0,3.0,2.0,26.0,71.0,3.0,2.0,2.0,0.0,2.0,0.0,7.7,,,,,,,,,,,,,,,,,,
S001551,M00154,P0124,T009,85.0,,,2.0,,,,,,,,,,,3.0,4.0,2.0,11.0,77.0,5.0,0.0,2.0,0.0,3.0,0.0,6.8,,,,,,,,,,,,,,,,,,
S001552,M00154,P0118,T009,90.0,,,1.0,,,,,,,,,,,1.0,2.0,2.0,12.0,68.0,4.0,1.0,2.0,0.0,3.0,0.0,8.7,,,,,,,,,,,,,,,,,,
S001553,M00154,P0111,T009,79.0,,,1.0,,,,,,,,,,,1.0,6.0,3.0,17.0,79.0,0.0,1.0,1.0,0.0,5.0,0.0,8.9,,,,,,,,,,,,,,,,,,
S001554,M00154,P0121,T009,79.0,,,2.0,,,,,,,,,,,2.0,3.0,3.0,57.0,71.0,6.0,2.0,2.0,1.0,0.0,0.0,7.8,,,,,,,,,,,,,,,,,,
S001555,M00154,P0109,T009,60.0,,,2.0,,,,,,,,,,,2.0,1.0,3.0,45.0,63.0,6.0,1.0,1.0,0.0,1.0,0.0,5.1,,,,,,,,,,,,,,,,,,
S001556,M00154,P0197,T013,84.0,,,0.0,,,,,,,,,,,1.0,6.0,2.0,51.0,92.0,5.0,1.0,2.0,0.0,2.0,0.0,7.4,,,,,,,,,,,,,,,,,,
S001557,M00154,P0195,T013,75.0,,,0.0,,,,,,,,,,,0.0,3.0,2.0,36.0,69.0,0.0,1.0,2.0,0.0,2.0,0.0,6.4,,,,,,,,,,,,,,,,,,
S001558,M00154,P0219,T013,63.0,,,2.0,,,,,,,,,,,1.0,4.0,2.0,35.0,92.0,6.0,5.0,2.0,0.0,1.0,0.0,5.5,,,,,,,,,,,,,,,,,,
S001559,M00154,P0199,T013,49.0,,,0.0,,,,,,,,,,,1.0,1.0,2.0,38.0,86.0,1.0,3.0,2.0,0.0,0.0,7.0,9.0,,,,,,,,,,,,,,,,,,
S001560,M00154,P0209,T013,52.0,,,1.0,,,,,,,,,,,3.0,2.0,2.0,39.0,89.0,6.0,1.0,2.0,0.0,1.0,6.0,6.1,,,,,,,,,,,,,,,,,,
S001561,M00154,P0212,T013,70.0,,,2.0,,,,,,,,,,,3.0,2.0,0.0,42.0,95.0,7.0,3.0,1.0,0.0,2.0,0.0,7.8,,,,,,,,,,,,,,,,,,
S001562,M00154,P0213,T013,88.0,,,2.0,,,,,,,,,,,2.0,1.0,2.0,42.0,81.0,2.0,4.0,1.0,0.0,3.0,0.0,8.4,,,,,,,,,,,,,,,,,,
S001563,M00154,P0207,T013,61.0,,,0.0,,,,,,,,,,,0.0,3.0,3.0,39.0,86.0,8.0,3.0,1.0,0.0,1.0,0.0,5.1,,,,,,,,,,,,,,,,,,
S001564,M00154,P0205,T013,75.0,,,1.0,,,,,,,,,,,3.0,2.0,0.0,29.0,88.0,5.0,1.0,1.0,0.0,2.0,0.0,8.4,,,,,,,,,,,,,,,,,,
S001565,M00154,P0217,T013,58.0,,,0.0,,,,,,,,,,,1.0,4.0,4.0,13.0,62.0,0.0,4.0,1.0,0.0,3.0,5.0,6.8,,,,,,,,,,,,,,,,,,
S001566,M00154,P0214,T013,77.0,,,0.0,,,,,,,,,,,1.0,5.0,2.0,56.0,76.0,5.0,1.0,2.0,1.0,2.0,0.0,7.9,,,,,,,,,,,,,,,,,,
S001567,M00157,P0233,T014,47.0,,,1.0,,,,,,,,,,,2.0,0.0,4.0,57.0,65.0,1.0,0.0,2.0,0.0,2.0,0.0,7.6,,,,,,,,,,,,,,,,,,
S001568,M00157,P0231,T014,87.0,,,1.0,,,,,,,,,,,2.0,0.0,0.0,48.0,92.0,6.0,2.0,0.0,0.0,0.0,0.0,8.1,,,,,,,,,,,,,,,,,,
S001569,M00157,P0227,T014,65.0,,,2.0,,,,,,,,,,,1.0,3.0,2.0,35.0,87.0,1.0,2.0,2.0,0.0,3.0,0.0,6.9,,,,,,,,,,,,,,,,,,
S001570,M00157,P0230,T014,50.0,,,2.0,,,,,,,,,,,3.0,3.0,0.0,27.0,89.0,6.0,3.0,2.0,0.0,3.0,0.0,7.5,,,,,,,,,,,,,,,,,,
S001571,M00157,P0225,T014,54.0,,,2.0,,,,,,,,,,,0.0,2.0,1.0,33.0,85.0,5.0,4.0,2.0,0.0,4.0,0.0,7.9,,,,,,,,,,,,,,,,,,
S001572,M00157,P0226,T014,49.0,,,2.0,,,,,,,,,,,2.0,1.0,1.0,54.0,74.0,0.0,5.0,0.0,0.0,1.0,0.0,7.2,,,,,,,,,,,,,,,,,,
S001573,M00157,P0224,T014,63.0,,,1.0,,,,,,,,,,,0.0,2.0,3.0,53.0,75.0,8.0,3.0,0.0,0.0,0.0,0.0,6.1,,,,,,,,,,,,,,,,,,
S001574,M00157,P0245,T014,67.0,,,0.0,,,,,,,,,,,0.0,0.0,4.0,34.0,84.0,0.0,2.0,1.0,0.0,1.0,0.0,6.0,,,,,,,,,,,,,,,,,,
S001575,M00157,P0238,T014,82.0,,,1.0,,,,,,,,,,,0.0,3.0,4.0,31.0,70.0,4.0,3.0,1.0,0.0,1.0,0.0,5.8,,,,,,,,,,,,,,,,,,
S001576,M00157,P0221,T014,83.0,,,1.0,,,,,,,,,,,2.0,0.0,0.0,57.0,70.0,3.0,4.0,1.0,0.0,2.0,0.0,9.5,,,,,,,,,,,,,,,,,,
S001577,M00157,P0220,T014,79.0,,,1.0,,,,,,,,,,,3.0,2.0,3.0,40.0,79.0,1.0,1.0,0.0,0.0,2.0,0.0,5.3,,,,,,,,,,,,,,,,,,
S001578,M00157,P0188,T012,79.0,,,1.0,,,,,,,,,,,0.0,1.0,4.0,43.0,94.0,5.0,5.0,0.0,0.0,3.0,0.0,7.5,,,,,,,,,,,,,,,,,,
S001579,M00157,P0173,T012,65.0,,,2.0,,,,,,,,,,,2.0,6.0,4.0,13.0,93.0,4.0,5.0,2.0,0.0,0.0,2.0,9.4,,,,,,,,,,,,,,,,,,
S001580,M00157,P0167,T012,80.0,,,1.0,,,,,,,,,,,3.0,2.0,4.0,17.0,84.0,7.0,2.0,2.0,0.0,4.0,0.0,5.9,,,,,,,,,,,,,,,,,,
S001581,M00157,P0171,T012,51.0,,,1.0,,,,,,,,,,,1.0,4.0,4.0,15.0,95.0,0.0,5.0,0.0,1.0,4.0,0.0,5.3,,,,,,,,,,,,,,,,,,
S001582,M00157,P0178,T012,61.0,,,0.0,,,,,,,,,,,3.0,2.0,1.0,55.0,71.0,4.0,1.0,0.0,0.0,2.0,7.0,8.4,,,,,,,,,,,,,,,,,,
S001583,M00157,P0183,T012,60.0,,,2.0,,,,,,,,,,,0.0,5.0,0.0,21.0,64.0,8.0,2.0,0.0,0.0,1.0,4.0,5.4,,,,,,,,,,,,,,,,,,
S001584,M00157,P0190,T012,50.0,,,2.0,,,,,,,,,,,2.0,3.0,0.0,22.0,75.0,1.0,2.0,2.0,0.0,1.0,0.0,8.8,,,,,,,,,,,,,,,,,,
S001585,M00157,P0193,T012,49.0,,,0.0,,,,,,,,,,,2.0,0.0,1.0,13.0,79.0,4.0,0.0,1.0,0.0,0.0,1.0,9.0,,,,,,,,,,,,,,,,,,
S001586,M00157,P0175,T012,84.0,,,1.0,,,,,,,,,,,3.0,4.0,4.0,29.0,80.0,5.0,3.0,1.0,0.0,5.0,0.0,6.9,,,,,,,,,,,,,,,,,,
S001587,M00157,P0180,T012,64.0,,,1.0,,,,,,,,,,,2.0,0.0,4.0,57.0,71.0,1.0,1.0,1.0,0.0,4.0,0.0,6.2,,,,,,,,,,,,,,,,,,
S001588,M00157,P0177,T012,54.0,,,1.0,,,,,,,,,,,0.0,2.0,0.0,49.0,66.0,0.0,3.0,0.0,0.0,5.0,0.0,6.7,,,,,,,,,,,,,,,,,,
S001589,M00158,P0215,T013,61.0,,,2.0,,,,,,,,,,,1.0,0.0,3.0,44.0,69.0,6.0,4.0,0.0,0.0,0.0,0.0,7.8,,,,,,,,,,,,,,,,,,
S001590,M00158,P0207,T013,76.0,,,2.0,,,,,,,,,,,2.0,3.0,1.0,51.0,84.0,6.0,1.0,0.0,0.0,5.0,0.0,6.2,,,,,,,,,,,,,,,,,,
S001591,M00158,P0217,T013,81.0,,,2.0,,,,,,,,,,,0.0,0.0,0.0,32.0,74.0,2.0,5.0,2.0,0.0,5.0,5.0,7.2,,,,,,,,,,,,,,,,,,
S001592,M00158,P0214,T013,53.0,,,0.0,,,,,,,,,,,3.0,5.0,1.0,20.0,69.0,0.0,0.0,2.0,0.0,2.0,0.0,7.5,,,,,,,,,,,,,,,,,,
S001593,M00158,P0197,T013,84.0,,,2.0,,,,,,,,,,,3.0,1.0,2.0,22.0,95.0,7.0,0.0,0.0,0.0,0.0,0.0,6.3,,,,,,,,,,,,,,,,,,
S001594,M00158,P0195,T013,56.0,,,1.0,,,,,,,,,,,0.0,5.0,4.0,51.0,61.0,2.0,5.0,2.0,0.0,3.0,0.0,5.2,,,,,,,,,,,,,,,,,,
S001595,M00158,P0196,T013,80.0,,,0.0,,,,,,,,,,,0.0,6.0,1.0,26.0,60.0,6.0,2.0,1.0,0.0,2.0,0.0,7.0,,,,,,,,,,,,,,,,,,
S001596,M00158,P0211,T013,70.0,,,0.0,,,,,,,,,,,2.0,5.0,4.0,11.0,76.0,1.0,5.0,2.0,0.0,4.0,0.0,7.3,,,,,,,,,,,,,,,,,,
S001597,M00158,P0199,T013,72.0,,,2.0,,,,,,,,,,,3.0,2.0,1.0,12.0,66.0,6.0,2.0,2.0,0.0,3.0,2.0,6.0,,,,,,,,,,,,,,,,,,
S001598,M00158,P0200,T013,80.0,,,2.0,,,,,,,,,,,3.0,4.0,4.0,38.0,84.0,5.0,3.0,2.0,1.0,4.0,0.0,7.8,,,,,,,,,,,,,,,,,,
S001599,M00158,P0205,T013,60.0,,,0.0,,,,,,,,,,,0.0,3.0,0.0,36.0,68.0,2.0,4.0,0.0,0.0,0.0,0.0,8.6,,,,,,,,,,,,,,,,,,
S001600,M00158,P0110,T009,50.0,,,0.0,,,,,,,,,,,0.0,4.0,0.0,23.0,81.0,1.0,5.0,2.0,0.0,4.0,0.0,7.6,,,,,,,,,,,,,,,,,,
S001601,M00158,P0121,T009,65.0,,,2.0,,,,,,,,,,,1.0,1.0,4.0,28.0,79.0,1.0,4.0,2.0,0.0,2.0,0.0,7.1,,,,,,,,,,,,,,,,,,
S001602,M00158,P0116,T009,81.0,,,1.0,,,,,,,,,,,0.0,1.0,2.0,38.0,68.0,8.0,1.0,2.0,0.0,0.0,0.0,9.3,,,,,,,,,,,,,,,,,,
S001603,M00158,P0104,T009,71.0,,,0.0,,,,,,,,,,,3.0,5.0,0.0,46.0,81.0,3.0,1.0,2.0,0.0,3.0,0.0,5.0,,,,,,,,,,,,,,,,,,
S001604,M00158,P0112,T009,80.0,,,2.0,,,,,,,,,,,2.0,6.0,4.0,35.0,93.0,6.0,2.0,1.0,0.0,1.0,0.0,7.7,,,,,,,,,,,,,,,,,,
S001605,M00158,P0119,T009,55.0,,,2.0,,,,,,,,,,,2.0,5.0,4.0,52.0,71.0,2.0,4.0,0.0,0.0,0.0,0.0,8.4,,,,,,,,,,,,,,,,,,
S001606,M00158,P0117,T009,52.0,,,0.0,,,,,,,,,,,1.0,1.0,2.0,23.0,62.0,6.0,4.0,2.0,0.0,4.0,4.0,8.1,,,,,,,,,,,,,,,,,,
S001607,M00158,P0113,T009,72.0,,,1.0,,,,,,,,,,,3.0,5.0,3.0,42.0,61.0,6.0,2.0,1.0,0.0,1.0,0.0,7.2,,,,,,,,,,,,,,,,,,
S001608,M00158,P0108,T009,62.0,,,2.0,,,,,,,,,,,2.0,2.0,4.0,40.0,81.0,2.0,0.0,0.0,0.0,1.0,0.0,5.4,,,,,,,,,,,,,,,,,,
S001609,M00158,P0114,T009,75.0,,,1.0,,,,,,,,,,,2.0,5.0,2.0,48.0,70.0,8.0,5.0,2.0,0.0,4.0,7.0,9.3,,,,,,,,,,,,,,,,,,
S001610,M00158,P0111,T009,50.0,,,2.0,,,,,,,,,,,0.0,5.0,2.0,43.0,84.0,2.0,3.0,1.0,0.0,0.0,0.0,8.8,,,,,,,,,,,,,,,,,,
S001611,M00159,P0124,T009,65.0,,,1.0,,,,,,,,,,,0.0,6.0,3.0,29.0,67.0,6.0,3.0,2.0,0.0,1.0,0.0,9.2,,,,,,,,,,,,,,,,,,
S001612,M00159,P0107,T009,45.0,,,2.0,,,,,,,,,,,0.0,1.0,2.0,57.0,92.0,2.0,0.0,0.0,0.0,1.0,0.0,8.8,,,,,,,,,,,,,,,,,,
S001613,M00159,P0119,T009,50.0,,,2.0,,,,,,,,,,,2.0,3.0,1.0,21.0,77.0,2.0,1.0,2.0,0.0,4.0,0.0,8.6,,,,,,,,,,,,,,,,,,
S001614,M00159,P0117,T009,58.0,,,2.0,,,,,,,,,,,2.0,4.0,1.0,40.0,84.0,6.0,4.0,0.0,0.0,4.0,4.0,7.0,,,,,,,,,,,,,,,,,,
S001615,M00159,P0112,T009,89.0,,,0.0,,,,,,,,,,,0.0,6.0,4.0,12.0,77.0,0.0,1.0,0.0,0.0,4.0,0.0,5.0,,,,,,,,,,,,,,,,,,
S001616,M00159,P0114,T009,66.0,,,1.0,,,,,,,,,,,1.0,5.0,1.0,33.0,93.0,6.0,3.0,2.0,0.0,2.0,5.0,6.2,,,,,,,,,,,,,,,,,,
S001617,M00159,P0123,T009,71.0,,,1.0,,,,,,,,,,,0.0,1.0,4.0,19.0,85.0,0.0,4.0,1.0,0.0,2.0,0.0,9.2,,,,,,,,,,,,,,,,,,
S001618,M00159,P0108,T009,70.0,,,1.0,,,,,,,,,,,1.0,1.0,0.0,50.0,81.0,3.0,3.0,2.0,0.0,2.0,0.0,7.8,,,,,,,,,,,,,,,,,,
S001619,M00159,P0113,T009,49.0,,,2.0,,,,,,,,,,,0.0,5.0,1.0,55.0,93.0,5.0,3.0,1.0,0.0,5.0,0.0,5.7,,,,,,,,,,,,,,,,,,
S001620,M00159,P0110,T009,77.0,,,2.0,,,,,,,,,,,2.0,0.0,1.0,15.0,82.0,5.0,5.0,2.0,0.0,1.0,0.0,7.5,,,,,,,,,,,,,,,,,,
S001621,M00159,P0109,T009,46.0,,,1.0,,,,,,,,,,,3.0,2.0,2.0,45.0,68.0,1.0,1.0,1.0,0.0,2.0,0.0,6.0,,,,,,,,,,,,,,,,,,
S001622,M00159,P0164,T011,80.0,,,1.0,,,,,,,,,,,0.0,6.0,2.0,15.0,66.0,8.0,0.0,1.0,0.0,2.0,0.0,5.3,,,,,,,,,,,,,,,,,,
S001623,M00159,P0156,T011,81.0,,,1.0,,,,,,,,,,,2.0,0.0,2.0,48.0,70.0,5.0,1.0,2.0,0.0,2.0,0.0,7.8,,,,,,,,,,,,,,,,,,
S001624,M00159,P0157,T011,56.0,,,2.0,,,,,,,,,,,1.0,6.0,2.0,52.0,90.0,4.0,3.0,1.0,0.0,3.0,0.0,8.5,,,,,,,,,,,,,,,,,,
S001625,M00159,P0160,T011,82.0,,,1.0,,,,,,,,,,,0.0,0.0,2.0,30.0,79.0,4.0,5.0,2.0,0.0,2.0,0.0,6.0,,,,,,,,,,,,,,,,,,
S001626,M00159,P0161,T011,72.0,,,2.0,,,,,,,,,,,3.0,3.0,0.0,31.0,86.0,2.0,1.0,2.0,0.0,4.0,4.0,8.5,,,,,,,,,,,,,,,,,,
S001627,M00159,P0153,T011,48.0,,,1.0,,,,,,,,,,,3.0,5.0,1.0,29.0,67.0,5.0,1.0,1.0,0.0,3.0,0.0,5.6,,,,,,,,,,,,,,,,,,
S001628,M00159,P0154,T011,48.0,,,0.0,,,,,,,,,,,0.0,0.0,2.0,51.0,76.0,7.0,3.0,0.0,0.0,4.0,0.0,9.3,,,,,,,,,,,,,,,,,,
S001629,M00159,P0165,T011,60.0,,,2.0,,,,,,,,,,,0.0,2.0,4.0,40.0,68.0,2.0,2.0,1.0,0.0,4.0,0.0,6.5,,,,,,,,,,,,,,,,,,
S001630,M00159,P0151,T011,61.0,,,0.0,,,,,,,,,,,0.0,2.0,2.0,51.0,91.0,4.0,0.0,1.0,0.0,5.0,5.0,7.1,,,,,,,,,,,,,,,,,,
S001631,M00159,P0145,T011,84.0,,,0.0,,,,,,,,,,,2.0,1.0,1.0,44.0,83.0,5.0,2.0,2.0,0.0,5.0,0.0,8.4,,,,,,,,,,,,,,,,,,
S001632,M00159,P0152,T011,67.0,,,2.0,,,,,,,,,,,3.0,4.0,2.0,41.0,83.0,8.0,0.0,2.0,0.0,0.0,2.0,8.5,,,,,,,,,,,,,,,,,,
S001633,M00162,P0141,T010,73.0,,,1.0,,,,,,,,,,,0.0,0.0,3.0,16.0,76.0,6.0,4.0,1.0,0.0,0.0,4.0,8.3,,,,,,,,,,,,,,,,,,
S001634,M00162,P0133,T010,76.0,,,2.0,,,,,,,,,,,3.0,6.0,1.0,28.0,67.0,8.0,2.0,2.0,0.0,2.0,0.0,9.5,,,,,,,,,,,,,,,,,,
S001635,M00162,P0128,T010,78.0,,,1.0,,,,,,,,,,,1.0,2.0,2.0,55.0,85.0,0.0,0.0,1.0,0.0,4.0,6.0,5.5,,,,,,,,,,,,,,,,,,
S001636,M00162,P0131,T010,49.0,,,1.0,,,,,,,,,,,3.0,4.0,0.0,52.0,62.0,1.0,3.0,2.0,0.0,3.0,0.0,7.1,,,,,,,,,,,,,,,,,,
S001637,M00162,P0138,T010,86.0,,,2.0,,,,,,,,,,,2.0,0.0,3.0,44.0,87.0,2.0,4.0,1.0,0.0,0.0,0.0,6.8,,,,,,,,,,,,,,,,,,
S001638,M00162,P0127,T010,90.0,,,0.0,,,,,,,,,,,1.0,5.0,2.0,47.0,75.0,8.0,4.0,1.0,0.0,5.0,0.0,6.1,,,,,,,,,,,,,,,,,,
S001639,M00162,P0142,T010,57.0,,,1.0,,,,,,,,,,,3.0,1.0,2.0,53.0,82.0,8.0,4.0,1.0,0.0,0.0,0.0,7.0,,,,,,,,,,,,,,,,,,
S001640,M00162,P0140,T010,53.0,,,1.0,,,,,,,,,,,1.0,6.0,0.0,23.0,74.0,5.0,0.0,0.0,0.0,0.0,0.0,6.2,,,,,,,,,,,,,,,,,,
S001641,M00162,P0136,T010,48.0,,,1.0,,,,,,,,,,,3.0,1.0,3.0,50.0,79.0,3.0,3.0,1.0,0.0,1.0,0.0,6.4,,,,,,,,,,,,,,,,,,
S001642,M00162,P0135,T010,90.0,,,1.0,,,,,,,,,,,3.0,6.0,0.0,54.0,77.0,8.0,0.0,0.0,0.0,5.0,0.0,5.0,,,,,,,,,,,,,,,,,,
S001643,M00162,P0129,T010,48.0,,,2.0,,,,,,,,,,,3.0,5.0,1.0,33.0,87.0,5.0,4.0,0.0,0.0,0.0,0.0,7.3,,,,,,,,,,,,,,,,,,
S001644,M00162,P0286,T016,77.0,,,1.0,,,,,,,,,,,3.0,4.0,0.0,15.0,68.0,2.0,1.0,0.0,0.0,5.0,0.0,8.0,,,,,,,,,,,,,,,,,,
S001645,M00162,P0281,T016,65.0,,,1.0,,,,,,,,,,,1.0,0.0,0.0,47.0,91.0,8.0,4.0,0.0,0.0,4.0,4.0,6.8,,,,,,,,,,,,,,,,,,
S001646,M00162,P0289,T016,65.0,,,1.0,,,,,,,,,,,3.0,5.0,2.0,34.0,83.0,3.0,1.0,1.0,0.0,2.0,4.0,6.3,,,,,,,,,,,,,,,,,,
S001647,M00162,P0283,T016,49.0,,,2.0,,,,,,,,,,,0.0,0.0,4.0,52.0,81.0,1.0,1.0,1.0,0.0,1.0,0.0,7.3,,,,,,,,,,,,,,,,,,
S001648,M00162,P0291,T016,46.0,,,0.0,,,,,,,,,,,2.0,0.0,1.0,45.0,94.0,1.0,5.0,2.0,0.0,5.0,0.0,6.9,,,,,,,,,,,,,,,,,,
S001649,M00162,P0288,T016,64.0,,,2.0,,,,,,,,,,,0.0,6.0,2.0,41.0,65.0,4.0,3.0,2.0,0.0,0.0,1.0,6.2,,,,,,,,,,,,,,,,,,
S001650,M00162,P0285,T016,78.0,,,0.0,,,,,,,,,,,1.0,1.0,2.0,27.0,63.0,1.0,0.0,0.0,0.0,4.0,3.0,9.1,,,,,,,,,,,,,,,,,,
S001651,M00162,P0280,T016,45.0,,,0.0,,,,,,,,,,,1.0,4.0,3.0,59.0,85.0,4.0,3.0,1.0,0.0,4.0,0.0,5.0,,,,,,,,,,,,,,,,,,
S001652,M00162,P0287,T016,71.0,,,1.0,,,,,,,,,,,3.0,0.0,4.0,25.0,89.0,6.0,1.0,2.0,0.0,0.0,0.0,7.2,,,,,,,,,,,,,,,,,,
S001653,M00162,P0277,T016,86.0,,,2.0,,,,,,,,,,,3.0,6.0,0.0,50.0,86.0,2.0,0.0,1.0,0.0,2.0,0.0,7.5,,,,,,,,,,,,,,,,,,
S001654,M00162,P0278,T016,78.0,,,2.0,,,,,,,,,,,3.0,0.0,2.0,16.0,92.0,6.0,4.0,0.0,0.0,5.0,0.0,5.7,,,,,,,,,,,,,,,,,,
S001655,M00163,P0194,T012,82.0,,,1.0,,,,,,,,,,,0.0,0.0,2.0,55.0,74.0,0.0,3.0,1.0,0.0,4.0,0.0,5.1,,,,,,,,,,,,,,,,,,
S001656,M00163,P0176,T012,81.0,,,2.0,,,,,,,,,,,3.0,0.0,1.0,29.0,68.0,5.0,5.0,0.0,0.0,4.0,7.0,8.1,,,,,,,,,,,,,,,,,,
S001657,M00163,P0187,T012,52.0,,,2.0,,,,,,,,,,,0.0,6.0,2.0,45.0,66.0,3.0,3.0,2.0,0.0,3.0,0.0,7.1,,,,,,,,,,,,,,,,,,
S001658,M00163,P0177,T012,45.0,,,1.0,,,,,,,,,,,3.0,1.0,0.0,31.0,75.0,1.0,4.0,0.0,0.0,3.0,0.0,8.3,,,,,,,,,,,,,,,,,,
S001659,M00163,P0179,T012,66.0,,,1.0,,,,,,,,,,,1.0,6.0,0.0,18.0,71.0,1.0,3.0,2.0,0.0,0.0,0.0,7.5,,,,,,,,,,,,,,,,,,
S001660,M00163,P0175,T012,77.0,,,1.0,,,,,,,,,,,3.0,6.0,2.0,42.0,60.0,2.0,4.0,0.0,0.0,2.0,0.0,7.5,,,,,,,,,,,,,,,,,,
S001661,M00163,P0186,T012,77.0,,,0.0,,,,,,,,,,,2.0,5.0,4.0,50.0,65.0,0.0,3.0,1.0,0.0,2.0,1.0,7.2,,,,,,,,,,,,,,,,,,
S001662,M00163,P0180,T012,66.0,,,1.0,,,,,,,,,,,2.0,4.0,1.0,59.0,82.0,1.0,0.0,0.0,0.0,2.0,0.0,5.2,,,,,,,,,,,,,,,,,,
S001663,M00163,P0181,T012,50.0,,,2.0,,,,,,,,,,,1.0,1.0,1.0,15.0,81.0,5.0,4.0,2.0,0.0,3.0,0.0,7.5,,,,,,,,,,,,,,,,,,
S001664,M00163,P0193,T012,45.0,,,1.0,,,,,,,,,,,1.0,6.0,4.0,39.0,66.0,7.0,3.0,0.0,0.0,5.0,0.0,5.9,,,,,,,,,,,,,,,,,,
S001665,M00163,P0170,T012,67.0,,,2.0,,,,,,,,,,,3.0,3.0,0.0,46.0,79.0,1.0,1.0,1.0,0.0,5.0,6.0,5.0,,,,,,,,,,,,,,,,,,
S001666,M00163,P0197,T013,69.0,,,0.0,,,,,,,,,,,2.0,6.0,4.0,39.0,85.0,7.0,3.0,2.0,0.0,0.0,0.0,5.0,,,,,,,,,,,,,,,,,,
S001667,M00163,P0207,T013,62.0,,,1.0,,,,,,,,,,,1.0,2.0,4.0,55.0,89.0,3.0,0.0,2.0,0.0,1.0,0.0,5.2,,,,,,,,,,,,,,,,,,
S001668,M00163,P0203,T013,59.0,,,1.0,,,,,,,,,,,1.0,4.0,3.0,57.0,88.0,5.0,3.0,1.0,1.0,2.0,1.0,8.5,,,,,,,,,,,,,,,,,,
S001669,M00163,P0212,T013,64.0,,,2.0,,,,,,,,,,,2.0,6.0,0.0,47.0,79.0,7.0,5.0,0.0,0.0,4.0,0.0,5.4,,,,,,,,,,,,,,,,,,
S001670,M00163,P0202,T013,67.0,,,0.0,,,,,,,,,,,3.0,6.0,2.0,28.0,70.0,7.0,0.0,1.0,0.0,4.0,0.0,9.0,,,,,,,,,,,,,,,,,,
S001671,M00163,P0216,T013,68.0,,,1.0,,,,,,,,,,,2.0,3.0,0.0,16.0,66.0,0.0,3.0,2.0,0.0,2.0,0.0,9.0,,,,,,,,,,,,,,,,,,
S001672,M00163,P0213,T013,68.0,,,2.0,,,,,,,,,,,2.0,5.0,2.0,36.0,81.0,7.0,1.0,2.0,0.0,3.0,0.0,5.7,,,,,,,,,,,,,,,,,,
S001673,M00163,P0205,T013,69.0,,,1.0,,,,,,,,,,,1.0,4.0,2.0,27.0,61.0,3.0,4.0,0.0,0.0,2.0,0.0,9.3,,,,,,,,,,,,,,,,,,
S001674,M00163,P0201,T013,69.0,,,2.0,,,,,,,,,,,2.0,3.0,0.0,37.0,84.0,2.0,5.0,2.0,0.0,0.0,0.0,6.0,,,,,,,,,,,,,,,,,,
S001675,M00163,P0215,T013,53.0,,,2.0,,,,,,,,,,,3.0,3.0,0.0,49.0,88.0,7.0,3.0,1.0,0.0,3.0,0.0,5.2,,,,,,,,,,,,,,,,,,
S001676,M00163,P0210,T013,86.0,,,2.0,,,,,,,,,,,1.0,4.0,3.0,19.0,84.0,3.0,3.0,1.0,0.0,5.0,0.0,8.6,,,,,,,,,,,,,,,,,,
S001677,M00165,P0275,T015,53.0,,,0.0,,,,,,,,,,,3.0,1.0,0.0,36.0,94.0,2.0,2.0,0.0,0.0,1.0,0.0,8.1,,,,,,,,,,,,,,,,,,
S001678,M00165,P0260,T015,60.0,,,0.0,,,,,,,,,,,0.0,1.0,4.0,47.0,74.0,4.0,2.0,1.0,0.0,3.0,0.0,8.7,,,,,,,,,,,,,,,,,,
S001679,M00165,P0248,T015,46.0,,,2.0,,,,,,,,,,,3.0,2.0,1.0,53.0,60.0,6.0,4.0,1.0,0.0,1.0,0.0,6.5,,,,,,,,,,,,,,,,,,
S001680,M00165,P0267,T015,79.0,,,1.0,,,,,,,,,,,3.0,6.0,1.0,48.0,79.0,1.0,1.0,2.0,0.0,3.0,0.0,8.2,,,,,,,,,,,,,,,,,,
S001681,M00165,P0271,T015,48.0,,,1.0,,,,,,,,,,,0.0,6.0,2.0,26.0,93.0,8.0,2.0,1.0,0.0,2.0,0.0,6.1,,,,,,,,,,,,,,,,,,
S001682,M00165,P0273,T015,52.0,,,1.0,,,,,,,,,,,0.0,1.0,2.0,32.0,79.0,2.0,4.0,0.0,0.0,3.0,0.0,6.8,,,,,,,,,,,,,,,,,,
S001683,M00165,P0247,T015,64.0,,,1.0,,,,,,,,,,,1.0,2.0,0.0,40.0,95.0,6.0,4.0,2.0,0.0,3.0,0.0,7.4,,,,,,,,,,,,,,,,,,
S001684,M00165,P0274,T015,46.0,,,0.0,,,,,,,,,,,1.0,1.0,4.0,18.0,70.0,1.0,1.0,0.0,0.0,0.0,1.0,7.8,,,,,,,,,,,,,,,,,,
S001685,M00165,P0253,T015,90.0,,,2.0,,,,,,,,,,,2.0,3.0,3.0,23.0,68.0,8.0,3.0,2.0,0.0,3.0,0.0,5.7,,,,,,,,,,,,,,,,,,
S001686,M00165,P0257,T015,78.0,,,0.0,,,,,,,,,,,3.0,6.0,0.0,26.0,70.0,4.0,4.0,1.0,0.0,1.0,0.0,7.6,,,,,,,,,,,,,,,,,,
S001687,M00165,P0249,T015,52.0,,,2.0,,,,,,,,,,,3.0,4.0,3.0,29.0,79.0,1.0,3.0,0.0,0.0,1.0,0.0,7.4,,,,,,,,,,,,,,,,,,
S001688,M00165,P0120,T009,76.0,,,1.0,,,,,,,,,,,2.0,5.0,0.0,19.0,61.0,2.0,5.0,0.0,0.0,5.0,0.0,8.4,,,,,,,,,,,,,,,,,,
S001689,M00165,P0104,T009,50.0,,,1.0,,,,,,,,,,,3.0,2.0,2.0,27.0,64.0,6.0,2.0,2.0,0.0,1.0,0.0,8.0,,,,,,,,,,,,,,,,,,
S001690,M00165,P0119,T009,89.0,,,0.0,,,,,,,,,,,0.0,6.0,2.0,35.0,86.0,2.0,3.0,1.0,0.0,0.0,0.0,8.5,,,,,,,,,,,,,,,,,,
S001691,M00165,P0123,T009,67.0,,,1.0,,,,,,,,,,,1.0,5.0,4.0,38.0,76.0,4.0,1.0,0.0,0.0,5.0,0.0,6.8,,,,,,,,,,,,,,,,,,
S001692,M00165,P0121,T009,75.0,,,1.0,,,,,,,,,,,2.0,5.0,4.0,22.0,72.0,0.0,4.0,1.0,0.0,3.0,0.0,5.6,,,,,,,,,,,,,,,,,,
S001693,M00165,P0114,T009,60.0,,,1.0,,,,,,,,,,,1.0,4.0,0.0,37.0,63.0,1.0,2.0,1.0,0.0,4.0,2.0,6.0,,,,,,,,,,,,,,,,,,
S001694,M00165,P0105,T009,70.0,,,0.0,,,,,,,,,,,3.0,2.0,4.0,31.0,92.0,1.0,4.0,2.0,0.0,0.0,0.0,6.6,,,,,,,,,,,,,,,,,,
S001695,M00165,P0115,T009,51.0,,,1.0,,,,,,,,,,,3.0,4.0,3.0,52.0,68.0,0.0,4.0,0.0,0.0,4.0,2.0,5.2,,,,,,,,,,,,,,,,,,
S001696,M00165,P0124,T009,80.0,,,2.0,,,,,,,,,,,1.0,5.0,2.0,18.0,75.0,3.0,5.0,0.0,0.0,3.0,0.0,8.8,,,,,,,,,,,,,,,,,,
S001697,M00165,P0106,T009,62.0,,,1.0,,,,,,,,,,,1.0,4.0,2.0,42.0,70.0,1.0,2.0,2.0,0.0,5.0,0.0,9.1,,,,,,,,,,,,,,,,,,
S001698,M00165,P0112,T009,65.0,,,0.0,,,,,,,,,,,0.0,3.0,1.0,48.0,88.0,1.0,2.0,2.0,0.0,0.0,0.0,9.1,,,,,,,,,,,,,,,,,,
S001699,M00166,P0260,T015,74.0,,,2.0,,,,,,,,,,,1.0,3.0,1.0,34.0,68.0,5.0,4.0,0.0,0.0,4.0,0.0,6.1,,,,,,,,,,,,,,,,,,
S001700,M00166,P0256,T015,49.0,,,1.0,,,,,,,,,,,1.0,5.0,4.0,60.0,90.0,7.0,1.0,2.0,0.0,3.0,0.0,7.2,,,,,,,,,,,,,,,,,,
S001701,M00166,P0272,T015,61.0,,,0.0,,,,,,,,,,,2.0,5.0,2.0,22.0,81.0,4.0,4.0,1.0,0.0,1.0,0.0,7.7,,,,,,,,,,,,,,,,,,
S001702,M00166,P0275,T015,69.0,,,1.0,,,,,,,,,,,2.0,0.0,2.0,35.0,79.0,3.0,4.0,2.0,0.0,1.0,0.0,7.8,,,,,,,,,,,,,,,,,,
S001703,M00166,P0255,T015,81.0,,,0.0,,,,,,,,,,,0.0,2.0,4.0,51.0,61.0,4.0,1.0,1.0,0.0,3.0,0.0,9.3,,,,,,,,,,,,,,,,,,
S001704,M00166,P0268,T015,85.0,,,2.0,,,,,,,,,,,0.0,0.0,4.0,28.0,60.0,1.0,3.0,2.0,0.0,1.0,0.0,7.2,,,,,,,,,,,,,,,,,,
S001705,M00166,P0249,T015,53.0,,,0.0,,,,,,,,,,,2.0,3.0,3.0,54.0,68.0,2.0,2.0,1.0,0.0,0.0,0.0,6.0,,,,,,,,,,,,,,,,,,
S001706,M00166,P0271,T015,83.0,,,0.0,,,,,,,,,,,1.0,4.0,0.0,55.0,77.0,0.0,0.0,2.0,0.0,3.0,0.0,6.1,,,,,,,,,,,,,,,,,,
S001707,M00166,P0251,T015,90.0,,,1.0,,,,,,,,,,,0.0,1.0,1.0,35.0,79.0,1.0,2.0,1.0,0.0,2.0,6.0,7.6,,,,,,,,,,,,,,,,,,
S001708,M00166,P0270,T015,45.0,,,2.0,,,,,,,,,,,0.0,0.0,4.0,27.0,68.0,3.0,1.0,1.0,0.0,5.0,0.0,6.2,,,,,,,,,,,,,,,,,,
S001709,M00166,P0263,T015,64.0,,,0.0,,,,,,,,,,,1.0,4.0,4.0,50.0,75.0,5.0,4.0,1.0,0.0,5.0,0.0,7.2,,,,,,,,,,,,,,,,,,
S001710,M00166,P0210,T013,64.0,,,2.0,,,,,,,,,,,3.0,6.0,1.0,35.0,80.0,0.0,0.0,2.0,0.0,4.0,0.0,7.5,,,,,,,,,,,,,,,,,,
S001711,M00166,P0197,T013,81.0,,,2.0,,,,,,,,,,,0.0,5.0,0.0,37.0,79.0,7.0,3.0,0.0,0.0,5.0,0.0,6.4,,,,,,,,,,,,,,,,,,
S001712,M00166,P0206,T013,54.0,,,2.0,,,,,,,,,,,3.0,3.0,1.0,57.0,80.0,5.0,2.0,2.0,0.0,5.0,0.0,9.1,,,,,,,,,,,,,,,,,,
S001713,M00166,P0202,T013,56.0,,,0.0,,,,,,,,,,,1.0,3.0,4.0,41.0,69.0,0.0,5.0,1.0,0.0,2.0,0.0,8.7,,,,,,,,,,,,,,,,,,
S001714,M00166,P0214,T013,62.0,,,2.0,,,,,,,,,,,1.0,1.0,2.0,24.0,85.0,0.0,2.0,1.0,0.0,5.0,0.0,8.5,,,,,,,,,,,,,,,,,,
S001715,M00166,P0195,T013,82.0,,,2.0,,,,,,,,,,,1.0,2.0,1.0,42.0,90.0,8.0,5.0,0.0,0.0,1.0,0.0,6.1,,,,,,,,,,,,,,,,,,
S001716,M00166,P0200,T013,77.0,,,0.0,,,,,,,,,,,0.0,1.0,0.0,40.0,74.0,4.0,2.0,0.0,0.0,5.0,0.0,5.9,,,,,,,,,,,,,,,,,,
S001717,M00166,P0213,T013,56.0,,,1.0,,,,,,,,,,,1.0,2.0,0.0,21.0,69.0,4.0,3.0,1.0,0.0,4.0,0.0,7.4,,,,,,,,,,,,,,,,,,
S001718,M00166,P0208,T013,57.0,,,0.0,,,,,,,,,,,3.0,0.0,1.0,24.0,82.0,0.0,2.0,0.0,0.0,1.0,3.0,8.7,,,,,,,,,,,,,,,,,,
S001719,M00166,P0212,T013,65.0,,,0.0,,,,,,,,,,,0.0,3.0,0.0,33.0,82.0,5.0,4.0,1.0,0.0,4.0,0.0,9.3,,,,,,,,,,,,,,,,,,
S001720,M00166,P0217,T013,62.0,,,1.0,,,,,,,,,,,0.0,1.0,1.0,51.0,79.0,5.0,3.0,1.0,0.0,4.0,2.0,6.7,,,,,,,,,,,,,,,,,,
S001721,M00168,P0231,T014,60.0,,,0.0,,,,,,,,,,,2.0,2.0,1.0,56.0,79.0,4.0,0.0,2.0,0.0,3.0,0.0,5.5,,,,,,,,,,,,,,,,,,
S001722,M00168,P0222,T014,89.0,,,1.0,,,,,,,,,,,3.0,2.0,3.0,17.0,85.0,6.0,1.0,0.0,0.0,5.0,0.0,7.9,,,,,,,,,,,,,,,,,,
S001723,M00168,P0224,T014,62.0,,,0.0,,,,,,,,,,,3.0,0.0,3.0,17.0,86.0,2.0,0.0,2.0,0.0,4.0,0.0,8.0,,,,,,,,,,,,,,,,,,
S001724,M00168,P0230,T014,90.0,,,0.0,,,,,,,,,,,3.0,2.0,1.0,10.0,60.0,7.0,3.0,0.0,0.0,2.0,0.0,5.7,,,,,,,,,,,,,,,,,,
S001725,M00168,P0227,T014,65.0,,,2.0,,,,,,,,,,,3.0,6.0,2.0,52.0,86.0,7.0,3.0,0.0,0.0,5.0,0.0,6.0,,,,,,,,,,,,,,,,,,
S001726,M00168,P0236,T014,72.0,,,2.0,,,,,,,,,,,0.0,0.0,4.0,12.0,66.0,0.0,0.0,1.0,0.0,3.0,1.0,8.8,,,,,,,,,,,,,,,,,,
S001727,M00168,P0221,T014,58.0,,,1.0,,,,,,,,,,,1.0,6.0,4.0,43.0,92.0,8.0,0.0,2.0,0.0,0.0,0.0,6.3,,,,,,,,,,,,,,,,,,
S001728,M00168,P0235,T014,70.0,,,1.0,,,,,,,,,,,0.0,1.0,4.0,43.0,67.0,6.0,4.0,1.0,0.0,5.0,0.0,6.6,,,,,,,,,,,,,,,,,,
S001729,M00168,P0240,T014,78.0,,,1.0,,,,,,,,,,,2.0,4.0,0.0,32.0,62.0,6.0,2.0,1.0,0.0,4.0,0.0,8.4,,,,,,,,,,,,,,,,,,
S001730,M00168,P0244,T014,69.0,,,0.0,,,,,,,,,,,3.0,4.0,0.0,10.0,90.0,2.0,5.0,1.0,0.0,0.0,8.0,5.5,,,,,,,,,,,,,,,,,,
S001731,M00168,P0237,T014,87.0,,,1.0,,,,,,,,,,,2.0,1.0,1.0,39.0,73.0,5.0,3.0,1.0,0.0,4.0,3.0,8.3,,,,,,,,,,,,,,,,,,
S001732,M00168,P0217,T013,61.0,,,1.0,,,,,,,,,,,2.0,4.0,4.0,23.0,86.0,7.0,0.0,1.0,0.0,2.0,0.0,9.2,,,,,,,,,,,,,,,,,,
S001733,M00168,P0195,T013,69.0,,,1.0,,,,,,,,,,,3.0,2.0,0.0,45.0,81.0,7.0,0.0,0.0,0.0,2.0,0.0,6.9,,,,,,,,,,,,,,,,,,
S001734,M00168,P0212,T013,67.0,,,1.0,,,,,,,,,,,2.0,1.0,2.0,25.0,65.0,8.0,0.0,2.0,0.0,1.0,0.0,7.6,,,,,,,,,,,,,,,,,,
S001735,M00168,P0202,T013,54.0,,,2.0,,,,,,,,,,,0.0,0.0,1.0,32.0,93.0,5.0,3.0,1.0,0.0,1.0,0.0,6.1,,,,,,,,,,,,,,,,,,
S001736,M00168,P0196,T013,75.0,,,1.0,,,,,,,,,,,3.0,6.0,1.0,11.0,72.0,1.0,3.0,1.0,0.0,3.0,0.0,5.5,,,,,,,,,,,,,,,,,,
S001737,M00168,P0207,T013,55.0,,,0.0,,,,,,,,,,,3.0,2.0,2.0,45.0,90.0,2.0,0.0,0.0,0.0,5.0,0.0,5.3,,,,,,,,,,,,,,,,,,
S001738,M00168,P0209,T013,68.0,,,1.0,,,,,,,,,,,2.0,2.0,0.0,52.0,63.0,5.0,2.0,2.0,1.0,4.0,0.0,8.0,,,,,,,,,,,,,,,,,,
S001739,M00168,P0211,T013,82.0,,,2.0,,,,,,,,,,,1.0,6.0,3.0,35.0,89.0,3.0,4.0,2.0,0.0,2.0,0.0,6.7,,,,,,,,,,,,,,,,,,
S001740,M00168,P0206,T013,70.0,,,0.0,,,,,,,,,,,1.0,1.0,2.0,25.0,93.0,3.0,5.0,0.0,0.0,4.0,0.0,5.4,,,,,,,,,,,,,,,,,,
S001741,M00168,P0198,T013,59.0,,,0.0,,,,,,,,,,,2.0,4.0,2.0,49.0,74.0,0.0,3.0,2.0,0.0,2.0,0.0,5.5,,,,,,,,,,,,,,,,,,
S001742,M00168,P0205,T013,81.0,,,1.0,,,,,,,,,,,3.0,2.0,3.0,58.0,84.0,2.0,4.0,2.0,0.0,1.0,0.0,6.6,,,,,,,,,,,,,,,,,,
S001743,M00169,P0236,T014,45.0,,,0.0,,,,,,,,,,,1.0,1.0,0.0,18.0,74.0,4.0,0.0,1.0,0.0,3.0,7.0,8.8,,,,,,,,,,,,,,,,,,
S001744,M00169,P0239,T014,51.0,,,1.0,,,,,,,,,,,1.0,0.0,2.0,43.0,62.0,4.0,0.0,2.0,0.0,1.0,8.0,9.0,,,,,,,,,,,,,,,,,,
S001745,M00169,P0232,T014,45.0,,,0.0,,,,,,,,,,,2.0,3.0,3.0,37.0,62.0,8.0,0.0,0.0,0.0,1.0,0.0,7.2,,,,,,,,,,,,,,,,,,
S001746,M00169,P0225,T014,80.0,,,1.0,,,,,,,,,,,2.0,3.0,4.0,12.0,95.0,6.0,1.0,1.0,0.0,1.0,0.0,7.1,,,,,,,,,,,,,,,,,,
S001747,M00169,P0224,T014,84.0,,,2.0,,,,,,,,,,,2.0,6.0,2.0,29.0,79.0,2.0,0.0,0.0,0.0,2.0,0.0,8.1,,,,,,,,,,,,,,,,,,
S001748,M00169,P0230,T014,54.0,,,2.0,,,,,,,,,,,2.0,4.0,3.0,22.0,64.0,3.0,3.0,0.0,0.0,2.0,0.0,6.7,,,,,,,,,,,,,,,,,,
S001749,M00169,P0241,T014,59.0,,,0.0,,,,,,,,,,,0.0,4.0,0.0,54.0,69.0,6.0,5.0,1.0,0.0,0.0,4.0,8.5,,,,,,,,,,,,,,,,,,
S001750,M00169,P0234,T014,83.0,,,2.0,,,,,,,,,,,1.0,4.0,3.0,10.0,84.0,1.0,0.0,1.0,0.0,0.0,0.0,8.9,,,,,,,,,,,,,,,,,,
S001751,M00169,P0240,T014,81.0,,,0.0,,,,,,,,,,,0.0,6.0,4.0,49.0,68.0,5.0,3.0,2.0,0.0,1.0,0.0,9.0,,,,,,,,,,,,,,,,,,
S001752,M00169,P0243,T014,76.0,,,2.0,,,,,,,,,,,3.0,4.0,1.0,28.0,64.0,0.0,1.0,1.0,0.0,0.0,0.0,5.9,,,,,,,,,,,,,,,,,,
S001753,M00169,P0221,T014,49.0,,,0.0,,,,,,,,,,,0.0,6.0,4.0,50.0,66.0,4.0,0.0,1.0,0.0,5.0,0.0,8.2,,,,,,,,,,,,,,,,,,
S001754,M00169,P0130,T010,71.0,,,2.0,,,,,,,,,,,0.0,5.0,2.0,60.0,63.0,6.0,3.0,0.0,0.0,4.0,0.0,7.1,,,,,,,,,,,,,,,,,,
S001755,M00169,P0135,T010,58.0,,,0.0,,,,,,,,,,,0.0,1.0,0.0,26.0,82.0,6.0,2.0,1.0,0.0,1.0,0.0,7.1,,,,,,,,,,,,,,,,,,
S001756,M00169,P0128,T010,87.0,,,2.0,,,,,,,,,,,3.0,2.0,0.0,39.0,77.0,0.0,1.0,0.0,0.0,3.0,4.0,6.2,,,,,,,,,,,,,,,,,,
S001757,M00169,P0139,T010,85.0,,,0.0,,,,,,,,,,,3.0,4.0,1.0,25.0,66.0,3.0,3.0,2.0,0.0,4.0,0.0,6.3,,,,,,,,,,,,,,,,,,
S001758,M00169,P0125,T010,56.0,,,1.0,,,,,,,,,,,3.0,0.0,0.0,34.0,61.0,3.0,1.0,1.0,0.0,3.0,5.0,6.1,,,,,,,,,,,,,,,,,,
S001759,M00169,P0129,T010,49.0,,,1.0,,,,,,,,,,,0.0,3.0,3.0,25.0,65.0,0.0,0.0,0.0,1.0,4.0,0.0,6.8,,,,,,,,,,,,,,,,,,
S001760,M00169,P0141,T010,66.0,,,1.0,,,,,,,,,,,2.0,6.0,0.0,20.0,80.0,3.0,3.0,0.0,0.0,2.0,0.0,5.3,,,,,,,,,,,,,,,,,,
S001761,M00169,P0132,T010,73.0,,,2.0,,,,,,,,,,,2.0,3.0,3.0,48.0,79.0,8.0,3.0,2.0,0.0,4.0,0.0,7.7,,,,,,,,,,,,,,,,,,
S001762,M00169,P0140,T010,77.0,,,2.0,,,,,,,,,,,2.0,0.0,3.0,10.0,75.0,6.0,0.0,0.0,1.0,3.0,0.0,8.6,,,,,,,,,,,,,,,,,,
S001763,M00169,P0133,T010,45.0,,,1.0,,,,,,,,,,,0.0,3.0,1.0,51.0,90.0,5.0,4.0,1.0,0.0,1.0,0.0,8.7,,,,,,,,,,,,,,,,,,
S001764,M00169,P0144,T010,47.0,,,2.0,,,,,,,,,,,3.0,0.0,0.0,14.0,88.0,1.0,4.0,2.0,0.0,0.0,0.0,9.5,,,,,,,,,,,,,,,,,,
S001765,M00171,P0153,T011,66.0,,,1.0,,,,,,,,,,,3.0,2.0,1.0,24.0,74.0,8.0,2.0,2.0,0.0,3.0,0.0,9.4,,,,,,,,,,,,,,,,,,
S001766,M00171,P0164,T011,66.0,,,0.0,,,,,,,,,,,2.0,1.0,4.0,16.0,90.0,0.0,1.0,2.0,0.0,1.0,0.0,9.1,,,,,,,,,,,,,,,,,,
S001767,M00171,P0145,T011,48.0,,,2.0,,,,,,,,,,,2.0,5.0,4.0,47.0,71.0,6.0,5.0,1.0,0.0,1.0,0.0,8.2,,,,,,,,,,,,,,,,,,
S001768,M00171,P0150,T011,90.0,,,2.0,,,,,,,,,,,0.0,4.0,3.0,51.0,89.0,3.0,0.0,1.0,0.0,4.0,0.0,8.9,,,,,,,,,,,,,,,,,,
S001769,M00171,P0147,T011,72.0,,,1.0,,,,,,,,,,,1.0,4.0,3.0,55.0,69.0,3.0,5.0,2.0,0.0,4.0,6.0,8.9,,,,,,,,,,,,,,,,,,
S001770,M00171,P0166,T011,87.0,,,2.0,,,,,,,,,,,1.0,1.0,3.0,52.0,84.0,8.0,3.0,2.0,0.0,5.0,0.0,5.4,,,,,,,,,,,,,,,,,,
S001771,M00171,P0154,T011,60.0,,,2.0,,,,,,,,,,,2.0,1.0,0.0,58.0,90.0,6.0,3.0,0.0,0.0,2.0,0.0,6.6,,,,,,,,,,,,,,,,,,
S001772,M00171,P0149,T011,86.0,,,1.0,,,,,,,,,,,0.0,6.0,1.0,30.0,89.0,2.0,0.0,2.0,0.0,1.0,0.0,6.5,,,,,,,,,,,,,,,,,,
S001773,M00171,P0146,T011,70.0,,,1.0,,,,,,,,,,,1.0,6.0,2.0,35.0,79.0,6.0,1.0,2.0,0.0,4.0,7.0,5.1,,,,,,,,,,,,,,,,,,
S001774,M00171,P0157,T011,63.0,,,1.0,,,,,,,,,,,2.0,3.0,0.0,24.0,75.0,4.0,5.0,0.0,0.0,0.0,0.0,8.3,,,,,,,,,,,,,,,,,,
S001775,M00171,P0163,T011,70.0,,,2.0,,,,,,,,,,,3.0,4.0,1.0,33.0,80.0,2.0,4.0,2.0,0.0,0.0,0.0,7.8,,,,,,,,,,,,,,,,,,
S001776,M00171,P0281,T016,50.0,,,1.0,,,,,,,,,,,2.0,0.0,3.0,14.0,89.0,3.0,4.0,1.0,0.0,5.0,8.0,5.4,,,,,,,,,,,,,,,,,,
S001777,M00171,P0288,T016,50.0,,,0.0,,,,,,,,,,,1.0,0.0,4.0,42.0,68.0,3.0,4.0,1.0,0.0,3.0,0.0,8.4,,,,,,,,,,,,,,,,,,
S001778,M00171,P0277,T016,88.0,,,1.0,,,,,,,,,,,3.0,1.0,1.0,53.0,73.0,1.0,0.0,1.0,0.0,4.0,0.0,5.6,,,,,,,,,,,,,,,,,,
S001779,M00171,P0276,T016,88.0,,,2.0,,,,,,,,,,,3.0,1.0,3.0,33.0,80.0,6.0,0.0,2.0,0.0,0.0,0.0,8.5,,,,,,,,,,,,,,,,,,
S001780,M00171,P0293,T016,78.0,,,0.0,,,,,,,,,,,1.0,0.0,3.0,23.0,65.0,8.0,5.0,1.0,0.0,0.0,0.0,7.2,,,,,,,,,,,,,,,,,,
S001781,M00171,P0286,T016,49.0,,,0.0,,,,,,,,,,,1.0,1.0,1.0,36.0,76.0,1.0,5.0,2.0,0.0,1.0,0.0,6.9,,,,,,,,,,,,,,,,,,
S001782,M00171,P0291,T016,57.0,,,2.0,,,,,,,,,,,2.0,4.0,4.0,14.0,86.0,7.0,3.0,1.0,0.0,1.0,0.0,5.7,,,,,,,,,,,,,,,,,,
S001783,M00171,P0294,T016,81.0,,,2.0,,,,,,,,,,,0.0,4.0,1.0,52.0,71.0,5.0,1.0,2.0,0.0,5.0,0.0,8.6,,,,,,,,,,,,,,,,,,
S001784,M00171,P0289,T016,74.0,,,0.0,,,,,,,,,,,0.0,3.0,4.0,25.0,89.0,4.0,4.0,2.0,0.0,1.0,2.0,6.4,,,,,,,,,,,,,,,,,,
S001785,M00171,P0290,T016,84.0,,,1.0,,,,,,,,,,,3.0,2.0,2.0,53.0,93.0,4.0,1.0,2.0,0.0,5.0,0.0,8.3,,,,,,,,,,,,,,,,,,
S001786,M00171,P0292,T016,72.0,,,0.0,,,,,,,,,,,0.0,0.0,2.0,60.0,74.0,3.0,0.0,1.0,0.0,4.0,8.0,5.1,,,,,,,,,,,,,,,,,,
S001787,M00172,P0212,T013,75.0,,,2.0,,,,,,,,,,,3.0,0.0,1.0,32.0,66.0,2.0,0.0,2.0,0.0,3.0,0.0,9.3,,,,,,,,,,,,,,,,,,
S001788,M00172,P0210,T013,74.0,,,0.0,,,,,,,,,,,1.0,3.0,1.0,56.0,85.0,6.0,5.0,0.0,0.0,1.0,0.0,6.5,,,,,,,,,,,,,,,,,,
S001789,M00172,P0218,T013,64.0,,,2.0,,,,,,,,,,,0.0,6.0,0.0,21.0,80.0,5.0,5.0,2.0,0.0,3.0,0.0,7.1,,,,,,,,,,,,,,,,,,
S001790,M00172,P0197,T013,59.0,,,2.0,,,,,,,,,,,3.0,1.0,4.0,32.0,91.0,5.0,2.0,0.0,0.0,5.0,0.0,8.7,,,,,,,,,,,,,,,,,,
S001791,M00172,P0205,T013,61.0,,,1.0,,,,,,,,,,,3.0,5.0,0.0,14.0,64.0,7.0,5.0,0.0,1.0,3.0,0.0,5.1,,,,,,,,,,,,,,,,,,
S001792,M00172,P0215,T013,90.0,,,0.0,,,,,,,,,,,3.0,2.0,3.0,51.0,89.0,6.0,0.0,0.0,0.0,4.0,0.0,6.3,,,,,,,,,,,,,,,,,,
S001793,M00172,P0206,T013,55.0,,,0.0,,,,,,,,,,,1.0,0.0,0.0,44.0,62.0,5.0,3.0,0.0,0.0,4.0,0.0,8.1,,,,,,,,,,,,,,,,,,
S001794,M00172,P0196,T013,81.0,,,2.0,,,,,,,,,,,1.0,2.0,4.0,18.0,92.0,7.0,1.0,0.0,0.0,0.0,0.0,9.0,,,,,,,,,,,,,,,,,,
S001795,M00172,P0207,T013,88.0,,,0.0,,,,,,,,,,,1.0,1.0,3.0,24.0,87.0,5.0,2.0,2.0,0.0,1.0,0.0,5.0,,,,,,,,,,,,,,,,,,
S001796,M00172,P0200,T013,53.0,,,0.0,,,,,,,,,,,0.0,4.0,3.0,11.0,95.0,4.0,1.0,2.0,0.0,5.0,0.0,5.3,,,,,,,,,,,,,,,,,,
S001797,M00172,P0211,T013,88.0,,,1.0,,,,,,,,,,,1.0,4.0,3.0,58.0,73.0,6.0,2.0,0.0,0.0,5.0,0.0,8.3,,,,,,,,,,,,,,,,,,
S001798,M00172,P0136,T010,64.0,,,2.0,,,,,,,,,,,2.0,1.0,1.0,37.0,71.0,3.0,5.0,0.0,0.0,3.0,0.0,5.0,,,,,,,,,,,,,,,,,,
S001799,M00172,P0135,T010,73.0,,,0.0,,,,,,,,,,,1.0,1.0,2.0,12.0,69.0,8.0,1.0,0.0,0.0,1.0,0.0,8.0,,,,,,,,,,,,,,,,,,
S001800,M00172,P0127,T010,88.0,,,2.0,,,,,,,,,,,1.0,2.0,1.0,39.0,81.0,3.0,4.0,0.0,1.0,4.0,0.0,5.6,,,,,,,,,,,,,,,,,,
S001801,M00172,P0125,T010,80.0,,,2.0,,,,,,,,,,,0.0,0.0,3.0,55.0,85.0,3.0,0.0,1.0,0.0,3.0,6.0,8.8,,,,,,,,,,,,,,,,,,
S001802,M00172,P0141,T010,75.0,,,0.0,,,,,,,,,,,2.0,1.0,1.0,10.0,76.0,5.0,2.0,1.0,0.0,0.0,6.0,5.4,,,,,,,,,,,,,,,,,,
S001803,M00172,P0130,T010,70.0,,,2.0,,,,,,,,,,,2.0,3.0,0.0,11.0,94.0,4.0,2.0,2.0,0.0,0.0,0.0,5.4,,,,,,,,,,,,,,,,,,
S001804,M00172,P0126,T010,86.0,,,1.0,,,,,,,,,,,0.0,3.0,2.0,19.0,86.0,2.0,4.0,0.0,0.0,2.0,0.0,5.4,,,,,,,,,,,,,,,,,,
S001805,M00172,P0140,T010,67.0,,,1.0,,,,,,,,,,,0.0,6.0,0.0,51.0,86.0,6.0,0.0,2.0,0.0,1.0,0.0,5.5,,,,,,,,,,,,,,,,,,
S001806,M00172,P0133,T010,55.0,,,1.0,,,,,,,,,,,2.0,1.0,1.0,54.0,70.0,2.0,5.0,2.0,0.0,2.0,0.0,7.3,,,,,,,,,,,,,,,,,,
S001807,M00172,P0138,T010,80.0,,,1.0,,,,,,,,,,,1.0,5.0,3.0,50.0,79.0,3.0,2.0,1.0,0.0,5.0,0.0,8.8,,,,,,,,,,,,,,,,,,
S001808,M00172,P0134,T010,64.0,,,1.0,,,,,,,,,,,3.0,1.0,2.0,57.0,72.0,5.0,0.0,0.0,0.0,2.0,0.0,8.5,,,,,,,,,,,,,,,,,,
S001809,M00174,P0272,T015,79.0,,,1.0,,,,,,,,,,,1.0,0.0,1.0,15.0,88.0,4.0,4.0,2.0,0.0,1.0,0.0,5.1,,,,,,,,,,,,,,,,,,
S001810,M00174,P0256,T015,67.0,,,2.0,,,,,,,,,,,0.0,6.0,4.0,40.0,67.0,8.0,3.0,0.0,0.0,2.0,0.0,8.7,,,,,,,,,,,,,,,,,,
S001811,M00174,P0274,T015,53.0,,,2.0,,,,,,,,,,,1.0,1.0,2.0,54.0,81.0,4.0,5.0,2.0,0.0,1.0,0.0,6.5,,,,,,,,,,,,,,,,,,
S001812,M00174,P0262,T015,67.0,,,1.0,,,,,,,,,,,3.0,2.0,3.0,41.0,65.0,1.0,5.0,0.0,0.0,4.0,0.0,8.6,,,,,,,,,,,,,,,,,,
S001813,M00174,P0267,T015,59.0,,,2.0,,,,,,,,,,,0.0,2.0,2.0,39.0,86.0,2.0,3.0,1.0,0.0,5.0,0.0,5.5,,,,,,,,,,,,,,,,,,
S001814,M00174,P0259,T015,69.0,,,2.0,,,,,,,,,,,0.0,4.0,2.0,43.0,89.0,0.0,0.0,1.0,0.0,1.0,0.0,5.8,,,,,,,,,,,,,,,,,,
S001815,M00174,P0251,T015,58.0,,,1.0,,,,,,,,,,,1.0,5.0,4.0,48.0,84.0,0.0,0.0,2.0,0.0,3.0,6.0,8.1,,,,,,,,,,,,,,,,,,
S001816,M00174,P0260,T015,49.0,,,2.0,,,,,,,,,,,1.0,4.0,4.0,43.0,74.0,0.0,5.0,1.0,0.0,0.0,0.0,8.3,,,,,,,,,,,,,,,,,,
S001817,M00174,P0268,T015,60.0,,,2.0,,,,,,,,,,,3.0,6.0,4.0,18.0,89.0,1.0,5.0,1.0,0.0,0.0,0.0,9.1,,,,,,,,,,,,,,,,,,
S001818,M00174,P0263,T015,59.0,,,2.0,,,,,,,,,,,1.0,5.0,3.0,57.0,94.0,8.0,5.0,1.0,0.0,1.0,0.0,7.3,,,,,,,,,,,,,,,,,,
S001819,M00174,P0266,T015,86.0,,,2.0,,,,,,,,,,,3.0,5.0,0.0,44.0,76.0,3.0,4.0,1.0,0.0,1.0,0.0,5.2,,,,,,,,,,,,,,,,,,
S001820,M00174,P0143,T010,86.0,,,1.0,,,,,,,,,,,2.0,2.0,3.0,53.0,76.0,4.0,2.0,0.0,0.0,0.0,7.0,6.8,,,,,,,,,,,,,,,,,,
S001821,M00174,P0125,T010,55.0,,,0.0,,,,,,,,,,,3.0,3.0,2.0,28.0,74.0,4.0,3.0,1.0,1.0,0.0,6.0,5.1,,,,,,,,,,,,,,,,,,
S001822,M00174,P0144,T010,61.0,,,1.0,,,,,,,,,,,1.0,4.0,4.0,23.0,93.0,5.0,5.0,2.0,0.0,4.0,0.0,8.3,,,,,,,,,,,,,,,,,,
S001823,M00174,P0140,T010,74.0,,,1.0,,,,,,,,,,,3.0,4.0,2.0,38.0,92.0,3.0,5.0,1.0,0.0,5.0,0.0,9.4,,,,,,,,,,,,,,,,,,
S001824,M00174,P0132,T010,80.0,,,1.0,,,,,,,,,,,0.0,3.0,4.0,29.0,73.0,4.0,5.0,0.0,0.0,5.0,0.0,5.9,,,,,,,,,,,,,,,,,,
S001825,M00174,P0141,T010,73.0,,,2.0,,,,,,,,,,,0.0,6.0,3.0,39.0,84.0,1.0,5.0,2.0,0.0,2.0,0.0,7.9,,,,,,,,,,,,,,,,,,
S001826,M00174,P0134,T010,45.0,,,2.0,,,,,,,,,,,3.0,4.0,1.0,34.0,70.0,2.0,1.0,0.0,0.0,4.0,0.0,6.4,,,,,,,,,,,,,,,,,,
S001827,M00174,P0129,T010,45.0,,,0.0,,,,,,,,,,,1.0,3.0,4.0,47.0,81.0,2.0,4.0,1.0,0.0,0.0,0.0,8.3,,,,,,,,,,,,,,,,,,
S001828,M00174,P0138,T010,59.0,,,0.0,,,,,,,,,,,0.0,6.0,3.0,30.0,72.0,2.0,3.0,0.0,0.0,5.0,0.0,8.2,,,,,,,,,,,,,,,,,,
S001829,M00174,P0136,T010,52.0,,,2.0,,,,,,,,,,,2.0,3.0,1.0,26.0,63.0,3.0,1.0,0.0,0.0,3.0,0.0,7.2,,,,,,,,,,,,,,,,,,
S001830,M00174,P0135,T010,63.0,,,2.0,,,,,,,,,,,3.0,2.0,0.0,47.0,75.0,5.0,2.0,1.0,0.0,3.0,0.0,9.4,,,,,,,,,,,,,,,,,,
S001831,M00175,P0196,T013,64.0,,,1.0,,,,,,,,,,,2.0,4.0,2.0,40.0,85.0,1.0,1.0,0.0,0.0,1.0,0.0,9.2,,,,,,,,,,,,,,,,,,
S001832,M00175,P0199,T013,83.0,,,2.0,,,,,,,,,,,0.0,1.0,3.0,53.0,60.0,6.0,2.0,0.0,0.0,3.0,1.0,9.1,,,,,,,,,,,,,,,,,,
S001833,M00175,P0219,T013,55.0,,,2.0,,,,,,,,,,,1.0,5.0,1.0,51.0,61.0,5.0,3.0,1.0,0.0,4.0,0.0,8.1,,,,,,,,,,,,,,,,,,
S001834,M00175,P0217,T013,60.0,,,1.0,,,,,,,,,,,0.0,2.0,2.0,30.0,81.0,5.0,0.0,0.0,0.0,1.0,5.0,6.9,,,,,,,,,,,,,,,,,,
S001835,M00175,P0208,T013,76.0,,,1.0,,,,,,,,,,,3.0,6.0,4.0,48.0,79.0,3.0,1.0,2.0,0.0,3.0,3.0,7.6,,,,,,,,,,,,,,,,,,
S001836,M00175,P0198,T013,83.0,,,1.0,,,,,,,,,,,0.0,5.0,3.0,12.0,61.0,8.0,1.0,2.0,0.0,1.0,0.0,6.8,,,,,,,,,,,,,,,,,,
S001837,M00175,P0210,T013,69.0,,,1.0,,,,,,,,,,,1.0,4.0,0.0,21.0,71.0,2.0,0.0,2.0,0.0,2.0,0.0,8.0,,,,,,,,,,,,,,,,,,
S001838,M00175,P0203,T013,70.0,,,1.0,,,,,,,,,,,0.0,6.0,4.0,12.0,87.0,7.0,0.0,2.0,0.0,2.0,1.0,5.8,,,,,,,,,,,,,,,,,,
S001839,M00175,P0197,T013,48.0,,,2.0,,,,,,,,,,,1.0,6.0,1.0,26.0,79.0,0.0,3.0,1.0,0.0,1.0,0.0,9.1,,,,,,,,,,,,,,,,,,
S001840,M00175,P0201,T013,69.0,,,2.0,,,,,,,,,,,1.0,0.0,4.0,51.0,72.0,3.0,5.0,0.0,0.0,5.0,0.0,8.8,,,,,,,,,,,,,,,,,,
S001841,M00175,P0213,T013,49.0,,,2.0,,,,,,,,,,,1.0,3.0,4.0,19.0,67.0,0.0,2.0,0.0,0.0,0.0,0.0,5.7,,,,,,,,,,,,,,,,,,
S001842,M00175,P0275,T015,73.0,,,0.0,,,,,,,,,,,2.0,3.0,0.0,30.0,78.0,8.0,2.0,1.0,0.0,4.0,0.0,9.0,,,,,,,,,,,,,,,,,,
S001843,M00175,P0259,T015,55.0,,,0.0,,,,,,,,,,,1.0,3.0,1.0,19.0,70.0,8.0,5.0,2.0,0.0,0.0,0.0,9.4,,,,,,,,,,,,,,,,,,
S001844,M00175,P0247,T015,55.0,,,2.0,,,,,,,,,,,3.0,4.0,0.0,28.0,76.0,6.0,5.0,1.0,0.0,4.0,0.0,6.5,,,,,,,,,,,,,,,,,,
S001845,M00175,P0273,T015,62.0,,,1.0,,,,,,,,,,,3.0,0.0,4.0,36.0,61.0,6.0,2.0,1.0,0.0,5.0,0.0,6.2,,,,,,,,,,,,,,,,,,
S001846,M00175,P0263,T015,66.0,,,1.0,,,,,,,,,,,1.0,3.0,1.0,38.0,95.0,7.0,5.0,1.0,0.0,4.0,0.0,9.1,,,,,,,,,,,,,,,,,,
S001847,M00175,P0250,T015,61.0,,,1.0,,,,,,,,,,,0.0,0.0,4.0,27.0,86.0,5.0,3.0,1.0,0.0,0.0,0.0,9.5,,,,,,,,,,,,,,,,,,
S001848,M00175,P0270,T015,50.0,,,2.0,,,,,,,,,,,1.0,4.0,4.0,48.0,89.0,2.0,4.0,1.0,0.0,4.0,0.0,5.3,,,,,,,,,,,,,,,,,,
S001849,M00175,P0262,T015,83.0,,,2.0,,,,,,,,,,,1.0,6.0,1.0,35.0,64.0,6.0,2.0,0.0,0.0,0.0,0.0,6.5,,,,,,,,,,,,,,,,,,
S001850,M00175,P0253,T015,76.0,,,2.0,,,,,,,,,,,0.0,4.0,3.0,12.0,81.0,6.0,5.0,2.0,0.0,4.0,0.0,5.0,,,,,,,,,,,,,,,,,,
S001851,M00175,P0266,T015,57.0,,,2.0,,,,,,,,,,,0.0,6.0,3.0,34.0,79.0,7.0,4.0,1.0,0.0,1.0,0.0,7.1,,,,,,,,,,,,,,,,,,
S001852,M00175,P0260,T015,78.0,,,0.0,,,,,,,,,,,1.0,1.0,2.0,18.0,95.0,5.0,1.0,1.0,0.0,2.0,0.0,5.4,,,,,,,,,,,,,,,,,,
S001853,M00178,P0207,T013,89.0,,,1.0,,,,,,,,,,,0.0,0.0,4.0,59.0,85.0,7.0,0.0,1.0,0.0,3.0,0.0,7.1,,,,,,,,,,,,,,,,,,
S001854,M00178,P0195,T013,51.0,,,1.0,,,,,,,,,,,0.0,6.0,2.0,13.0,78.0,3.0,1.0,1.0,0.0,4.0,0.0,6.7,,,,,,,,,,,,,,,,,,
S001855,M00178,P0197,T013,73.0,,,1.0,,,,,,,,,,,3.0,5.0,1.0,51.0,78.0,6.0,0.0,2.0,0.0,0.0,0.0,5.4,,,,,,,,,,,,,,,,,,
S001856,M00178,P0213,T013,81.0,,,0.0,,,,,,,,,,,0.0,5.0,3.0,13.0,66.0,7.0,4.0,2.0,0.0,5.0,0.0,5.8,,,,,,,,,,,,,,,,,,
S001857,M00178,P0214,T013,68.0,,,0.0,,,,,,,,,,,0.0,2.0,2.0,46.0,90.0,2.0,5.0,2.0,0.0,5.0,0.0,7.8,,,,,,,,,,,,,,,,,,
S001858,M00178,P0217,T013,47.0,,,0.0,,,,,,,,,,,0.0,5.0,1.0,49.0,90.0,5.0,4.0,2.0,0.0,5.0,7.0,8.0,,,,,,,,,,,,,,,,,,
S001859,M00178,P0212,T013,86.0,,,2.0,,,,,,,,,,,2.0,1.0,4.0,37.0,80.0,7.0,5.0,1.0,0.0,1.0,0.0,6.6,,,,,,,,,,,,,,,,,,
S001860,M00178,P0203,T013,69.0,,,2.0,,,,,,,,,,,2.0,5.0,1.0,13.0,78.0,1.0,3.0,1.0,0.0,5.0,3.0,7.0,,,,,,,,,,,,,,,,,,
S001861,M00178,P0218,T013,47.0,,,0.0,,,,,,,,,,,2.0,1.0,1.0,39.0,74.0,7.0,3.0,1.0,0.0,5.0,0.0,7.7,,,,,,,,,,,,,,,,,,
S001862,M00178,P0209,T013,69.0,,,2.0,,,,,,,,,,,0.0,5.0,3.0,59.0,60.0,8.0,2.0,1.0,0.0,0.0,7.0,6.4,,,,,,,,,,,,,,,,,,
S001863,M00178,P0211,T013,87.0,,,1.0,,,,,,,,,,,0.0,4.0,2.0,49.0,85.0,8.0,4.0,0.0,0.0,4.0,0.0,7.8,,,,,,,,,,,,,,,,,,
S001864,M00178,P0183,T012,61.0,,,1.0,,,,,,,,,,,2.0,0.0,4.0,49.0,95.0,6.0,1.0,0.0,0.0,1.0,5.0,5.7,,,,,,,,,,,,,,,,,,
S001865,M00178,P0168,T012,73.0,,,0.0,,,,,,,,,,,0.0,0.0,0.0,54.0,63.0,8.0,2.0,2.0,0.0,4.0,0.0,6.1,,,,,,,,,,,,,,,,,,
S001866,M00178,P0173,T012,88.0,,,2.0,,,,,,,,,,,3.0,4.0,4.0,52.0,80.0,3.0,1.0,0.0,0.0,4.0,6.0,5.5,,,,,,,,,,,,,,,,,,
S001867,M00178,P0177,T012,87.0,,,0.0,,,,,,,,,,,1.0,6.0,3.0,56.0,72.0,4.0,5.0,2.0,0.0,0.0,0.0,9.0,,,,,,,,,,,,,,,,,,
S001868,M00178,P0194,T012,54.0,,,1.0,,,,,,,,,,,3.0,1.0,2.0,49.0,91.0,2.0,0.0,1.0,0.0,2.0,0.0,7.5,,,,,,,,,,,,,,,,,,
S001869,M00178,P0179,T012,55.0,,,2.0,,,,,,,,,,,3.0,6.0,0.0,55.0,69.0,1.0,2.0,1.0,0.0,2.0,0.0,7.7,,,,,,,,,,,,,,,,,,
S001870,M00178,P0172,T012,79.0,,,1.0,,,,,,,,,,,2.0,2.0,3.0,10.0,78.0,2.0,4.0,0.0,0.0,0.0,0.0,7.2,,,,,,,,,,,,,,,,,,
S001871,M00178,P0176,T012,80.0,,,2.0,,,,,,,,,,,2.0,3.0,1.0,15.0,76.0,6.0,0.0,1.0,0.0,2.0,8.0,5.2,,,,,,,,,,,,,,,,,,
S001872,M00178,P0193,T012,62.0,,,0.0,,,,,,,,,,,2.0,4.0,1.0,37.0,88.0,6.0,4.0,2.0,0.0,4.0,7.0,7.7,,,,,,,,,,,,,,,,,,
S001873,M00178,P0178,T012,79.0,,,1.0,,,,,,,,,,,3.0,2.0,2.0,27.0,81.0,8.0,2.0,1.0,0.0,0.0,3.0,6.2,,,,,,,,,,,,,,,,,,
S001874,M00178,P0181,T012,52.0,,,2.0,,,,,,,,,,,1.0,4.0,1.0,36.0,60.0,5.0,4.0,1.0,0.0,3.0,0.0,6.5,,,,,,,,,,,,,,,,,,
S001875,M00179,P0197,T013,62.0,,,1.0,,,,,,,,,,,2.0,3.0,4.0,25.0,87.0,5.0,3.0,0.0,0.0,0.0,0.0,9.4,,,,,,,,,,,,,,,,,,
S001876,M00179,P0217,T013,71.0,,,0.0,,,,,,,,,,,3.0,5.0,1.0,54.0,75.0,0.0,3.0,0.0,0.0,2.0,4.0,7.3,,,,,,,,,,,,,,,,,,
S001877,M00179,P0213,T013,65.0,,,0.0,,,,,,,,,,,1.0,3.0,0.0,18.0,68.0,7.0,5.0,1.0,0.0,0.0,0.0,6.0,,,,,,,,,,,,,,,,,,
S001878,M00179,P0201,T013,73.0,,,2.0,,,,,,,,,,,1.0,5.0,3.0,14.0,94.0,6.0,5.0,2.0,0.0,2.0,0.0,7.1,,,,,,,,,,,,,,,,,,
S001879,M00179,P0203,T013,67.0,,,0.0,,,,,,,,,,,3.0,6.0,0.0,16.0,68.0,1.0,1.0,2.0,0.0,3.0,8.0,8.8,,,,,,,,,,,,,,,,,,
S001880,M00179,P0207,T013,80.0,,,2.0,,,,,,,,,,,3.0,6.0,0.0,35.0,86.0,1.0,2.0,2.0,0.0,2.0,0.0,7.8,,,,,,,,,,,,,,,,,,
S001881,M00179,P0202,T013,77.0,,,2.0,,,,,,,,,,,2.0,3.0,3.0,24.0,82.0,6.0,2.0,2.0,0.0,0.0,0.0,7.4,,,,,,,,,,,,,,,,,,
S001882,M00179,P0211,T013,46.0,,,2.0,,,,,,,,,,,1.0,6.0,4.0,53.0,93.0,2.0,2.0,0.0,0.0,1.0,0.0,9.1,,,,,,,,,,,,,,,,,,
S001883,M00179,P0195,T013,78.0,,,1.0,,,,,,,,,,,3.0,4.0,0.0,30.0,77.0,6.0,4.0,2.0,0.0,2.0,0.0,5.8,,,,,,,,,,,,,,,,,,
S001884,M00179,P0198,T013,77.0,,,2.0,,,,,,,,,,,1.0,6.0,4.0,28.0,88.0,0.0,2.0,0.0,0.0,0.0,0.0,8.0,,,,,,,,,,,,,,,,,,
S001885,M00179,P0219,T013,88.0,,,2.0,,,,,,,,,,,1.0,4.0,4.0,39.0,65.0,2.0,1.0,2.0,0.0,0.0,0.0,5.9,,,,,,,,,,,,,,,,,,
S001886,M00179,P0233,T014,72.0,,,0.0,,,,,,,,,,,2.0,3.0,1.0,43.0,89.0,6.0,0.0,2.0,0.0,0.0,0.0,7.3,,,,,,,,,,,,,,,,,,
S001887,M00179,P0232,T014,75.0,,,2.0,,,,,,,,,,,3.0,1.0,2.0,38.0,65.0,0.0,3.0,0.0,0.0,1.0,0.0,8.7,,,,,,,,,,,,,,,,,,
S001888,M00179,P0236,T014,62.0,,,2.0,,,,,,,,,,,2.0,5.0,2.0,40.0,75.0,5.0,3.0,0.0,0.0,5.0,2.0,8.9,,,,,,,,,,,,,,,,,,
S001889,M00179,P0245,T014,73.0,,,2.0,,,,,,,,,,,3.0,5.0,0.0,13.0,76.0,5.0,1.0,1.0,0.0,5.0,0.0,7.6,,,,,,,,,,,,,,,,,,
S001890,M00179,P0229,T014,58.0,,,0.0,,,,,,,,,,,0.0,6.0,3.0,24.0,68.0,2.0,4.0,1.0,0.0,3.0,0.0,9.2,,,,,,,,,,,,,,,,,,
S001891,M00179,P0224,T014,46.0,,,2.0,,,,,,,,,,,2.0,1.0,2.0,12.0,69.0,5.0,2.0,1.0,0.0,3.0,0.0,7.3,,,,,,,,,,,,,,,,,,
S001892,M00179,P0234,T014,89.0,,,2.0,,,,,,,,,,,1.0,6.0,3.0,39.0,62.0,4.0,0.0,0.0,0.0,4.0,0.0,7.4,,,,,,,,,,,,,,,,,,
S001893,M00179,P0235,T014,49.0,,,2.0,,,,,,,,,,,2.0,3.0,2.0,35.0,89.0,3.0,4.0,1.0,0.0,2.0,0.0,6.7,,,,,,,,,,,,,,,,,,
S001894,M00179,P0237,T014,45.0,,,1.0,,,,,,,,,,,2.0,4.0,2.0,57.0,87.0,7.0,5.0,0.0,0.0,5.0,2.0,7.8,,,,,,,,,,,,,,,,,,
S001895,M00179,P0244,T014,49.0,,,1.0,,,,,,,,,,,1.0,4.0,4.0,31.0,82.0,8.0,3.0,2.0,0.0,0.0,6.0,9.0,,,,,,,,,,,,,,,,,,
S001896,M00179,P0240,T014,60.0,,,1.0,,,,,,,,,,,2.0,4.0,4.0,53.0,77.0,2.0,3.0,1.0,0.0,3.0,0.0,5.1,,,,,,,,,,,,,,,,,,
S001897,M00180,P0142,T010,77.0,,,2.0,,,,,,,,,,,0.0,0.0,1.0,56.0,92.0,7.0,0.0,1.0,0.0,1.0,0.0,6.1,,,,,,,,,,,,,,,,,,
S001898,M00180,P0135,T010,72.0,,,1.0,,,,,,,,,,,0.0,4.0,0.0,12.0,94.0,0.0,0.0,1.0,0.0,1.0,0.0,7.1,,,,,,,,,,,,,,,,,,
S001899,M00180,P0131,T010,57.0,,,1.0,,,,,,,,,,,2.0,3.0,0.0,18.0,88.0,7.0,1.0,2.0,0.0,0.0,0.0,9.5,,,,,,,,,,,,,,,,,,
S001900,M00180,P0126,T010,69.0,,,2.0,,,,,,,,,,,2.0,3.0,4.0,33.0,89.0,4.0,2.0,1.0,0.0,2.0,0.0,7.8,,,,,,,,,,,,,,,,,,
S001901,M00180,P0127,T010,68.0,,,0.0,,,,,,,,,,,2.0,2.0,2.0,51.0,75.0,6.0,1.0,2.0,0.0,0.0,0.0,7.0,,,,,,,,,,,,,,,,,,
S001902,M00180,P0140,T010,64.0,,,1.0,,,,,,,,,,,2.0,0.0,4.0,24.0,82.0,2.0,5.0,1.0,0.0,5.0,0.0,9.0,,,,,,,,,,,,,,,,,,
S001903,M00180,P0136,T010,54.0,,,1.0,,,,,,,,,,,0.0,5.0,4.0,51.0,92.0,2.0,0.0,1.0,0.0,0.0,0.0,8.9,,,,,,,,,,,,,,,,,,
S001904,M00180,P0125,T010,84.0,,,0.0,,,,,,,,,,,1.0,2.0,2.0,41.0,78.0,4.0,2.0,0.0,0.0,1.0,0.0,8.6,,,,,,,,,,,,,,,,,,
S001905,M00180,P0128,T010,87.0,,,1.0,,,,,,,,,,,1.0,5.0,3.0,58.0,76.0,7.0,1.0,0.0,0.0,4.0,2.0,6.4,,,,,,,,,,,,,,,,,,
S001906,M00180,P0138,T010,48.0,,,2.0,,,,,,,,,,,1.0,2.0,1.0,21.0,65.0,2.0,5.0,1.0,0.0,2.0,0.0,5.0,,,,,,,,,,,,,,,,,,
S001907,M00180,P0134,T010,89.0,,,2.0,,,,,,,,,,,1.0,1.0,3.0,24.0,78.0,0.0,4.0,1.0,0.0,5.0,0.0,5.4,,,,,,,,,,,,,,,,,,
S001908,M00180,P0237,T014,63.0,,,2.0,,,,,,,,,,,3.0,2.0,0.0,18.0,75.0,2.0,2.0,1.0,0.0,0.0,8.0,9.1,,,,,,,,,,,,,,,,,,
S001909,M00180,P0221,T014,50.0,,,0.0,,,,,,,,,,,0.0,6.0,2.0,57.0,74.0,4.0,4.0,2.0,0.0,0.0,0.0,5.9,,,,,,,,,,,,,,,,,,
S001910,M00180,P0231,T014,83.0,,,2.0,,,,,,,,,,,3.0,1.0,3.0,37.0,94.0,6.0,0.0,0.0,0.0,2.0,0.0,8.7,,,,,,,,,,,,,,,,,,
S001911,M00180,P0242,T014,52.0,,,0.0,,,,,,,,,,,0.0,0.0,1.0,49.0,65.0,3.0,4.0,0.0,1.0,0.0,0.0,5.4,,,,,,,,,,,,,,,,,,
S001912,M00180,P0241,T014,82.0,,,2.0,,,,,,,,,,,2.0,0.0,1.0,49.0,93.0,0.0,4.0,2.0,0.0,5.0,1.0,7.6,,,,,,,,,,,,,,,,,,
S001913,M00180,P0225,T014,88.0,,,1.0,,,,,,,,,,,3.0,6.0,2.0,20.0,72.0,1.0,4.0,0.0,0.0,4.0,0.0,5.2,,,,,,,,,,,,,,,,,,
S001914,M00180,P0243,T014,54.0,,,2.0,,,,,,,,,,,0.0,1.0,1.0,30.0,85.0,8.0,5.0,2.0,0.0,3.0,0.0,9.3,,,,,,,,,,,,,,,,,,
S001915,M00180,P0235,T014,59.0,,,2.0,,,,,,,,,,,3.0,3.0,3.0,13.0,79.0,1.0,3.0,0.0,0.0,5.0,0.0,6.0,,,,,,,,,,,,,,,,,,
S001916,M00180,P0230,T014,80.0,,,2.0,,,,,,,,,,,0.0,0.0,4.0,60.0,90.0,4.0,0.0,1.0,0.0,0.0,0.0,5.5,,,,,,,,,,,,,,,,,,
S001917,M00180,P0244,T014,58.0,,,0.0,,,,,,,,,,,1.0,6.0,1.0,27.0,76.0,5.0,3.0,0.0,0.0,0.0,4.0,9.0,,,,,,,,,,,,,,,,,,
S001918,M00180,P0220,T014,75.0,,,1.0,,,,,,,,,,,3.0,0.0,3.0,39.0,82.0,2.0,2.0,2.0,0.0,3.0,0.0,5.7,,,,,,,,,,,,,,,,,,
S001919,M00182,P0278,T016,49.0,,,2.0,,,,,,,,,,,0.0,6.0,0.0,30.0,88.0,0.0,1.0,2.0,0.0,1.0,0.0,5.3,,,,,,,,,,,,,,,,,,
S001920,M00182,P0288,T016,70.0,,,0.0,,,,,,,,,,,3.0,0.0,2.0,48.0,77.0,6.0,4.0,1.0,0.0,4.0,3.0,8.9,,,,,,,,,,,,,,,,,,
S001921,M00182,P0282,T016,53.0,,,0.0,,,,,,,,,,,1.0,5.0,3.0,13.0,61.0,7.0,0.0,2.0,0.0,4.0,0.0,8.5,,,,,,,,,,,,,,,,,,
S001922,M00182,P0279,T016,82.0,,,0.0,,,,,,,,,,,3.0,2.0,0.0,45.0,86.0,3.0,1.0,0.0,0.0,1.0,0.0,8.8,,,,,,,,,,,,,,,,,,
S001923,M00182,P0294,T016,70.0,,,2.0,,,,,,,,,,,2.0,6.0,3.0,28.0,78.0,8.0,5.0,2.0,0.0,4.0,0.0,8.9,,,,,,,,,,,,,,,,,,
S001924,M00182,P0276,T016,55.0,,,1.0,,,,,,,,,,,1.0,2.0,4.0,56.0,60.0,7.0,1.0,0.0,0.0,2.0,0.0,9.1,,,,,,,,,,,,,,,,,,
S001925,M00182,P0289,T016,89.0,,,2.0,,,,,,,,,,,1.0,2.0,4.0,31.0,77.0,5.0,2.0,0.0,0.0,0.0,6.0,8.5,,,,,,,,,,,,,,,,,,
S001926,M00182,P0292,T016,58.0,,,2.0,,,,,,,,,,,2.0,6.0,1.0,59.0,75.0,6.0,3.0,2.0,0.0,1.0,8.0,8.2,,,,,,,,,,,,,,,,,,
S001927,M00182,P0286,T016,57.0,,,2.0,,,,,,,,,,,3.0,6.0,1.0,19.0,75.0,8.0,0.0,0.0,0.0,1.0,0.0,6.9,,,,,,,,,,,,,,,,,,
S001928,M00182,P0283,T016,73.0,,,2.0,,,,,,,,,,,2.0,2.0,3.0,36.0,77.0,8.0,3.0,2.0,0.0,5.0,0.0,6.2,,,,,,,,,,,,,,,,,,
S001929,M00182,P0284,T016,70.0,,,1.0,,,,,,,,,,,1.0,6.0,0.0,18.0,62.0,6.0,1.0,0.0,0.0,2.0,0.0,9.0,,,,,,,,,,,,,,,,,,
S001930,M00182,P0122,T009,77.0,,,0.0,,,,,,,,,,,0.0,5.0,2.0,26.0,65.0,5.0,3.0,0.0,0.0,5.0,0.0,6.4,,,,,,,,,,,,,,,,,,
S001931,M00182,P0118,T009,58.0,,,0.0,,,,,,,,,,,3.0,0.0,3.0,44.0,84.0,1.0,0.0,1.0,0.0,0.0,0.0,8.9,,,,,,,,,,,,,,,,,,
S001932,M00182,P0119,T009,69.0,,,0.0,,,,,,,,,,,0.0,4.0,4.0,20.0,85.0,0.0,2.0,1.0,0.0,5.0,0.0,6.2,,,,,,,,,,,,,,,,,,
S001933,M00182,P0116,T009,67.0,,,0.0,,,,,,,,,,,2.0,5.0,3.0,42.0,75.0,6.0,4.0,1.0,0.0,1.0,0.0,7.2,,,,,,,,,,,,,,,,,,
S001934,M00182,P0105,T009,50.0,,,0.0,,,,,,,,,,,2.0,1.0,2.0,53.0,77.0,5.0,2.0,1.0,0.0,2.0,0.0,8.0,,,,,,,,,,,,,,,,,,
S001935,M00182,P0107,T009,72.0,,,0.0,,,,,,,,,,,0.0,1.0,0.0,15.0,65.0,6.0,5.0,0.0,0.0,1.0,0.0,9.3,,,,,,,,,,,,,,,,,,
S001936,M00182,P0108,T009,78.0,,,2.0,,,,,,,,,,,3.0,3.0,2.0,53.0,68.0,1.0,5.0,2.0,0.0,3.0,0.0,8.3,,,,,,,,,,,,,,,,,,
S001937,M00182,P0109,T009,58.0,,,2.0,,,,,,,,,,,3.0,1.0,4.0,33.0,63.0,5.0,5.0,2.0,0.0,4.0,0.0,5.9,,,,,,,,,,,,,,,,,,
S001938,M00182,P0112,T009,46.0,,,1.0,,,,,,,,,,,0.0,5.0,2.0,12.0,94.0,1.0,0.0,0.0,0.0,5.0,0.0,8.6,,,,,,,,,,,,,,,,,,
S001939,M00182,P0123,T009,46.0,,,1.0,,,,,,,,,,,1.0,6.0,4.0,50.0,76.0,8.0,2.0,0.0,0.0,3.0,0.0,8.7,,,,,,,,,,,,,,,,,,
S001940,M00182,P0104,T009,47.0,,,2.0,,,,,,,,,,,0.0,3.0,1.0,41.0,81.0,5.0,5.0,0.0,0.0,1.0,0.0,7.7,,,,,,,,,,,,,,,,,,
S001941,M00183,P0287,T016,89.0,,,1.0,,,,,,,,,,,2.0,1.0,3.0,31.0,70.0,8.0,0.0,0.0,0.0,5.0,0.0,9.0,,,,,,,,,,,,,,,,,,
S001942,M00183,P0284,T016,90.0,,,2.0,,,,,,,,,,,0.0,3.0,1.0,27.0,79.0,7.0,4.0,2.0,0.0,5.0,0.0,8.4,,,,,,,,,,,,,,,,,,
S001943,M00183,P0285,T016,82.0,,,0.0,,,,,,,,,,,1.0,2.0,0.0,36.0,73.0,8.0,1.0,0.0,0.0,5.0,8.0,7.7,,,,,,,,,,,,,,,,,,
S001944,M00183,P0288,T016,90.0,,,2.0,,,,,,,,,,,0.0,5.0,0.0,13.0,65.0,7.0,0.0,1.0,0.0,0.0,2.0,8.1,,,,,,,,,,,,,,,,,,
S001945,M00183,P0289,T016,84.0,,,2.0,,,,,,,,,,,2.0,5.0,2.0,38.0,85.0,1.0,5.0,2.0,0.0,2.0,4.0,7.5,,,,,,,,,,,,,,,,,,
S001946,M00183,P0293,T016,50.0,,,0.0,,,,,,,,,,,2.0,5.0,1.0,30.0,82.0,2.0,4.0,0.0,0.0,3.0,0.0,5.8,,,,,,,,,,,,,,,,,,
S001947,M00183,P0281,T016,79.0,,,2.0,,,,,,,,,,,3.0,2.0,3.0,52.0,91.0,8.0,0.0,2.0,0.0,1.0,6.0,9.0,,,,,,,,,,,,,,,,,,
S001948,M00183,P0280,T016,69.0,,,2.0,,,,,,,,,,,2.0,3.0,3.0,16.0,65.0,5.0,4.0,2.0,0.0,5.0,0.0,8.3,,,,,,,,,,,,,,,,,,
S001949,M00183,P0278,T016,49.0,,,0.0,,,,,,,,,,,3.0,5.0,4.0,60.0,77.0,1.0,5.0,0.0,0.0,4.0,0.0,5.5,,,,,,,,,,,,,,,,,,
S001950,M00183,P0277,T016,71.0,,,0.0,,,,,,,,,,,0.0,2.0,3.0,26.0,76.0,6.0,5.0,2.0,0.0,0.0,0.0,9.5,,,,,,,,,,,,,,,,,,
S001951,M00183,P0283,T016,77.0,,,0.0,,,,,,,,,,,1.0,6.0,4.0,39.0,83.0,4.0,1.0,2.0,0.0,3.0,0.0,6.0,,,,,,,,,,,,,,,,,,
S001952,M00183,P0243,T014,63.0,,,1.0,,,,,,,,,,,3.0,0.0,0.0,40.0,95.0,8.0,0.0,2.0,0.0,1.0,0.0,5.8,,,,,,,,,,,,,,,,,,
S001953,M00183,P0244,T014,51.0,,,0.0,,,,,,,,,,,1.0,6.0,4.0,11.0,95.0,2.0,1.0,1.0,0.0,4.0,0.0,7.8,,,,,,,,,,,,,,,,,,
S001954,M00183,P0241,T014,87.0,,,1.0,,,,,,,,,,,3.0,5.0,0.0,19.0,94.0,6.0,2.0,2.0,0.0,4.0,3.0,8.7,,,,,,,,,,,,,,,,,,
S001955,M00183,P0236,T014,86.0,,,1.0,,,,,,,,,,,2.0,0.0,3.0,29.0,85.0,8.0,1.0,0.0,0.0,0.0,0.0,5.9,,,,,,,,,,,,,,,,,,
S001956,M00183,P0237,T014,75.0,,,2.0,,,,,,,,,,,0.0,4.0,0.0,38.0,62.0,3.0,3.0,2.0,0.0,4.0,8.0,8.4,,,,,,,,,,,,,,,,,,
S001957,M00183,P0240,T014,71.0,,,2.0,,,,,,,,,,,3.0,1.0,1.0,12.0,91.0,0.0,4.0,2.0,0.0,4.0,0.0,6.2,,,,,,,,,,,,,,,,,,
S001958,M00183,P0230,T014,54.0,,,1.0,,,,,,,,,,,3.0,5.0,2.0,44.0,88.0,6.0,5.0,0.0,0.0,2.0,0.0,5.3,,,,,,,,,,,,,,,,,,
S001959,M00183,P0225,T014,75.0,,,2.0,,,,,,,,,,,2.0,6.0,2.0,31.0,85.0,5.0,3.0,0.0,0.0,3.0,0.0,6.6,,,,,,,,,,,,,,,,,,
S001960,M00183,P0227,T014,62.0,,,2.0,,,,,,,,,,,0.0,4.0,1.0,42.0,66.0,7.0,4.0,1.0,0.0,4.0,0.0,6.6,,,,,,,,,,,,,,,,,,
S001961,M00183,P0235,T014,47.0,,,1.0,,,,,,,,,,,1.0,2.0,1.0,58.0,69.0,0.0,1.0,1.0,0.0,3.0,0.0,7.8,,,,,,,,,,,,,,,,,,
S001962,M00183,P0242,T014,59.0,,,0.0,,,,,,,,,,,0.0,1.0,3.0,52.0,76.0,5.0,1.0,1.0,0.0,1.0,0.0,6.1,,,,,,,,,,,,,,,,,,
S001963,M00184,P0123,T009,66.0,,,2.0,,,,,,,,,,,1.0,1.0,2.0,39.0,85.0,7.0,2.0,0.0,0.0,5.0,0.0,7.5,,,,,,,,,,,,,,,,,,
S001964,M00184,P0105,T009,75.0,,,0.0,,,,,,,,,,,0.0,5.0,2.0,23.0,85.0,6.0,4.0,0.0,0.0,3.0,0.0,7.0,,,,,,,,,,,,,,,,,,
S001965,M00184,P0118,T009,58.0,,,0.0,,,,,,,,,,,2.0,1.0,4.0,32.0,85.0,2.0,4.0,0.0,0.0,1.0,0.0,7.2,,,,,,,,,,,,,,,,,,
S001966,M00184,P0112,T009,56.0,,,1.0,,,,,,,,,,,1.0,6.0,4.0,23.0,66.0,0.0,1.0,0.0,0.0,5.0,0.0,8.1,,,,,,,,,,,,,,,,,,
S001967,M00184,P0124,T009,48.0,,,2.0,,,,,,,,,,,0.0,5.0,4.0,29.0,69.0,3.0,2.0,0.0,0.0,3.0,0.0,5.1,,,,,,,,,,,,,,,,,,
S001968,M00184,P0116,T009,57.0,,,0.0,,,,,,,,,,,1.0,6.0,1.0,53.0,67.0,8.0,4.0,0.0,0.0,2.0,0.0,6.8,,,,,,,,,,,,,,,,,,
S001969,M00184,P0107,T009,50.0,,,1.0,,,,,,,,,,,1.0,5.0,3.0,45.0,60.0,4.0,3.0,0.0,0.0,4.0,0.0,7.4,,,,,,,,,,,,,,,,,,
S001970,M00184,P0109,T009,90.0,,,2.0,,,,,,,,,,,2.0,5.0,0.0,40.0,86.0,6.0,4.0,0.0,0.0,5.0,0.0,7.8,,,,,,,,,,,,,,,,,,
S001971,M00184,P0120,T009,63.0,,,2.0,,,,,,,,,,,2.0,2.0,2.0,29.0,69.0,1.0,2.0,1.0,0.0,4.0,0.0,8.6,,,,,,,,,,,,,,,,,,
S001972,M00184,P0110,T009,74.0,,,1.0,,,,,,,,,,,1.0,2.0,0.0,30.0,73.0,2.0,5.0,1.0,0.0,4.0,0.0,6.9,,,,,,,,,,,,,,,,,,
S001973,M00184,P0121,T009,78.0,,,2.0,,,,,,,,,,,2.0,1.0,2.0,56.0,68.0,8.0,4.0,0.0,0.0,4.0,0.0,5.2,,,,,,,,,,,,,,,,,,
S001974,M00184,P0186,T012,89.0,,,0.0,,,,,,,,,,,2.0,1.0,1.0,16.0,92.0,5.0,4.0,2.0,0.0,2.0,5.0,8.5,,,,,,,,,,,,,,,,,,
S001975,M00184,P0181,T012,88.0,,,0.0,,,,,,,,,,,0.0,2.0,0.0,35.0,87.0,6.0,5.0,2.0,0.0,5.0,0.0,8.0,,,,,,,,,,,,,,,,,,
S001976,M00184,P0194,T012,47.0,,,2.0,,,,,,,,,,,3.0,3.0,1.0,29.0,91.0,6.0,3.0,0.0,0.0,4.0,0.0,7.6,,,,,,,,,,,,,,,,,,
S001977,M00184,P0192,T012,79.0,,,0.0,,,,,,,,,,,3.0,1.0,4.0,47.0,82.0,1.0,5.0,0.0,0.0,2.0,0.0,5.8,,,,,,,,,,,,,,,,,,
S001978,M00184,P0193,T012,54.0,,,1.0,,,,,,,,,,,3.0,1.0,1.0,16.0,80.0,5.0,4.0,1.0,0.0,5.0,7.0,6.3,,,,,,,,,,,,,,,,,,
S001979,M00184,P0188,T012,81.0,,,0.0,,,,,,,,,,,3.0,4.0,4.0,26.0,81.0,4.0,0.0,0.0,0.0,2.0,0.0,6.4,,,,,,,,,,,,,,,,,,
S001980,M00184,P0189,T012,63.0,,,1.0,,,,,,,,,,,3.0,3.0,2.0,22.0,64.0,7.0,0.0,2.0,0.0,0.0,0.0,5.2,,,,,,,,,,,,,,,,,,
S001981,M00184,P0183,T012,50.0,,,2.0,,,,,,,,,,,0.0,1.0,3.0,23.0,84.0,6.0,1.0,2.0,0.0,1.0,5.0,8.3,,,,,,,,,,,,,,,,,,
S001982,M00184,P0173,T012,87.0,,,0.0,,,,,,,,,,,3.0,5.0,1.0,20.0,73.0,4.0,4.0,1.0,0.0,1.0,1.0,6.9,,,,,,,,,,,,,,,,,,
S001983,M00184,P0191,T012,70.0,,,0.0,,,,,,,,,,,0.0,4.0,0.0,12.0,60.0,4.0,4.0,2.0,0.0,5.0,0.0,9.4,,,,,,,,,,,,,,,,,,
S001984,M00184,P0169,T012,46.0,,,0.0,,,,,,,,,,,3.0,6.0,1.0,36.0,79.0,4.0,3.0,2.0,0.0,5.0,0.0,8.1,,,,,,,,,,,,,,,,,,
S001985,M00187,P0188,T012,48.0,,,2.0,,,,,,,,,,,0.0,1.0,3.0,16.0,86.0,4.0,5.0,2.0,0.0,5.0,0.0,9.3,,,,,,,,,,,,,,,,,,
S001986,M00187,P0182,T012,51.0,,,1.0,,,,,,,,,,,0.0,2.0,3.0,25.0,77.0,6.0,3.0,2.0,0.0,2.0,0.0,9.1,,,,,,,,,,,,,,,,,,
S001987,M00187,P0183,T012,58.0,,,2.0,,,,,,,,,,,1.0,3.0,4.0,13.0,80.0,2.0,4.0,2.0,0.0,2.0,6.0,7.0,,,,,,,,,,,,,,,,,,
S001988,M00187,P0178,T012,50.0,,,1.0,,,,,,,,,,,1.0,4.0,2.0,57.0,88.0,7.0,0.0,2.0,0.0,4.0,8.0,6.1,,,,,,,,,,,,,,,,,,
S001989,M00187,P0186,T012,73.0,,,0.0,,,,,,,,,,,2.0,6.0,2.0,32.0,62.0,6.0,4.0,1.0,0.0,4.0,0.0,6.8,,,,,,,,,,,,,,,,,,
S001990,M00187,P0191,T012,65.0,,,0.0,,,,,,,,,,,0.0,1.0,0.0,42.0,84.0,4.0,3.0,2.0,0.0,1.0,0.0,6.2,,,,,,,,,,,,,,,,,,
S001991,M00187,P0187,T012,59.0,,,0.0,,,,,,,,,,,2.0,2.0,2.0,43.0,85.0,5.0,1.0,0.0,0.0,0.0,0.0,8.1,,,,,,,,,,,,,,,,,,
S001992,M00187,P0175,T012,69.0,,,0.0,,,,,,,,,,,0.0,4.0,3.0,14.0,60.0,8.0,4.0,0.0,0.0,2.0,0.0,6.9,,,,,,,,,,,,,,,,,,
S001993,M00187,P0169,T012,63.0,,,1.0,,,,,,,,,,,3.0,0.0,2.0,47.0,63.0,3.0,3.0,1.0,0.0,2.0,0.0,7.1,,,,,,,,,,,,,,,,,,
S001994,M00187,P0193,T012,82.0,,,2.0,,,,,,,,,,,0.0,5.0,0.0,37.0,65.0,2.0,1.0,0.0,0.0,0.0,3.0,8.3,,,,,,,,,,,,,,,,,,
S001995,M00187,P0180,T012,88.0,,,2.0,,,,,,,,,,,3.0,2.0,2.0,45.0,86.0,8.0,5.0,2.0,0.0,4.0,0.0,9.1,,,,,,,,,,,,,,,,,,
S001996,M00187,P0247,T015,58.0,,,0.0,,,,,,,,,,,2.0,6.0,4.0,36.0,85.0,0.0,0.0,0.0,0.0,2.0,0.0,8.4,,,,,,,,,,,,,,,,,,
S001997,M00187,P0275,T015,46.0,,,2.0,,,,,,,,,,,1.0,2.0,3.0,22.0,93.0,0.0,0.0,0.0,0.0,2.0,0.0,8.6,,,,,,,,,,,,,,,,,,
S001998,M00187,P0271,T015,74.0,,,2.0,,,,,,,,,,,0.0,0.0,2.0,45.0,63.0,6.0,5.0,2.0,0.0,4.0,0.0,6.3,,,,,,,,,,,,,,,,,,
S001999,M00187,P0272,T015,81.0,,,0.0,,,,,,,,,,,0.0,3.0,2.0,12.0,82.0,5.0,0.0,2.0,0.0,5.0,0.0,8.6,,,,,,,,,,,,,,,,,,
S002000,M00187,P0255,T015,59.0,,,2.0,,,,,,,,,,,3.0,3.0,0.0,42.0,87.0,7.0,0.0,1.0,0.0,0.0,0.0,7.9,,,,,,,,,,,,,,,,,,
S002001,M00187,P0249,T015,84.0,,,2.0,,,,,,,,,,,1.0,6.0,1.0,55.0,70.0,8.0,5.0,1.0,0.0,5.0,0.0,5.5,,,,,,,,,,,,,,,,,,
S002002,M00187,P0256,T015,72.0,,,0.0,,,,,,,,,,,0.0,4.0,1.0,23.0,68.0,1.0,1.0,1.0,0.0,1.0,0.0,9.3,,,,,,,,,,,,,,,,,,
S002003,M00187,P0262,T015,47.0,,,0.0,,,,,,,,,,,2.0,5.0,0.0,23.0,90.0,1.0,3.0,1.0,0.0,4.0,0.0,6.6,,,,,,,,,,,,,,,,,,
S002004,M00187,P0265,T015,54.0,,,1.0,,,,,,,,,,,3.0,4.0,0.0,34.0,85.0,1.0,0.0,2.0,0.0,1.0,0.0,9.1,,,,,,,,,,,,,,,,,,
S002005,M00187,P0253,T015,53.0,,,2.0,,,,,,,,,,,0.0,1.0,0.0,34.0,83.0,1.0,3.0,1.0,0.0,0.0,0.0,5.8,,,,,,,,,,,,,,,,,,
S002006,M00187,P0252,T015,52.0,,,0.0,,,,,,,,,,,3.0,6.0,0.0,44.0,65.0,1.0,5.0,2.0,0.0,5.0,0.0,8.2,,,,,,,,,,,,,,,,,,
S002007,M00188,P0152,T011,77.0,,,2.0,,,,,,,,,,,3.0,5.0,1.0,13.0,87.0,2.0,1.0,0.0,0.0,5.0,5.0,7.7,,,,,,,,,,,,,,,,,,
S002008,M00188,P0164,T011,80.0,,,0.0,,,,,,,,,,,0.0,4.0,3.0,50.0,66.0,6.0,4.0,0.0,0.0,2.0,0.0,5.1,,,,,,,,,,,,,,,,,,
S002009,M00188,P0165,T011,55.0,,,0.0,,,,,,,,,,,0.0,1.0,0.0,23.0,87.0,0.0,4.0,0.0,0.0,2.0,0.0,8.5,,,,,,,,,,,,,,,,,,
S002010,M00188,P0166,T011,89.0,,,1.0,,,,,,,,,,,0.0,2.0,3.0,12.0,94.0,1.0,5.0,2.0,0.0,0.0,0.0,6.2,,,,,,,,,,,,,,,,,,
S002011,M00188,P0151,T011,80.0,,,1.0,,,,,,,,,,,1.0,3.0,4.0,30.0,76.0,4.0,4.0,1.0,0.0,3.0,0.0,7.7,,,,,,,,,,,,,,,,,,
S002012,M00188,P0146,T011,66.0,,,1.0,,,,,,,,,,,0.0,6.0,1.0,54.0,89.0,4.0,2.0,1.0,0.0,4.0,3.0,8.1,,,,,,,,,,,,,,,,,,
S002013,M00188,P0150,T011,85.0,,,2.0,,,,,,,,,,,2.0,5.0,0.0,41.0,76.0,2.0,4.0,1.0,0.0,1.0,0.0,8.0,,,,,,,,,,,,,,,,,,
S002014,M00188,P0160,T011,87.0,,,1.0,,,,,,,,,,,0.0,4.0,2.0,39.0,88.0,6.0,1.0,1.0,0.0,5.0,0.0,8.4,,,,,,,,,,,,,,,,,,
S002015,M00188,P0159,T011,79.0,,,1.0,,,,,,,,,,,2.0,3.0,3.0,48.0,65.0,5.0,1.0,0.0,0.0,2.0,0.0,7.2,,,,,,,,,,,,,,,,,,
S002016,M00188,P0154,T011,78.0,,,0.0,,,,,,,,,,,3.0,3.0,2.0,53.0,84.0,8.0,2.0,2.0,0.0,1.0,0.0,9.3,,,,,,,,,,,,,,,,,,
S002017,M00188,P0156,T011,88.0,,,0.0,,,,,,,,,,,3.0,4.0,3.0,34.0,65.0,1.0,3.0,1.0,0.0,5.0,0.0,7.4,,,,,,,,,,,,,,,,,,
S002018,M00188,P0233,T014,86.0,,,0.0,,,,,,,,,,,0.0,3.0,2.0,34.0,70.0,7.0,5.0,1.0,0.0,2.0,0.0,5.2,,,,,,,,,,,,,,,,,,
S002019,M00188,P0220,T014,49.0,,,1.0,,,,,,,,,,,2.0,1.0,1.0,15.0,69.0,5.0,1.0,1.0,0.0,1.0,0.0,6.5,,,,,,,,,,,,,,,,,,
S002020,M00188,P0226,T014,66.0,,,0.0,,,,,,,,,,,3.0,0.0,4.0,30.0,93.0,4.0,4.0,1.0,0.0,3.0,0.0,5.8,,,,,,,,,,,,,,,,,,
S002021,M00188,P0229,T014,68.0,,,1.0,,,,,,,,,,,0.0,6.0,1.0,10.0,83.0,3.0,2.0,0.0,0.0,1.0,0.0,8.2,,,,,,,,,,,,,,,,,,
S002022,M00188,P0239,T014,77.0,,,1.0,,,,,,,,,,,2.0,3.0,0.0,31.0,74.0,4.0,5.0,0.0,0.0,1.0,1.0,5.0,,,,,,,,,,,,,,,,,,
S002023,M00188,P0236,T014,50.0,,,2.0,,,,,,,,,,,1.0,2.0,2.0,57.0,74.0,1.0,2.0,2.0,0.0,0.0,4.0,8.9,,,,,,,,,,,,,,,,,,
S002024,M00188,P0224,T014,79.0,,,2.0,,,,,,,,,,,3.0,1.0,2.0,54.0,72.0,7.0,3.0,2.0,0.0,1.0,0.0,8.1,,,,,,,,,,,,,,,,,,
S002025,M00188,P0228,T014,64.0,,,0.0,,,,,,,,,,,0.0,0.0,0.0,37.0,93.0,2.0,1.0,0.0,0.0,4.0,0.0,9.2,,,,,,,,,,,,,,,,,,
S002026,M00188,P0232,T014,88.0,,,2.0,,,,,,,,,,,0.0,0.0,0.0,12.0,84.0,2.0,2.0,0.0,0.0,2.0,0.0,9.5,,,,,,,,,,,,,,,,,,
S002027,M00188,P0245,T014,78.0,,,0.0,,,,,,,,,,,3.0,5.0,2.0,33.0,92.0,7.0,3.0,1.0,0.0,2.0,0.0,8.9,,,,,,,,,,,,,,,,,,
S002028,M00188,P0235,T014,71.0,,,2.0,,,,,,,,,,,1.0,2.0,4.0,43.0,94.0,2.0,1.0,2.0,0.0,3.0,0.0,8.7,,,,,,,,,,,,,,,,,,
S002029,M00189,P0250,T015,52.0,,,1.0,,,,,,,,,,,0.0,4.0,4.0,58.0,71.0,8.0,0.0,1.0,0.0,1.0,0.0,6.1,,,,,,,,,,,,,,,,,,
S002030,M00189,P0256,T015,68.0,,,2.0,,,,,,,,,,,1.0,5.0,4.0,21.0,92.0,7.0,1.0,0.0,1.0,3.0,0.0,6.8,,,,,,,,,,,,,,,,,,
S002031,M00189,P0255,T015,72.0,,,1.0,,,,,,,,,,,3.0,5.0,0.0,44.0,68.0,8.0,4.0,1.0,0.0,5.0,0.0,8.1,,,,,,,,,,,,,,,,,,
S002032,M00189,P0273,T015,77.0,,,0.0,,,,,,,,,,,3.0,5.0,1.0,13.0,90.0,5.0,1.0,0.0,0.0,1.0,0.0,8.2,,,,,,,,,,,,,,,,,,
S002033,M00189,P0269,T015,69.0,,,2.0,,,,,,,,,,,2.0,1.0,0.0,33.0,68.0,6.0,1.0,0.0,0.0,0.0,0.0,7.2,,,,,,,,,,,,,,,,,,
S002034,M00189,P0251,T015,63.0,,,1.0,,,,,,,,,,,0.0,6.0,2.0,24.0,60.0,1.0,0.0,1.0,0.0,2.0,5.0,5.6,,,,,,,,,,,,,,,,,,
S002035,M00189,P0275,T015,83.0,,,1.0,,,,,,,,,,,3.0,2.0,3.0,29.0,77.0,3.0,1.0,0.0,0.0,4.0,0.0,8.8,,,,,,,,,,,,,,,,,,
S002036,M00189,P0266,T015,51.0,,,2.0,,,,,,,,,,,0.0,6.0,2.0,24.0,74.0,3.0,2.0,2.0,0.0,1.0,0.0,7.8,,,,,,,,,,,,,,,,,,
S002037,M00189,P0274,T015,84.0,,,0.0,,,,,,,,,,,3.0,0.0,0.0,58.0,62.0,3.0,5.0,1.0,0.0,2.0,7.0,6.6,,,,,,,,,,,,,,,,,,
S002038,M00189,P0252,T015,90.0,,,2.0,,,,,,,,,,,2.0,5.0,3.0,50.0,64.0,8.0,4.0,2.0,0.0,3.0,0.0,7.3,,,,,,,,,,,,,,,,,,
S002039,M00189,P0267,T015,48.0,,,0.0,,,,,,,,,,,1.0,2.0,4.0,47.0,69.0,7.0,4.0,1.0,0.0,3.0,0.0,9.4,,,,,,,,,,,,,,,,,,
S002040,M00189,P0283,T016,55.0,,,0.0,,,,,,,,,,,1.0,1.0,4.0,30.0,76.0,8.0,0.0,1.0,0.0,3.0,0.0,5.9,,,,,,,,,,,,,,,,,,
S002041,M00189,P0292,T016,52.0,,,2.0,,,,,,,,,,,2.0,5.0,4.0,23.0,85.0,8.0,3.0,1.0,0.0,5.0,7.0,6.2,,,,,,,,,,,,,,,,,,
S002042,M00189,P0280,T016,74.0,,,0.0,,,,,,,,,,,0.0,3.0,3.0,36.0,82.0,6.0,0.0,0.0,0.0,3.0,0.0,6.7,,,,,,,,,,,,,,,,,,
S002043,M00189,P0291,T016,90.0,,,0.0,,,,,,,,,,,1.0,6.0,4.0,19.0,67.0,2.0,5.0,2.0,0.0,0.0,0.0,7.6,,,,,,,,,,,,,,,,,,
S002044,M00189,P0285,T016,58.0,,,2.0,,,,,,,,,,,3.0,1.0,3.0,45.0,76.0,7.0,1.0,1.0,0.0,1.0,3.0,5.9,,,,,,,,,,,,,,,,,,
S002045,M00189,P0294,T016,45.0,,,2.0,,,,,,,,,,,2.0,6.0,2.0,51.0,87.0,2.0,5.0,0.0,0.0,3.0,0.0,8.0,,,,,,,,,,,,,,,,,,
S002046,M00189,P0289,T016,70.0,,,1.0,,,,,,,,,,,0.0,4.0,2.0,24.0,66.0,2.0,1.0,1.0,0.0,2.0,3.0,9.5,,,,,,,,,,,,,,,,,,
S002047,M00189,P0276,T016,78.0,,,2.0,,,,,,,,,,,2.0,4.0,0.0,17.0,93.0,4.0,3.0,1.0,0.0,2.0,0.0,5.8,,,,,,,,,,,,,,,,,,
S002048,M00189,P0279,T016,46.0,,,2.0,,,,,,,,,,,3.0,1.0,3.0,45.0,65.0,7.0,5.0,0.0,0.0,5.0,0.0,8.3,,,,,,,,,,,,,,,,,,
S002049,M00189,P0287,T016,59.0,,,1.0,,,,,,,,,,,3.0,5.0,4.0,16.0,65.0,6.0,5.0,1.0,0.0,2.0,0.0,8.3,,,,,,,,,,,,,,,,,,
S002050,M00189,P0277,T016,80.0,,,2.0,,,,,,,,,,,2.0,2.0,1.0,14.0,75.0,7.0,4.0,0.0,0.0,1.0,0.0,8.4,,,,,,,,,,,,,,,,,,
S002051,M00190,P0208,T013,72.0,,,1.0,,,,,,,,,,,3.0,3.0,2.0,46.0,73.0,5.0,4.0,1.0,0.0,2.0,1.0,7.2,,,,,,,,,,,,,,,,,,
S002052,M00190,P0201,T013,83.0,,,2.0,,,,,,,,,,,0.0,2.0,1.0,59.0,95.0,0.0,4.0,2.0,0.0,2.0,0.0,5.8,,,,,,,,,,,,,,,,,,
S002053,M00190,P0217,T013,76.0,,,0.0,,,,,,,,,,,1.0,1.0,4.0,48.0,60.0,7.0,3.0,0.0,0.0,0.0,0.0,5.4,,,,,,,,,,,,,,,,,,
S002054,M00190,P0207,T013,50.0,,,2.0,,,,,,,,,,,1.0,0.0,2.0,29.0,93.0,0.0,2.0,1.0,0.0,1.0,0.0,6.9,,,,,,,,,,,,,,,,,,
S002055,M00190,P0205,T013,61.0,,,2.0,,,,,,,,,,,3.0,1.0,0.0,26.0,60.0,1.0,0.0,2.0,0.0,3.0,0.0,5.4,,,,,,,,,,,,,,,,,,
S002056,M00190,P0213,T013,69.0,,,1.0,,,,,,,,,,,2.0,5.0,4.0,11.0,79.0,1.0,2.0,1.0,0.0,5.0,0.0,9.1,,,,,,,,,,,,,,,,,,
S002057,M00190,P0210,T013,69.0,,,2.0,,,,,,,,,,,3.0,4.0,3.0,39.0,74.0,6.0,3.0,0.0,0.0,4.0,0.0,8.0,,,,,,,,,,,,,,,,,,
S002058,M00190,P0200,T013,52.0,,,0.0,,,,,,,,,,,0.0,6.0,1.0,39.0,71.0,6.0,2.0,0.0,0.0,0.0,0.0,6.6,,,,,,,,,,,,,,,,,,
S002059,M00190,P0214,T013,69.0,,,0.0,,,,,,,,,,,3.0,2.0,2.0,49.0,90.0,1.0,5.0,2.0,0.0,5.0,0.0,7.0,,,,,,,,,,,,,,,,,,
S002060,M00190,P0216,T013,57.0,,,1.0,,,,,,,,,,,1.0,3.0,0.0,17.0,67.0,5.0,2.0,2.0,0.0,3.0,0.0,8.0,,,,,,,,,,,,,,,,,,
S002061,M00190,P0202,T013,58.0,,,2.0,,,,,,,,,,,1.0,6.0,3.0,10.0,87.0,8.0,2.0,1.0,0.0,5.0,0.0,7.4,,,,,,,,,,,,,,,,,,
S002062,M00190,P0187,T012,67.0,,,1.0,,,,,,,,,,,3.0,6.0,4.0,28.0,73.0,3.0,3.0,1.0,0.0,3.0,0.0,5.2,,,,,,,,,,,,,,,,,,
S002063,M00190,P0188,T012,69.0,,,0.0,,,,,,,,,,,1.0,3.0,3.0,41.0,87.0,5.0,4.0,1.0,0.0,2.0,0.0,8.3,,,,,,,,,,,,,,,,,,
S002064,M00190,P0184,T012,78.0,,,2.0,,,,,,,,,,,3.0,5.0,3.0,34.0,76.0,4.0,3.0,2.0,0.0,2.0,0.0,8.8,,,,,,,,,,,,,,,,,,
S002065,M00190,P0180,T012,60.0,,,1.0,,,,,,,,,,,2.0,2.0,2.0,51.0,62.0,2.0,2.0,0.0,0.0,1.0,0.0,7.0,,,,,,,,,,,,,,,,,,
S002066,M00190,P0169,T012,55.0,,,2.0,,,,,,,,,,,0.0,5.0,2.0,53.0,93.0,6.0,2.0,0.0,0.0,2.0,0.0,6.5,,,,,,,,,,,,,,,,,,
S002067,M00190,P0168,T012,46.0,,,1.0,,,,,,,,,,,1.0,6.0,2.0,27.0,95.0,0.0,3.0,2.0,0.0,1.0,0.0,7.4,,,,,,,,,,,,,,,,,,
S002068,M00190,P0183,T012,57.0,,,1.0,,,,,,,,,,,2.0,4.0,1.0,21.0,67.0,3.0,3.0,2.0,0.0,5.0,8.0,5.2,,,,,,,,,,,,,,,,,,
S002069,M00190,P0177,T012,62.0,,,1.0,,,,,,,,,,,0.0,1.0,3.0,23.0,63.0,4.0,0.0,1.0,0.0,3.0,0.0,6.0,,,,,,,,,,,,,,,,,,
S002070,M00190,P0186,T012,90.0,,,0.0,,,,,,,,,,,2.0,2.0,0.0,12.0,69.0,6.0,2.0,2.0,0.0,4.0,7.0,7.8,,,,,,,,,,,,,,,,,,
S002071,M00190,P0182,T012,72.0,,,0.0,,,,,,,,,,,1.0,2.0,3.0,39.0,77.0,6.0,2.0,2.0,1.0,3.0,0.0,8.9,,,,,,,,,,,,,,,,,,
S002072,M00190,P0173,T012,47.0,,,0.0,,,,,,,,,,,1.0,6.0,1.0,41.0,72.0,7.0,2.0,0.0,0.0,1.0,0.0,8.2,,,,,,,,,,,,,,,,,,
S002073,M00192,P0244,T014,75.0,,,2.0,,,,,,,,,,,0.0,6.0,4.0,30.0,67.0,6.0,2.0,2.0,0.0,3.0,7.0,7.5,,,,,,,,,,,,,,,,,,
S002074,M00192,P0238,T014,75.0,,,2.0,,,,,,,,,,,1.0,1.0,1.0,11.0,87.0,1.0,2.0,1.0,0.0,2.0,7.0,8.9,,,,,,,,,,,,,,,,,,
S002075,M00192,P0229,T014,68.0,,,2.0,,,,,,,,,,,2.0,3.0,4.0,47.0,73.0,5.0,0.0,1.0,0.0,5.0,0.0,8.1,,,,,,,,,,,,,,,,,,
S002076,M00192,P0222,T014,71.0,,,0.0,,,,,,,,,,,0.0,6.0,3.0,11.0,85.0,8.0,3.0,1.0,0.0,3.0,0.0,5.3,,,,,,,,,,,,,,,,,,
S002077,M00192,P0221,T014,50.0,,,0.0,,,,,,,,,,,0.0,4.0,1.0,25.0,85.0,1.0,1.0,2.0,0.0,1.0,0.0,7.2,,,,,,,,,,,,,,,,,,
S002078,M00192,P0242,T014,61.0,,,2.0,,,,,,,,,,,2.0,5.0,4.0,43.0,79.0,1.0,5.0,2.0,0.0,1.0,0.0,7.2,,,,,,,,,,,,,,,,,,
S002079,M00192,P0220,T014,77.0,,,0.0,,,,,,,,,,,3.0,2.0,4.0,59.0,60.0,7.0,4.0,0.0,0.0,5.0,0.0,8.6,,,,,,,,,,,,,,,,,,
S002080,M00192,P0225,T014,70.0,,,0.0,,,,,,,,,,,2.0,0.0,3.0,27.0,62.0,7.0,0.0,1.0,0.0,4.0,0.0,8.1,,,,,,,,,,,,,,,,,,
S002081,M00192,P0235,T014,64.0,,,2.0,,,,,,,,,,,3.0,5.0,2.0,42.0,72.0,0.0,1.0,1.0,0.0,2.0,0.0,7.1,,,,,,,,,,,,,,,,,,
S002082,M00192,P0233,T014,72.0,,,2.0,,,,,,,,,,,2.0,2.0,0.0,28.0,76.0,2.0,3.0,0.0,0.0,4.0,0.0,5.0,,,,,,,,,,,,,,,,,,
S002083,M00192,P0241,T014,52.0,,,2.0,,,,,,,,,,,3.0,6.0,4.0,25.0,84.0,4.0,1.0,2.0,0.0,3.0,7.0,8.3,,,,,,,,,,,,,,,,,,
S002084,M00192,P0177,T012,82.0,,,0.0,,,,,,,,,,,1.0,1.0,1.0,50.0,62.0,7.0,5.0,1.0,0.0,5.0,0.0,8.7,,,,,,,,,,,,,,,,,,
S002085,M00192,P0190,T012,54.0,,,2.0,,,,,,,,,,,3.0,4.0,0.0,17.0,83.0,2.0,1.0,2.0,0.0,1.0,0.0,7.7,,,,,,,,,,,,,,,,,,
S002086,M00192,P0186,T012,83.0,,,1.0,,,,,,,,,,,3.0,1.0,1.0,11.0,70.0,3.0,2.0,1.0,0.0,0.0,3.0,5.1,,,,,,,,,,,,,,,,,,
S002087,M00192,P0183,T012,83.0,,,1.0,,,,,,,,,,,0.0,2.0,0.0,21.0,89.0,3.0,1.0,0.0,0.0,5.0,5.0,6.0,,,,,,,,,,,,,,,,,,
S002088,M00192,P0175,T012,80.0,,,0.0,,,,,,,,,,,2.0,0.0,2.0,18.0,72.0,1.0,5.0,2.0,0.0,0.0,0.0,8.4,,,,,,,,,,,,,,,,,,
S002089,M00192,P0193,T012,89.0,,,2.0,,,,,,,,,,,3.0,1.0,0.0,29.0,93.0,1.0,5.0,0.0,0.0,0.0,5.0,6.3,,,,,,,,,,,,,,,,,,
S002090,M00192,P0189,T012,63.0,,,0.0,,,,,,,,,,,3.0,4.0,2.0,38.0,91.0,7.0,1.0,2.0,0.0,5.0,0.0,5.7,,,,,,,,,,,,,,,,,,
S002091,M00192,P0168,T012,90.0,,,2.0,,,,,,,,,,,2.0,5.0,2.0,25.0,93.0,1.0,2.0,0.0,0.0,3.0,0.0,5.7,,,,,,,,,,,,,,,,,,
S002092,M00192,P0184,T012,88.0,,,2.0,,,,,,,,,,,1.0,6.0,1.0,37.0,77.0,2.0,4.0,1.0,0.0,0.0,0.0,7.3,,,,,,,,,,,,,,,,,,
S002093,M00192,P0192,T012,56.0,,,1.0,,,,,,,,,,,2.0,5.0,3.0,53.0,86.0,8.0,4.0,2.0,0.0,2.0,0.0,9.1,,,,,,,,,,,,,,,,,,
S002094,M00192,P0194,T012,82.0,,,0.0,,,,,,,,,,,0.0,0.0,4.0,17.0,87.0,5.0,2.0,1.0,0.0,3.0,0.0,6.7,,,,,,,,,,,,,,,,,,
S002095,M00193,P0188,T012,90.0,,,2.0,,,,,,,,,,,2.0,0.0,4.0,46.0,68.0,4.0,2.0,1.0,0.0,0.0,0.0,6.1,,,,,,,,,,,,,,,,,,
S002096,M00193,P0192,T012,66.0,,,1.0,,,,,,,,,,,0.0,6.0,3.0,48.0,83.0,5.0,2.0,2.0,0.0,1.0,0.0,6.7,,,,,,,,,,,,,,,,,,
S002097,M00193,P0177,T012,66.0,,,0.0,,,,,,,,,,,0.0,4.0,1.0,52.0,69.0,7.0,3.0,1.0,0.0,3.0,0.0,7.8,,,,,,,,,,,,,,,,,,
S002098,M00193,P0167,T012,76.0,,,1.0,,,,,,,,,,,2.0,4.0,1.0,33.0,78.0,1.0,1.0,0.0,0.0,1.0,0.0,8.8,,,,,,,,,,,,,,,,,,
S002099,M00193,P0189,T012,82.0,,,1.0,,,,,,,,,,,1.0,4.0,3.0,49.0,62.0,0.0,3.0,0.0,0.0,2.0,0.0,9.0,,,,,,,,,,,,,,,,,,
S002100,M00193,P0176,T012,83.0,,,2.0,,,,,,,,,,,2.0,6.0,2.0,46.0,86.0,7.0,2.0,2.0,0.0,0.0,6.0,6.9,,,,,,,,,,,,,,,,,,
S002101,M00193,P0183,T012,57.0,,,1.0,,,,,,,,,,,2.0,5.0,3.0,17.0,69.0,5.0,2.0,2.0,0.0,0.0,2.0,8.5,,,,,,,,,,,,,,,,,,
S002102,M00193,P0184,T012,72.0,,,1.0,,,,,,,,,,,3.0,4.0,0.0,34.0,79.0,1.0,1.0,0.0,0.0,5.0,0.0,7.2,,,,,,,,,,,,,,,,,,
S002103,M00193,P0190,T012,68.0,,,0.0,,,,,,,,,,,1.0,2.0,2.0,17.0,72.0,4.0,0.0,1.0,0.0,5.0,0.0,8.7,,,,,,,,,,,,,,,,,,
S002104,M00193,P0185,T012,48.0,,,1.0,,,,,,,,,,,2.0,2.0,2.0,45.0,75.0,4.0,2.0,1.0,0.0,2.0,0.0,9.0,,,,,,,,,,,,,,,,,,
S002105,M00193,P0170,T012,68.0,,,0.0,,,,,,,,,,,3.0,0.0,3.0,45.0,73.0,3.0,2.0,2.0,0.0,3.0,6.0,7.3,,,,,,,,,,,,,,,,,,
S002106,M00193,P0293,T016,57.0,,,1.0,,,,,,,,,,,0.0,0.0,2.0,31.0,90.0,8.0,2.0,0.0,0.0,5.0,0.0,7.6,,,,,,,,,,,,,,,,,,
S002107,M00193,P0287,T016,82.0,,,0.0,,,,,,,,,,,1.0,3.0,4.0,34.0,62.0,3.0,0.0,2.0,0.0,0.0,0.0,7.4,,,,,,,,,,,,,,,,,,
S002108,M00193,P0276,T016,78.0,,,2.0,,,,,,,,,,,2.0,5.0,0.0,15.0,62.0,5.0,2.0,2.0,0.0,0.0,0.0,5.4,,,,,,,,,,,,,,,,,,
S002109,M00193,P0285,T016,68.0,,,0.0,,,,,,,,,,,1.0,0.0,1.0,35.0,78.0,0.0,0.0,2.0,0.0,5.0,3.0,8.2,,,,,,,,,,,,,,,,,,
S002110,M00193,P0278,T016,81.0,,,0.0,,,,,,,,,,,3.0,3.0,4.0,12.0,71.0,0.0,5.0,2.0,0.0,4.0,0.0,7.5,,,,,,,,,,,,,,,,,,
S002111,M00193,P0295,T016,73.0,,,2.0,,,,,,,,,,,1.0,0.0,4.0,44.0,73.0,8.0,2.0,1.0,0.0,3.0,0.0,7.3,,,,,,,,,,,,,,,,,,
S002112,M00193,P0284,T016,71.0,,,1.0,,,,,,,,,,,3.0,3.0,1.0,57.0,77.0,2.0,5.0,0.0,0.0,2.0,0.0,7.3,,,,,,,,,,,,,,,,,,
S002113,M00193,P0282,T016,50.0,,,1.0,,,,,,,,,,,1.0,1.0,3.0,37.0,78.0,7.0,2.0,0.0,0.0,3.0,4.0,6.2,,,,,,,,,,,,,,,,,,
S002114,M00193,P0294,T016,46.0,,,1.0,,,,,,,,,,,2.0,5.0,4.0,22.0,70.0,7.0,4.0,1.0,0.0,3.0,0.0,7.7,,,,,,,,,,,,,,,,,,
S002115,M00193,P0290,T016,86.0,,,2.0,,,,,,,,,,,2.0,0.0,4.0,40.0,88.0,4.0,2.0,2.0,0.0,2.0,0.0,6.7,,,,,,,,,,,,,,,,,,
S002116,M00193,P0280,T016,73.0,,,1.0,,,,,,,,,,,0.0,2.0,3.0,49.0,73.0,5.0,1.0,0.0,0.0,2.0,0.0,8.6,,,,,,,,,,,,,,,,,,
S002117,M00194,P0288,T016,80.0,,,1.0,,,,,,,,,,,3.0,6.0,4.0,34.0,84.0,6.0,5.0,2.0,0.0,0.0,8.0,5.8,,,,,,,,,,,,,,,,,,
S002118,M00194,P0285,T016,53.0,,,0.0,,,,,,,,,,,1.0,5.0,1.0,27.0,84.0,8.0,3.0,0.0,0.0,0.0,3.0,7.1,,,,,,,,,,,,,,,,,,
S002119,M00194,P0280,T016,59.0,,,2.0,,,,,,,,,,,3.0,4.0,2.0,13.0,84.0,1.0,1.0,2.0,0.0,2.0,0.0,8.2,,,,,,,,,,,,,,,,,,
S002120,M00194,P0282,T016,78.0,,,1.0,,,,,,,,,,,2.0,4.0,1.0,13.0,76.0,5.0,2.0,2.0,0.0,2.0,7.0,8.0,,,,,,,,,,,,,,,,,,
S002121,M00194,P0284,T016,86.0,,,1.0,,,,,,,,,,,2.0,4.0,3.0,45.0,60.0,0.0,2.0,1.0,0.0,5.0,0.0,5.6,,,,,,,,,,,,,,,,,,
S002122,M00194,P0276,T016,70.0,,,2.0,,,,,,,,,,,3.0,3.0,2.0,50.0,76.0,4.0,1.0,1.0,0.0,1.0,0.0,7.1,,,,,,,,,,,,,,,,,,
S002123,M00194,P0278,T016,68.0,,,0.0,,,,,,,,,,,3.0,2.0,3.0,32.0,72.0,4.0,2.0,0.0,0.0,2.0,0.0,5.7,,,,,,,,,,,,,,,,,,
S002124,M00194,P0286,T016,88.0,,,1.0,,,,,,,,,,,3.0,2.0,3.0,55.0,66.0,5.0,1.0,0.0,0.0,0.0,0.0,7.8,,,,,,,,,,,,,,,,,,
S002125,M00194,P0292,T016,50.0,,,2.0,,,,,,,,,,,2.0,5.0,0.0,31.0,86.0,5.0,5.0,0.0,0.0,2.0,8.0,6.4,,,,,,,,,,,,,,,,,,
S002126,M00194,P0294,T016,79.0,,,2.0,,,,,,,,,,,0.0,2.0,1.0,21.0,71.0,8.0,3.0,1.0,0.0,1.0,0.0,5.8,,,,,,,,,,,,,,,,,,
S002127,M00194,P0290,T016,76.0,,,1.0,,,,,,,,,,,0.0,1.0,1.0,23.0,95.0,1.0,0.0,1.0,0.0,5.0,0.0,8.6,,,,,,,,,,,,,,,,,,
S002128,M00194,P0144,T010,62.0,,,1.0,,,,,,,,,,,2.0,6.0,2.0,47.0,86.0,5.0,4.0,2.0,0.0,1.0,0.0,7.1,,,,,,,,,,,,,,,,,,
S002129,M00194,P0127,T010,90.0,,,1.0,,,,,,,,,,,1.0,4.0,4.0,37.0,66.0,1.0,2.0,0.0,0.0,4.0,0.0,8.7,,,,,,,,,,,,,,,,,,
S002130,M00194,P0140,T010,47.0,,,0.0,,,,,,,,,,,2.0,5.0,3.0,40.0,83.0,1.0,1.0,0.0,0.0,0.0,0.0,7.7,,,,,,,,,,,,,,,,,,
S002131,M00194,P0126,T010,54.0,,,0.0,,,,,,,,,,,1.0,3.0,4.0,47.0,89.0,4.0,2.0,0.0,0.0,0.0,0.0,6.3,,,,,,,,,,,,,,,,,,
S002132,M00194,P0141,T010,73.0,,,0.0,,,,,,,,,,,1.0,0.0,2.0,25.0,65.0,2.0,3.0,1.0,0.0,0.0,2.0,6.9,,,,,,,,,,,,,,,,,,
S002133,M00194,P0130,T010,71.0,,,1.0,,,,,,,,,,,2.0,6.0,0.0,21.0,74.0,3.0,3.0,0.0,0.0,2.0,0.0,6.5,,,,,,,,,,,,,,,,,,
S002134,M00194,P0143,T010,46.0,,,0.0,,,,,,,,,,,3.0,2.0,3.0,30.0,81.0,5.0,1.0,1.0,0.0,1.0,0.0,8.0,,,,,,,,,,,,,,,,,,
S002135,M00194,P0138,T010,70.0,,,2.0,,,,,,,,,,,3.0,0.0,1.0,39.0,80.0,1.0,0.0,0.0,0.0,2.0,0.0,9.1,,,,,,,,,,,,,,,,,,
S002136,M00194,P0134,T010,88.0,,,2.0,,,,,,,,,,,3.0,3.0,0.0,37.0,60.0,5.0,3.0,0.0,0.0,1.0,0.0,5.4,,,,,,,,,,,,,,,,,,
S002137,M00194,P0142,T010,78.0,,,1.0,,,,,,,,,,,0.0,3.0,4.0,22.0,71.0,3.0,2.0,0.0,0.0,1.0,0.0,8.4,,,,,,,,,,,,,,,,,,
S002138,M00194,P0133,T010,59.0,,,2.0,,,,,,,,,,,0.0,6.0,2.0,27.0,93.0,4.0,5.0,2.0,0.0,0.0,0.0,8.9,,,,,,,,,,,,,,,,,,
S002139,M00195,P0233,T014,47.0,,,1.0,,,,,,,,,,,1.0,1.0,3.0,53.0,76.0,6.0,5.0,2.0,0.0,5.0,0.0,9.2,,,,,,,,,,,,,,,,,,
S002140,M00195,P0230,T014,66.0,,,2.0,,,,,,,,,,,0.0,0.0,1.0,56.0,62.0,4.0,0.0,2.0,0.0,2.0,0.0,8.2,,,,,,,,,,,,,,,,,,
S002141,M00195,P0235,T014,79.0,,,1.0,,,,,,,,,,,0.0,0.0,0.0,48.0,74.0,3.0,2.0,1.0,0.0,5.0,0.0,6.1,,,,,,,,,,,,,,,,,,
S002142,M00195,P0221,T014,71.0,,,0.0,,,,,,,,,,,1.0,0.0,2.0,40.0,83.0,4.0,1.0,1.0,0.0,0.0,0.0,5.0,,,,,,,,,,,,,,,,,,
S002143,M00195,P0234,T014,79.0,,,0.0,,,,,,,,,,,2.0,3.0,2.0,24.0,88.0,7.0,0.0,2.0,0.0,0.0,0.0,8.5,,,,,,,,,,,,,,,,,,
S002144,M00195,P0238,T014,45.0,,,1.0,,,,,,,,,,,2.0,0.0,0.0,21.0,81.0,2.0,4.0,2.0,0.0,1.0,3.0,9.1,,,,,,,,,,,,,,,,,,
S002145,M00195,P0229,T014,85.0,,,0.0,,,,,,,,,,,3.0,3.0,4.0,33.0,84.0,8.0,0.0,1.0,0.0,3.0,0.0,6.7,,,,,,,,,,,,,,,,,,
S002146,M00195,P0226,T014,67.0,,,1.0,,,,,,,,,,,0.0,5.0,1.0,54.0,75.0,0.0,5.0,0.0,1.0,5.0,0.0,6.6,,,,,,,,,,,,,,,,,,
S002147,M00195,P0224,T014,68.0,,,1.0,,,,,,,,,,,0.0,4.0,4.0,22.0,75.0,1.0,3.0,2.0,0.0,3.0,0.0,6.3,,,,,,,,,,,,,,,,,,
S002148,M00195,P0223,T014,76.0,,,2.0,,,,,,,,,,,0.0,4.0,2.0,56.0,79.0,0.0,3.0,1.0,0.0,5.0,0.0,6.3,,,,,,,,,,,,,,,,,,
S002149,M00195,P0227,T014,67.0,,,2.0,,,,,,,,,,,1.0,2.0,4.0,22.0,83.0,7.0,0.0,2.0,0.0,3.0,0.0,8.9,,,,,,,,,,,,,,,,,,
S002150,M00195,P0195,T013,86.0,,,1.0,,,,,,,,,,,1.0,0.0,4.0,52.0,70.0,6.0,0.0,0.0,0.0,5.0,0.0,8.0,,,,,,,,,,,,,,,,,,
S002151,M00195,P0213,T013,49.0,,,2.0,,,,,,,,,,,0.0,3.0,4.0,11.0,67.0,0.0,4.0,0.0,0.0,0.0,0.0,7.6,,,,,,,,,,,,,,,,,,
S002152,M00195,P0203,T013,49.0,,,2.0,,,,,,,,,,,2.0,0.0,4.0,14.0,89.0,0.0,0.0,0.0,1.0,3.0,6.0,8.0,,,,,,,,,,,,,,,,,,
S002153,M00195,P0207,T013,78.0,,,1.0,,,,,,,,,,,0.0,6.0,4.0,39.0,89.0,7.0,3.0,0.0,0.0,5.0,0.0,7.6,,,,,,,,,,,,,,,,,,
S002154,M00195,P0200,T013,53.0,,,2.0,,,,,,,,,,,3.0,1.0,0.0,16.0,81.0,6.0,5.0,2.0,0.0,4.0,0.0,9.1,,,,,,,,,,,,,,,,,,
S002155,M00195,P0219,T013,64.0,,,0.0,,,,,,,,,,,3.0,3.0,3.0,22.0,80.0,5.0,3.0,2.0,0.0,5.0,0.0,5.5,,,,,,,,,,,,,,,,,,
S002156,M00195,P0210,T013,82.0,,,0.0,,,,,,,,,,,1.0,0.0,2.0,17.0,73.0,5.0,3.0,0.0,0.0,5.0,0.0,8.8,,,,,,,,,,,,,,,,,,
S002157,M00195,P0212,T013,87.0,,,1.0,,,,,,,,,,,3.0,5.0,4.0,60.0,71.0,5.0,0.0,0.0,0.0,0.0,0.0,6.9,,,,,,,,,,,,,,,,,,
S002158,M00195,P0205,T013,62.0,,,2.0,,,,,,,,,,,3.0,3.0,1.0,33.0,94.0,1.0,4.0,0.0,0.0,3.0,0.0,8.3,,,,,,,,,,,,,,,,,,
S002159,M00195,P0208,T013,61.0,,,1.0,,,,,,,,,,,3.0,3.0,3.0,48.0,75.0,5.0,4.0,2.0,0.0,2.0,8.0,6.4,,,,,,,,,,,,,,,,,,
S002160,M00195,P0197,T013,79.0,,,1.0,,,,,,,,,,,1.0,3.0,4.0,47.0,90.0,1.0,1.0,1.0,0.0,0.0,0.0,8.8,,,,,,,,,,,,,,,,,,
S002161,M00196,P0144,T010,76.0,,,2.0,,,,,,,,,,,0.0,0.0,4.0,36.0,72.0,3.0,2.0,0.0,0.0,1.0,0.0,7.8,,,,,,,,,,,,,,,,,,
S002162,M00196,P0131,T010,60.0,,,2.0,,,,,,,,,,,3.0,1.0,0.0,30.0,85.0,8.0,1.0,2.0,0.0,5.0,0.0,8.5,,,,,,,,,,,,,,,,,,
S002163,M00196,P0126,T010,68.0,,,0.0,,,,,,,,,,,1.0,2.0,2.0,21.0,87.0,2.0,0.0,0.0,0.0,2.0,0.0,8.5,,,,,,,,,,,,,,,,,,
S002164,M00196,P0137,T010,76.0,,,1.0,,,,,,,,,,,2.0,4.0,0.0,17.0,71.0,8.0,1.0,1.0,0.0,5.0,3.0,6.3,,,,,,,,,,,,,,,,,,
S002165,M00196,P0133,T010,68.0,,,1.0,,,,,,,,,,,0.0,1.0,4.0,20.0,68.0,2.0,4.0,0.0,0.0,5.0,0.0,7.1,,,,,,,,,,,,,,,,,,
S002166,M00196,P0143,T010,72.0,,,0.0,,,,,,,,,,,2.0,6.0,1.0,46.0,77.0,7.0,2.0,2.0,0.0,2.0,5.0,9.3,,,,,,,,,,,,,,,,,,
S002167,M00196,P0135,T010,89.0,,,2.0,,,,,,,,,,,3.0,3.0,4.0,15.0,89.0,4.0,1.0,0.0,0.0,5.0,0.0,6.4,,,,,,,,,,,,,,,,,,
S002168,M00196,P0134,T010,64.0,,,0.0,,,,,,,,,,,2.0,2.0,1.0,42.0,64.0,1.0,5.0,1.0,0.0,0.0,0.0,8.9,,,,,,,,,,,,,,,,,,
S002169,M00196,P0142,T010,54.0,,,0.0,,,,,,,,,,,3.0,0.0,4.0,27.0,92.0,0.0,5.0,0.0,0.0,5.0,0.0,8.8,,,,,,,,,,,,,,,,,,
S002170,M00196,P0127,T010,73.0,,,1.0,,,,,,,,,,,2.0,1.0,4.0,26.0,72.0,3.0,4.0,0.0,0.0,3.0,0.0,9.0,,,,,,,,,,,,,,,,,,
S002171,M00196,P0139,T010,74.0,,,2.0,,,,,,,,,,,0.0,4.0,2.0,30.0,61.0,6.0,4.0,1.0,0.0,4.0,0.0,7.9,,,,,,,,,,,,,,,,,,
S002172,M00196,P0284,T016,61.0,,,1.0,,,,,,,,,,,1.0,2.0,4.0,19.0,67.0,0.0,0.0,2.0,0.0,4.0,0.0,7.5,,,,,,,,,,,,,,,,,,
S002173,M00196,P0295,T016,85.0,,,2.0,,,,,,,,,,,3.0,4.0,0.0,23.0,69.0,3.0,2.0,1.0,0.0,2.0,0.0,5.9,,,,,,,,,,,,,,,,,,
S002174,M00196,P0279,T016,64.0,,,0.0,,,,,,,,,,,0.0,0.0,2.0,55.0,91.0,0.0,1.0,1.0,0.0,3.0,0.0,5.2,,,,,,,,,,,,,,,,,,
S002175,M00196,P0277,T016,50.0,,,1.0,,,,,,,,,,,3.0,6.0,1.0,34.0,71.0,4.0,2.0,1.0,0.0,1.0,0.0,5.0,,,,,,,,,,,,,,,,,,
S002176,M00196,P0278,T016,56.0,,,0.0,,,,,,,,,,,0.0,2.0,2.0,60.0,84.0,2.0,1.0,2.0,0.0,2.0,0.0,5.0,,,,,,,,,,,,,,,,,,
S002177,M00196,P0276,T016,50.0,,,0.0,,,,,,,,,,,3.0,5.0,2.0,24.0,77.0,6.0,3.0,0.0,0.0,4.0,0.0,9.2,,,,,,,,,,,,,,,,,,
S002178,M00196,P0280,T016,61.0,,,2.0,,,,,,,,,,,3.0,0.0,0.0,36.0,63.0,3.0,4.0,2.0,0.0,0.0,0.0,5.2,,,,,,,,,,,,,,,,,,
S002179,M00196,P0291,T016,81.0,,,0.0,,,,,,,,,,,2.0,3.0,1.0,31.0,68.0,1.0,2.0,2.0,0.0,0.0,0.0,8.3,,,,,,,,,,,,,,,,,,
S002180,M00196,P0283,T016,45.0,,,0.0,,,,,,,,,,,1.0,2.0,0.0,41.0,81.0,6.0,0.0,1.0,0.0,4.0,0.0,6.5,,,,,,,,,,,,,,,,,,
S002181,M00196,P0285,T016,61.0,,,2.0,,,,,,,,,,,0.0,5.0,2.0,27.0,67.0,3.0,1.0,2.0,0.0,3.0,5.0,8.3,,,,,,,,,,,,,,,,,,
S002182,M00196,P0287,T016,45.0,,,2.0,,,,,,,,,,,1.0,2.0,4.0,14.0,81.0,6.0,5.0,1.0,0.0,3.0,0.0,7.9,,,,,,,,,,,,,,,,,,
S002183,M00199,P0148,T011,82.0,,,0.0,,,,,,,,,,,1.0,0.0,4.0,17.0,66.0,4.0,1.0,2.0,0.0,4.0,0.0,6.2,,,,,,,,,,,,,,,,,,
S002184,M00199,P0156,T011,52.0,,,0.0,,,,,,,,,,,2.0,2.0,0.0,58.0,65.0,3.0,4.0,1.0,0.0,3.0,0.0,9.1,,,,,,,,,,,,,,,,,,
S002185,M00199,P0160,T011,82.0,,,2.0,,,,,,,,,,,1.0,0.0,2.0,20.0,86.0,5.0,1.0,0.0,0.0,1.0,0.0,8.7,,,,,,,,,,,,,,,,,,
S002186,M00199,P0162,T011,46.0,,,1.0,,,,,,,,,,,0.0,2.0,0.0,19.0,63.0,8.0,5.0,1.0,0.0,3.0,0.0,7.8,,,,,,,,,,,,,,,,,,
S002187,M00199,P0150,T011,77.0,,,1.0,,,,,,,,,,,3.0,2.0,4.0,29.0,94.0,1.0,5.0,2.0,0.0,1.0,0.0,9.2,,,,,,,,,,,,,,,,,,
S002188,M00199,P0146,T011,83.0,,,0.0,,,,,,,,,,,0.0,5.0,3.0,39.0,80.0,1.0,3.0,1.0,0.0,5.0,1.0,9.5,,,,,,,,,,,,,,,,,,
S002189,M00199,P0155,T011,65.0,,,0.0,,,,,,,,,,,1.0,5.0,0.0,45.0,61.0,1.0,0.0,0.0,0.0,2.0,0.0,9.0,,,,,,,,,,,,,,,,,,
S002190,M00199,P0147,T011,58.0,,,1.0,,,,,,,,,,,0.0,3.0,4.0,59.0,70.0,3.0,2.0,0.0,0.0,5.0,0.0,8.3,,,,,,,,,,,,,,,,,,
S002191,M00199,P0165,T011,54.0,,,1.0,,,,,,,,,,,2.0,1.0,3.0,40.0,65.0,3.0,1.0,0.0,1.0,2.0,0.0,6.1,,,,,,,,,,,,,,,,,,
S002192,M00199,P0157,T011,61.0,,,0.0,,,,,,,,,,,1.0,4.0,3.0,38.0,62.0,7.0,3.0,1.0,0.0,1.0,0.0,7.8,,,,,,,,,,,,,,,,,,
S002193,M00199,P0149,T011,57.0,,,2.0,,,,,,,,,,,3.0,5.0,3.0,55.0,85.0,7.0,2.0,0.0,0.0,5.0,0.0,8.9,,,,,,,,,,,,,,,,,,
S002194,M00199,P0194,T012,89.0,,,0.0,,,,,,,,,,,0.0,1.0,1.0,54.0,62.0,5.0,0.0,0.0,0.0,4.0,0.0,8.2,,,,,,,,,,,,,,,,,,
S002195,M00199,P0182,T012,76.0,,,1.0,,,,,,,,,,,1.0,6.0,3.0,18.0,82.0,4.0,1.0,1.0,0.0,0.0,0.0,7.0,,,,,,,,,,,,,,,,,,
S002196,M00199,P0193,T012,87.0,,,2.0,,,,,,,,,,,1.0,1.0,3.0,37.0,74.0,8.0,2.0,2.0,0.0,4.0,1.0,8.6,,,,,,,,,,,,,,,,,,
S002197,M00199,P0171,T012,55.0,,,1.0,,,,,,,,,,,1.0,5.0,1.0,52.0,70.0,7.0,4.0,2.0,0.0,0.0,0.0,7.2,,,,,,,,,,,,,,,,,,
S002198,M00199,P0169,T012,47.0,,,0.0,,,,,,,,,,,2.0,5.0,1.0,32.0,89.0,3.0,0.0,2.0,0.0,2.0,0.0,7.6,,,,,,,,,,,,,,,,,,
S002199,M00199,P0168,T012,49.0,,,2.0,,,,,,,,,,,0.0,3.0,4.0,47.0,71.0,1.0,5.0,0.0,0.0,2.0,0.0,8.2,,,,,,,,,,,,,,,,,,
S002200,M00199,P0181,T012,48.0,,,0.0,,,,,,,,,,,2.0,6.0,3.0,51.0,60.0,7.0,3.0,1.0,0.0,4.0,0.0,7.5,,,,,,,,,,,,,,,,,,
S002201,M00199,P0187,T012,64.0,,,2.0,,,,,,,,,,,2.0,4.0,4.0,49.0,85.0,3.0,2.0,1.0,0.0,3.0,0.0,8.2,,,,,,,,,,,,,,,,,,
S002202,M00199,P0177,T012,71.0,,,0.0,,,,,,,,,,,1.0,1.0,4.0,10.0,80.0,5.0,0.0,2.0,0.0,2.0,0.0,7.5,,,,,,,,,,,,,,,,,,
S002203,M00199,P0172,T012,67.0,,,2.0,,,,,,,,,,,2.0,1.0,1.0,33.0,81.0,5.0,0.0,0.0,0.0,1.0,0.0,8.2,,,,,,,,,,,,,,,,,,
S002204,M00199,P0176,T012,65.0,,,1.0,,,,,,,,,,,0.0,2.0,0.0,47.0,86.0,3.0,5.0,2.0,0.0,5.0,1.0,5.1,,,,,,,,,,,,,,,,,,
S002205,M00200,P0117,T009,67.0,,,1.0,,,,,,,,,,,0.0,5.0,0.0,26.0,64.0,7.0,1.0,1.0,0.0,1.0,2.0,6.1,,,,,,,,,,,,,,,,,,
S002206,M00200,P0119,T009,53.0,,,2.0,,,,,,,,,,,3.0,3.0,4.0,60.0,89.0,0.0,5.0,0.0,0.0,5.0,0.0,5.8,,,,,,,,,,,,,,,,,,
S002207,M00200,P0113,T009,85.0,,,0.0,,,,,,,,,,,0.0,4.0,0.0,38.0,64.0,8.0,4.0,2.0,0.0,1.0,0.0,6.6,,,,,,,,,,,,,,,,,,
S002208,M00200,P0114,T009,64.0,,,2.0,,,,,,,,,,,3.0,5.0,2.0,18.0,67.0,1.0,1.0,1.0,0.0,4.0,6.0,6.1,,,,,,,,,,,,,,,,,,
S002209,M00200,P0107,T009,76.0,,,0.0,,,,,,,,,,,1.0,0.0,2.0,48.0,73.0,3.0,0.0,0.0,1.0,4.0,0.0,6.8,,,,,,,,,,,,,,,,,,
S002210,M00200,P0111,T009,60.0,,,1.0,,,,,,,,,,,0.0,5.0,2.0,60.0,76.0,0.0,0.0,0.0,0.0,4.0,0.0,5.4,,,,,,,,,,,,,,,,,,
S002211,M00200,P0124,T009,46.0,,,2.0,,,,,,,,,,,1.0,3.0,2.0,45.0,83.0,1.0,5.0,0.0,0.0,1.0,0.0,5.3,,,,,,,,,,,,,,,,,,
S002212,M00200,P0116,T009,54.0,,,0.0,,,,,,,,,,,2.0,5.0,2.0,11.0,94.0,1.0,3.0,0.0,0.0,2.0,0.0,9.4,,,,,,,,,,,,,,,,,,
S002213,M00200,P0110,T009,49.0,,,2.0,,,,,,,,,,,3.0,4.0,3.0,44.0,88.0,3.0,1.0,0.0,0.0,4.0,0.0,7.6,,,,,,,,,,,,,,,,,,
S002214,M00200,P0120,T009,45.0,,,2.0,,,,,,,,,,,1.0,1.0,0.0,27.0,72.0,4.0,5.0,1.0,0.0,5.0,0.0,5.9,,,,,,,,,,,,,,,,,,
S002215,M00200,P0118,T009,64.0,,,0.0,,,,,,,,,,,1.0,0.0,3.0,33.0,64.0,0.0,0.0,1.0,0.0,0.0,0.0,5.3,,,,,,,,,,,,,,,,,,
S002216,M00200,P0165,T011,81.0,,,0.0,,,,,,,,,,,2.0,0.0,3.0,58.0,69.0,2.0,5.0,0.0,0.0,2.0,0.0,6.9,,,,,,,,,,,,,,,,,,
S002217,M00200,P0154,T011,89.0,,,0.0,,,,,,,,,,,3.0,5.0,0.0,41.0,84.0,1.0,5.0,2.0,0.0,4.0,0.0,9.0,,,,,,,,,,,,,,,,,,
S002218,M00200,P0148,T011,80.0,,,2.0,,,,,,,,,,,3.0,4.0,3.0,41.0,87.0,7.0,5.0,1.0,0.0,0.0,0.0,6.0,,,,,,,,,,,,,,,,,,
S002219,M00200,P0151,T011,75.0,,,2.0,,,,,,,,,,,3.0,0.0,1.0,60.0,73.0,8.0,0.0,2.0,0.0,1.0,7.0,7.9,,,,,,,,,,,,,,,,,,
S002220,M00200,P0164,T011,55.0,,,1.0,,,,,,,,,,,0.0,4.0,3.0,24.0,62.0,4.0,2.0,0.0,0.0,2.0,0.0,6.5,,,,,,,,,,,,,,,,,,
S002221,M00200,P0152,T011,77.0,,,2.0,,,,,,,,,,,3.0,6.0,0.0,51.0,89.0,3.0,2.0,0.0,0.0,5.0,0.0,7.2,,,,,,,,,,,,,,,,,,
S002222,M00200,P0155,T011,82.0,,,1.0,,,,,,,,,,,3.0,5.0,0.0,25.0,66.0,5.0,3.0,1.0,0.0,4.0,0.0,5.9,,,,,,,,,,,,,,,,,,
S002223,M00200,P0150,T011,81.0,,,2.0,,,,,,,,,,,0.0,5.0,2.0,25.0,85.0,2.0,0.0,1.0,0.0,2.0,0.0,7.7,,,,,,,,,,,,,,,,,,
S002224,M00200,P0159,T011,60.0,,,1.0,,,,,,,,,,,1.0,0.0,4.0,30.0,76.0,0.0,3.0,0.0,0.0,3.0,0.0,9.0,,,,,,,,,,,,,,,,,,
S002225,M00200,P0156,T011,45.0,,,0.0,,,,,,,,,,,1.0,5.0,3.0,50.0,64.0,5.0,1.0,1.0,0.0,2.0,0.0,5.8,,,,,,,,,,,,,,,,,,
S002226,M00200,P0161,T011,88.0,,,1.0,,,,,,,,,,,2.0,5.0,2.0,56.0,81.0,3.0,5.0,1.0,0.0,0.0,7.0,8.4,,,,,,,,,,,,,,,,,,
S002227,M00201,P0161,T011,51.0,,,2.0,,,,,,,,,,,0.0,0.0,3.0,59.0,68.0,0.0,2.0,0.0,0.0,4.0,4.0,7.2,,,,,,,,,,,,,,,,,,
S002228,M00201,P0163,T011,49.0,,,0.0,,,,,,,,,,,0.0,2.0,3.0,16.0,88.0,5.0,5.0,1.0,0.0,0.0,0.0,9.0,,,,,,,,,,,,,,,,,,
S002229,M00201,P0158,T011,62.0,,,0.0,,,,,,,,,,,0.0,5.0,2.0,45.0,87.0,6.0,3.0,0.0,0.0,2.0,0.0,9.3,,,,,,,,,,,,,,,,,,
S002230,M00201,P0159,T011,54.0,,,0.0,,,,,,,,,,,3.0,6.0,2.0,29.0,91.0,0.0,5.0,1.0,0.0,3.0,0.0,7.1,,,,,,,,,,,,,,,,,,
S002231,M00201,P0165,T011,52.0,,,0.0,,,,,,,,,,,0.0,4.0,3.0,39.0,60.0,3.0,1.0,0.0,0.0,0.0,0.0,8.1,,,,,,,,,,,,,,,,,,
S002232,M00201,P0166,T011,87.0,,,0.0,,,,,,,,,,,2.0,6.0,0.0,39.0,75.0,2.0,2.0,1.0,0.0,4.0,0.0,7.5,,,,,,,,,,,,,,,,,,
S002233,M00201,P0150,T011,84.0,,,2.0,,,,,,,,,,,3.0,2.0,4.0,53.0,63.0,3.0,5.0,0.0,0.0,1.0,0.0,7.3,,,,,,,,,,,,,,,,,,
S002234,M00201,P0155,T011,51.0,,,1.0,,,,,,,,,,,3.0,4.0,4.0,57.0,92.0,2.0,2.0,1.0,0.0,1.0,0.0,6.3,,,,,,,,,,,,,,,,,,
S002235,M00201,P0156,T011,46.0,,,2.0,,,,,,,,,,,2.0,0.0,0.0,53.0,72.0,0.0,0.0,2.0,0.0,2.0,0.0,6.1,,,,,,,,,,,,,,,,,,
S002236,M00201,P0164,T011,60.0,,,1.0,,,,,,,,,,,0.0,2.0,3.0,33.0,66.0,8.0,0.0,0.0,0.0,4.0,0.0,5.4,,,,,,,,,,,,,,,,,,
S002237,M00201,P0147,T011,75.0,,,0.0,,,,,,,,,,,0.0,1.0,2.0,25.0,89.0,4.0,1.0,2.0,0.0,2.0,6.0,8.6,,,,,,,,,,,,,,,,,,
S002238,M00201,P0261,T015,50.0,,,0.0,,,,,,,,,,,1.0,0.0,0.0,31.0,76.0,1.0,5.0,0.0,0.0,0.0,0.0,7.9,,,,,,,,,,,,,,,,,,
S002239,M00201,P0255,T015,46.0,,,0.0,,,,,,,,,,,3.0,3.0,0.0,25.0,85.0,3.0,0.0,0.0,0.0,1.0,0.0,5.8,,,,,,,,,,,,,,,,,,
S002240,M00201,P0246,T015,88.0,,,1.0,,,,,,,,,,,2.0,1.0,3.0,60.0,88.0,3.0,5.0,1.0,0.0,4.0,0.0,6.2,,,,,,,,,,,,,,,,,,
S002241,M00201,P0272,T015,53.0,,,1.0,,,,,,,,,,,2.0,0.0,0.0,36.0,66.0,5.0,5.0,2.0,0.0,4.0,0.0,6.4,,,,,,,,,,,,,,,,,,
S002242,M00201,P0271,T015,54.0,,,2.0,,,,,,,,,,,3.0,0.0,4.0,27.0,81.0,5.0,1.0,1.0,0.0,2.0,0.0,7.4,,,,,,,,,,,,,,,,,,
S002243,M00201,P0268,T015,54.0,,,2.0,,,,,,,,,,,3.0,1.0,4.0,33.0,63.0,8.0,0.0,1.0,0.0,4.0,0.0,8.7,,,,,,,,,,,,,,,,,,
S002244,M00201,P0256,T015,87.0,,,0.0,,,,,,,,,,,2.0,1.0,1.0,18.0,72.0,5.0,4.0,1.0,0.0,2.0,0.0,7.3,,,,,,,,,,,,,,,,,,
S002245,M00201,P0252,T015,89.0,,,2.0,,,,,,,,,,,1.0,5.0,2.0,51.0,70.0,8.0,4.0,0.0,0.0,3.0,0.0,6.4,,,,,,,,,,,,,,,,,,
S002246,M00201,P0258,T015,76.0,,,2.0,,,,,,,,,,,0.0,5.0,3.0,23.0,83.0,4.0,2.0,0.0,0.0,2.0,7.0,7.2,,,,,,,,,,,,,,,,,,
S002247,M00201,P0250,T015,75.0,,,1.0,,,,,,,,,,,2.0,6.0,2.0,46.0,84.0,4.0,4.0,0.0,0.0,3.0,0.0,6.3,,,,,,,,,,,,,,,,,,
S002248,M00201,P0269,T015,48.0,,,1.0,,,,,,,,,,,0.0,0.0,3.0,46.0,94.0,8.0,1.0,1.0,0.0,3.0,0.0,5.6,,,,,,,,,,,,,,,,,,
S002249,M00203,P0190,T012,67.0,,,2.0,,,,,,,,,,,2.0,6.0,3.0,11.0,66.0,2.0,0.0,0.0,0.0,2.0,0.0,5.1,,,,,,,,,,,,,,,,,,
S002250,M00203,P0188,T012,55.0,,,1.0,,,,,,,,,,,2.0,6.0,2.0,56.0,72.0,6.0,0.0,0.0,0.0,0.0,0.0,7.6,,,,,,,,,,,,,,,,,,
S002251,M00203,P0181,T012,84.0,,,0.0,,,,,,,,,,,1.0,6.0,2.0,39.0,61.0,7.0,4.0,0.0,0.0,1.0,0.0,6.6,,,,,,,,,,,,,,,,,,
S002252,M00203,P0178,T012,51.0,,,1.0,,,,,,,,,,,3.0,1.0,0.0,53.0,85.0,0.0,1.0,0.0,0.0,5.0,3.0,8.4,,,,,,,,,,,,,,,,,,
S002253,M00203,P0191,T012,89.0,,,0.0,,,,,,,,,,,2.0,5.0,4.0,42.0,93.0,4.0,2.0,0.0,0.0,4.0,0.0,6.6,,,,,,,,,,,,,,,,,,
S002254,M00203,P0173,T012,88.0,,,1.0,,,,,,,,,,,1.0,0.0,3.0,47.0,76.0,6.0,5.0,1.0,0.0,2.0,5.0,8.2,,,,,,,,,,,,,,,,,,
S002255,M00203,P0182,T012,67.0,,,2.0,,,,,,,,,,,3.0,4.0,0.0,21.0,88.0,3.0,5.0,0.0,0.0,2.0,0.0,8.1,,,,,,,,,,,,,,,,,,
S002256,M00203,P0192,T012,87.0,,,1.0,,,,,,,,,,,1.0,5.0,0.0,43.0,74.0,2.0,1.0,2.0,0.0,0.0,0.0,5.7,,,,,,,,,,,,,,,,,,
S002257,M00203,P0185,T012,83.0,,,1.0,,,,,,,,,,,1.0,6.0,1.0,40.0,84.0,1.0,3.0,1.0,0.0,2.0,0.0,8.2,,,,,,,,,,,,,,,,,,
S002258,M00203,P0174,T012,87.0,,,0.0,,,,,,,,,,,2.0,2.0,3.0,31.0,83.0,1.0,0.0,0.0,0.0,1.0,8.0,5.4,,,,,,,,,,,,,,,,,,
S002259,M00203,P0184,T012,52.0,,,1.0,,,,,,,,,,,0.0,0.0,1.0,55.0,68.0,8.0,5.0,2.0,0.0,3.0,0.0,8.5,,,,,,,,,,,,,,,,,,
S002260,M00203,P0154,T011,75.0,,,0.0,,,,,,,,,,,2.0,1.0,4.0,23.0,80.0,4.0,1.0,0.0,0.0,3.0,0.0,5.9,,,,,,,,,,,,,,,,,,
S002261,M00203,P0165,T011,53.0,,,2.0,,,,,,,,,,,3.0,1.0,4.0,36.0,71.0,1.0,2.0,0.0,0.0,1.0,0.0,6.7,,,,,,,,,,,,,,,,,,
S002262,M00203,P0155,T011,76.0,,,0.0,,,,,,,,,,,3.0,0.0,2.0,22.0,76.0,8.0,3.0,2.0,0.0,3.0,0.0,9.4,,,,,,,,,,,,,,,,,,
S002263,M00203,P0163,T011,66.0,,,1.0,,,,,,,,,,,1.0,0.0,2.0,32.0,90.0,3.0,0.0,0.0,0.0,0.0,0.0,7.5,,,,,,,,,,,,,,,,,,
S002264,M00203,P0156,T011,80.0,,,0.0,,,,,,,,,,,1.0,4.0,3.0,24.0,61.0,5.0,0.0,1.0,0.0,1.0,0.0,7.1,,,,,,,,,,,,,,,,,,
S002265,M00203,P0150,T011,59.0,,,0.0,,,,,,,,,,,0.0,4.0,3.0,22.0,77.0,1.0,5.0,1.0,0.0,0.0,0.0,9.0,,,,,,,,,,,,,,,,,,
S002266,M00203,P0149,T011,55.0,,,2.0,,,,,,,,,,,3.0,2.0,4.0,50.0,61.0,8.0,1.0,1.0,0.0,0.0,0.0,5.0,,,,,,,,,,,,,,,,,,
S002267,M00203,P0152,T011,48.0,,,0.0,,,,,,,,,,,3.0,1.0,0.0,45.0,90.0,1.0,1.0,0.0,0.0,2.0,5.0,5.8,,,,,,,,,,,,,,,,,,
S002268,M00203,P0157,T011,83.0,,,2.0,,,,,,,,,,,2.0,3.0,0.0,18.0,75.0,3.0,0.0,1.0,0.0,4.0,0.0,7.3,,,,,,,,,,,,,,,,,,
S002269,M00203,P0151,T011,74.0,,,0.0,,,,,,,,,,,2.0,3.0,2.0,38.0,61.0,3.0,1.0,0.0,0.0,4.0,8.0,7.4,,,,,,,,,,,,,,,,,,
S002270,M00203,P0159,T011,72.0,,,2.0,,,,,,,,,,,0.0,2.0,0.0,39.0,81.0,0.0,1.0,2.0,0.0,1.0,0.0,9.2,,,,,,,,,,,,,,,,,,
S002271,M00204,P0277,T016,66.0,,,0.0,,,,,,,,,,,2.0,4.0,2.0,46.0,66.0,4.0,2.0,0.0,0.0,3.0,0.0,5.8,,,,,,,,,,,,,,,,,,
S002272,M00204,P0290,T016,60.0,,,1.0,,,,,,,,,,,3.0,4.0,2.0,53.0,85.0,2.0,3.0,0.0,0.0,2.0,0.0,5.5,,,,,,,,,,,,,,,,,,
S002273,M00204,P0292,T016,52.0,,,2.0,,,,,,,,,,,2.0,1.0,0.0,29.0,74.0,8.0,2.0,2.0,0.0,0.0,4.0,9.1,,,,,,,,,,,,,,,,,,
S002274,M00204,P0289,T016,54.0,,,1.0,,,,,,,,,,,0.0,3.0,2.0,52.0,72.0,4.0,4.0,0.0,0.0,2.0,1.0,6.9,,,,,,,,,,,,,,,,,,
S002275,M00204,P0291,T016,90.0,,,1.0,,,,,,,,,,,3.0,2.0,0.0,38.0,95.0,8.0,5.0,2.0,0.0,4.0,0.0,8.3,,,,,,,,,,,,,,,,,,
S002276,M00204,P0286,T016,89.0,,,2.0,,,,,,,,,,,2.0,2.0,3.0,27.0,64.0,1.0,0.0,1.0,0.0,3.0,0.0,7.1,,,,,,,,,,,,,,,,,,
S002277,M00204,P0281,T016,54.0,,,1.0,,,,,,,,,,,3.0,0.0,4.0,38.0,75.0,7.0,4.0,2.0,0.0,1.0,7.0,7.1,,,,,,,,,,,,,,,,,,
S002278,M00204,P0284,T016,49.0,,,1.0,,,,,,,,,,,1.0,4.0,1.0,17.0,87.0,4.0,2.0,2.0,0.0,4.0,0.0,9.5,,,,,,,,,,,,,,,,,,
S002279,M00204,P0287,T016,61.0,,,1.0,,,,,,,,,,,1.0,4.0,0.0,27.0,88.0,0.0,2.0,0.0,0.0,4.0,0.0,5.9,,,,,,,,,,,,,,,,,,
S002280,M00204,P0283,T016,67.0,,,2.0,,,,,,,,,,,0.0,6.0,3.0,33.0,85.0,2.0,3.0,2.0,0.0,1.0,0.0,8.4,,,,,,,,,,,,,,,,,,
S002281,M00204,P0293,T016,59.0,,,1.0,,,,,,,,,,,1.0,1.0,2.0,59.0,91.0,1.0,1.0,1.0,0.0,3.0,0.0,9.5,,,,,,,,,,,,,,,,,,
S002282,M00204,P0222,T014,68.0,,,0.0,,,,,,,,,,,1.0,5.0,2.0,21.0,81.0,6.0,3.0,0.0,0.0,4.0,0.0,8.5,,,,,,,,,,,,,,,,,,
S002283,M00204,P0224,T014,45.0,,,1.0,,,,,,,,,,,2.0,6.0,4.0,23.0,86.0,0.0,5.0,0.0,0.0,2.0,0.0,5.3,,,,,,,,,,,,,,,,,,
S002284,M00204,P0227,T014,60.0,,,1.0,,,,,,,,,,,3.0,5.0,1.0,18.0,92.0,5.0,3.0,2.0,0.0,2.0,0.0,7.8,,,,,,,,,,,,,,,,,,
S002285,M00204,P0220,T014,88.0,,,2.0,,,,,,,,,,,3.0,6.0,3.0,11.0,91.0,0.0,3.0,0.0,0.0,2.0,0.0,9.2,,,,,,,,,,,,,,,,,,
S002286,M00204,P0242,T014,51.0,,,0.0,,,,,,,,,,,2.0,1.0,3.0,12.0,63.0,4.0,5.0,2.0,0.0,5.0,0.0,7.2,,,,,,,,,,,,,,,,,,
S002287,M00204,P0237,T014,64.0,,,0.0,,,,,,,,,,,2.0,3.0,4.0,38.0,65.0,6.0,1.0,2.0,0.0,3.0,6.0,5.8,,,,,,,,,,,,,,,,,,
S002288,M00204,P0230,T014,50.0,,,1.0,,,,,,,,,,,2.0,5.0,3.0,29.0,60.0,5.0,2.0,1.0,0.0,3.0,0.0,6.9,,,,,,,,,,,,,,,,,,
S002289,M00204,P0234,T014,78.0,,,1.0,,,,,,,,,,,1.0,6.0,4.0,56.0,91.0,4.0,0.0,1.0,0.0,4.0,0.0,6.6,,,,,,,,,,,,,,,,,,
S002290,M00204,P0236,T014,59.0,,,1.0,,,,,,,,,,,0.0,0.0,4.0,42.0,92.0,7.0,1.0,1.0,0.0,2.0,2.0,5.4,,,,,,,,,,,,,,,,,,
S002291,M00204,P0231,T014,55.0,,,0.0,,,,,,,,,,,1.0,5.0,1.0,46.0,93.0,2.0,0.0,1.0,0.0,0.0,0.0,5.1,,,,,,,,,,,,,,,,,,
S002292,M00204,P0223,T014,89.0,,,0.0,,,,,,,,,,,0.0,6.0,1.0,52.0,60.0,4.0,5.0,1.0,0.0,2.0,0.0,9.2,,,,,,,,,,,,,,,,,,
S002293,M00205,P0136,T010,86.0,,,1.0,,,,,,,,,,,3.0,0.0,2.0,30.0,86.0,8.0,4.0,0.0,0.0,0.0,0.0,6.8,,,,,,,,,,,,,,,,,,
S002294,M00205,P0138,T010,64.0,,,1.0,,,,,,,,,,,2.0,5.0,3.0,41.0,88.0,6.0,2.0,1.0,0.0,3.0,0.0,6.8,,,,,,,,,,,,,,,,,,
S002295,M00205,P0139,T010,61.0,,,1.0,,,,,,,,,,,3.0,0.0,4.0,32.0,68.0,0.0,4.0,2.0,0.0,2.0,0.0,8.8,,,,,,,,,,,,,,,,,,
S002296,M00205,P0140,T010,53.0,,,1.0,,,,,,,,,,,3.0,2.0,2.0,21.0,64.0,7.0,2.0,0.0,0.0,4.0,0.0,7.4,,,,,,,,,,,,,,,,,,
S002297,M00205,P0127,T010,76.0,,,2.0,,,,,,,,,,,1.0,4.0,4.0,41.0,69.0,7.0,2.0,1.0,0.0,1.0,0.0,5.7,,,,,,,,,,,,,,,,,,
S002298,M00205,P0130,T010,72.0,,,2.0,,,,,,,,,,,0.0,5.0,4.0,33.0,62.0,6.0,4.0,0.0,0.0,4.0,0.0,7.1,,,,,,,,,,,,,,,,,,
S002299,M00205,P0143,T010,88.0,,,2.0,,,,,,,,,,,1.0,4.0,3.0,60.0,77.0,0.0,0.0,1.0,0.0,1.0,4.0,6.9,,,,,,,,,,,,,,,,,,
S002300,M00205,P0135,T010,72.0,,,2.0,,,,,,,,,,,1.0,0.0,1.0,20.0,65.0,4.0,1.0,0.0,0.0,4.0,0.0,8.1,,,,,,,,,,,,,,,,,,
S002301,M00205,P0129,T010,81.0,,,0.0,,,,,,,,,,,1.0,6.0,0.0,15.0,66.0,1.0,4.0,1.0,0.0,3.0,0.0,6.6,,,,,,,,,,,,,,,,,,
S002302,M00205,P0126,T010,77.0,,,1.0,,,,,,,,,,,2.0,4.0,3.0,30.0,83.0,2.0,5.0,1.0,0.0,4.0,0.0,6.8,,,,,,,,,,,,,,,,,,
S002303,M00205,P0132,T010,66.0,,,1.0,,,,,,,,,,,0.0,1.0,3.0,48.0,89.0,4.0,2.0,1.0,0.0,4.0,0.0,6.0,,,,,,,,,,,,,,,,,,
S002304,M00205,P0197,T013,70.0,,,2.0,,,,,,,,,,,3.0,3.0,1.0,52.0,73.0,8.0,5.0,2.0,0.0,5.0,0.0,7.4,,,,,,,,,,,,,,,,,,
S002305,M00205,P0209,T013,87.0,,,0.0,,,,,,,,,,,2.0,3.0,4.0,19.0,80.0,6.0,0.0,2.0,0.0,4.0,1.0,8.5,,,,,,,,,,,,,,,,,,
S002306,M00205,P0213,T013,72.0,,,1.0,,,,,,,,,,,1.0,6.0,3.0,48.0,79.0,7.0,3.0,2.0,0.0,4.0,0.0,5.9,,,,,,,,,,,,,,,,,,
S002307,M00205,P0212,T013,88.0,,,0.0,,,,,,,,,,,2.0,3.0,4.0,33.0,67.0,7.0,4.0,1.0,0.0,3.0,0.0,7.5,,,,,,,,,,,,,,,,,,
S002308,M00205,P0201,T013,83.0,,,0.0,,,,,,,,,,,0.0,6.0,0.0,18.0,91.0,1.0,4.0,0.0,0.0,4.0,0.0,6.4,,,,,,,,,,,,,,,,,,
S002309,M00205,P0211,T013,88.0,,,0.0,,,,,,,,,,,1.0,1.0,4.0,52.0,89.0,2.0,0.0,0.0,0.0,2.0,0.0,7.9,,,,,,,,,,,,,,,,,,
S002310,M00205,P0218,T013,81.0,,,2.0,,,,,,,,,,,0.0,2.0,2.0,56.0,84.0,2.0,2.0,2.0,0.0,5.0,0.0,5.8,,,,,,,,,,,,,,,,,,
S002311,M00205,P0219,T013,47.0,,,1.0,,,,,,,,,,,0.0,2.0,3.0,36.0,73.0,3.0,4.0,0.0,1.0,2.0,0.0,5.2,,,,,,,,,,,,,,,,,,
S002312,M00205,P0202,T013,54.0,,,0.0,,,,,,,,,,,2.0,5.0,1.0,34.0,68.0,5.0,1.0,2.0,0.0,2.0,0.0,5.1,,,,,,,,,,,,,,,,,,
S002313,M00205,P0205,T013,48.0,,,1.0,,,,,,,,,,,3.0,2.0,4.0,58.0,93.0,4.0,0.0,2.0,0.0,1.0,0.0,5.3,,,,,,,,,,,,,,,,,,
S002314,M00205,P0200,T013,63.0,,,0.0,,,,,,,,,,,2.0,6.0,2.0,13.0,91.0,4.0,2.0,0.0,0.0,5.0,0.0,7.7,,,,,,,,,,,,,,,,,,
S002315,M00207,P0152,T011,57.0,,,0.0,,,,,,,,,,,0.0,4.0,0.0,39.0,90.0,1.0,5.0,2.0,0.0,5.0,5.0,8.2,,,,,,,,,,,,,,,,,,
S002316,M00207,P0150,T011,60.0,,,1.0,,,,,,,,,,,1.0,3.0,1.0,41.0,87.0,5.0,2.0,1.0,0.0,0.0,0.0,7.0,,,,,,,,,,,,,,,,,,
S002317,M00207,P0161,T011,73.0,,,1.0,,,,,,,,,,,2.0,1.0,2.0,30.0,79.0,8.0,0.0,1.0,0.0,0.0,2.0,9.1,,,,,,,,,,,,,,,,,,
S002318,M00207,P0146,T011,71.0,,,0.0,,,,,,,,,,,3.0,2.0,1.0,47.0,73.0,2.0,4.0,1.0,0.0,5.0,0.0,8.7,,,,,,,,,,,,,,,,,,
S002319,M00207,P0159,T011,49.0,,,0.0,,,,,,,,,,,2.0,5.0,0.0,23.0,76.0,3.0,5.0,0.0,0.0,3.0,0.0,5.7,,,,,,,,,,,,,,,,,,
S002320,M00207,P0145,T011,84.0,,,2.0,,,,,,,,,,,2.0,1.0,2.0,38.0,90.0,3.0,1.0,2.0,0.0,4.0,0.0,5.3,,,,,,,,,,,,,,,,,,
S002321,M00207,P0149,T011,53.0,,,0.0,,,,,,,,,,,0.0,3.0,0.0,54.0,67.0,2.0,3.0,1.0,0.0,4.0,0.0,8.1,,,,,,,,,,,,,,,,,,
S002322,M00207,P0160,T011,68.0,,,1.0,,,,,,,,,,,2.0,5.0,0.0,28.0,71.0,1.0,5.0,0.0,0.0,5.0,0.0,5.8,,,,,,,,,,,,,,,,,,
S002323,M00207,P0162,T011,56.0,,,2.0,,,,,,,,,,,0.0,3.0,2.0,48.0,65.0,0.0,0.0,2.0,0.0,2.0,0.0,5.9,,,,,,,,,,,,,,,,,,
S002324,M00207,P0164,T011,61.0,,,1.0,,,,,,,,,,,1.0,2.0,2.0,26.0,73.0,2.0,5.0,2.0,0.0,3.0,0.0,7.6,,,,,,,,,,,,,,,,,,
S002325,M00207,P0158,T011,61.0,,,0.0,,,,,,,,,,,1.0,5.0,0.0,50.0,63.0,7.0,5.0,0.0,0.0,3.0,0.0,6.8,,,,,,,,,,,,,,,,,,
S002326,M00207,P0262,T015,65.0,,,0.0,,,,,,,,,,,3.0,0.0,4.0,23.0,72.0,8.0,2.0,0.0,0.0,0.0,0.0,7.6,,,,,,,,,,,,,,,,,,
S002327,M00207,P0253,T015,48.0,,,0.0,,,,,,,,,,,3.0,5.0,1.0,31.0,92.0,6.0,5.0,1.0,0.0,2.0,0.0,6.3,,,,,,,,,,,,,,,,,,
S002328,M00207,P0256,T015,68.0,,,0.0,,,,,,,,,,,3.0,3.0,1.0,45.0,79.0,7.0,5.0,0.0,0.0,2.0,0.0,8.6,,,,,,,,,,,,,,,,,,
S002329,M00207,P0251,T015,85.0,,,0.0,,,,,,,,,,,1.0,1.0,2.0,34.0,82.0,6.0,4.0,1.0,0.0,0.0,5.0,6.3,,,,,,,,,,,,,,,,,,
S002330,M00207,P0260,T015,71.0,,,1.0,,,,,,,,,,,1.0,0.0,3.0,30.0,91.0,3.0,2.0,0.0,0.0,4.0,0.0,6.6,,,,,,,,,,,,,,,,,,
S002331,M00207,P0275,T015,76.0,,,2.0,,,,,,,,,,,3.0,5.0,3.0,32.0,83.0,6.0,2.0,1.0,0.0,5.0,0.0,9.1,,,,,,,,,,,,,,,,,,
S002332,M00207,P0247,T015,59.0,,,1.0,,,,,,,,,,,1.0,5.0,2.0,19.0,71.0,6.0,5.0,1.0,0.0,5.0,0.0,5.6,,,,,,,,,,,,,,,,,,
S002333,M00207,P0266,T015,45.0,,,0.0,,,,,,,,,,,1.0,1.0,2.0,15.0,76.0,5.0,2.0,1.0,0.0,5.0,0.0,6.7,,,,,,,,,,,,,,,,,,
S002334,M00207,P0270,T015,57.0,,,2.0,,,,,,,,,,,3.0,1.0,1.0,41.0,85.0,6.0,0.0,1.0,0.0,1.0,0.0,9.2,,,,,,,,,,,,,,,,,,
S002335,M00207,P0271,T015,64.0,,,0.0,,,,,,,,,,,1.0,1.0,4.0,40.0,62.0,8.0,0.0,0.0,0.0,1.0,0.0,5.8,,,,,,,,,,,,,,,,,,
S002336,M00207,P0263,T015,80.0,,,0.0,,,,,,,,,,,1.0,0.0,4.0,59.0,72.0,5.0,5.0,0.0,0.0,5.0,0.0,5.9,,,,,,,,,,,,,,,,,,
S002337,M00208,P0250,T015,70.0,,,2.0,,,,,,,,,,,1.0,2.0,0.0,39.0,87.0,5.0,1.0,2.0,0.0,4.0,0.0,7.1,,,,,,,,,,,,,,,,,,
S002338,M00208,P0251,T015,58.0,,,1.0,,,,,,,,,,,2.0,3.0,3.0,53.0,61.0,0.0,3.0,2.0,0.0,2.0,6.0,6.9,,,,,,,,,,,,,,,,,,
S002339,M00208,P0265,T015,70.0,,,2.0,,,,,,,,,,,3.0,2.0,4.0,24.0,87.0,0.0,5.0,2.0,0.0,1.0,0.0,7.3,,,,,,,,,,,,,,,,,,
S002340,M00208,P0266,T015,77.0,,,2.0,,,,,,,,,,,1.0,5.0,2.0,56.0,61.0,8.0,2.0,1.0,0.0,2.0,0.0,8.5,,,,,,,,,,,,,,,,,,
S002341,M00208,P0257,T015,72.0,,,2.0,,,,,,,,,,,1.0,3.0,1.0,34.0,84.0,2.0,1.0,0.0,0.0,5.0,0.0,8.7,,,,,,,,,,,,,,,,,,
S002342,M00208,P0247,T015,76.0,,,2.0,,,,,,,,,,,1.0,2.0,3.0,44.0,70.0,7.0,0.0,2.0,0.0,3.0,0.0,5.8,,,,,,,,,,,,,,,,,,
S002343,M00208,P0248,T015,88.0,,,1.0,,,,,,,,,,,1.0,5.0,2.0,37.0,86.0,6.0,0.0,0.0,0.0,2.0,0.0,7.7,,,,,,,,,,,,,,,,,,
S002344,M00208,P0268,T015,69.0,,,2.0,,,,,,,,,,,0.0,0.0,3.0,42.0,85.0,2.0,4.0,2.0,0.0,5.0,0.0,8.4,,,,,,,,,,,,,,,,,,
S002345,M00208,P0267,T015,89.0,,,2.0,,,,,,,,,,,3.0,1.0,2.0,26.0,76.0,0.0,1.0,2.0,0.0,5.0,0.0,8.0,,,,,,,,,,,,,,,,,,
S002346,M00208,P0255,T015,84.0,,,0.0,,,,,,,,,,,2.0,4.0,3.0,49.0,80.0,6.0,0.0,0.0,0.0,2.0,0.0,5.2,,,,,,,,,,,,,,,,,,
S002347,M00208,P0264,T015,80.0,,,2.0,,,,,,,,,,,1.0,5.0,1.0,16.0,94.0,3.0,4.0,0.0,0.0,4.0,0.0,8.3,,,,,,,,,,,,,,,,,,
S002348,M00208,P0228,T014,50.0,,,0.0,,,,,,,,,,,1.0,6.0,0.0,14.0,84.0,3.0,0.0,2.0,0.0,1.0,0.0,5.1,,,,,,,,,,,,,,,,,,
S002349,M00208,P0235,T014,85.0,,,0.0,,,,,,,,,,,1.0,4.0,0.0,33.0,69.0,3.0,0.0,0.0,0.0,3.0,0.0,7.9,,,,,,,,,,,,,,,,,,
S002350,M00208,P0233,T014,88.0,,,2.0,,,,,,,,,,,1.0,0.0,2.0,59.0,60.0,8.0,1.0,0.0,0.0,0.0,0.0,5.8,,,,,,,,,,,,,,,,,,
S002351,M00208,P0238,T014,52.0,,,1.0,,,,,,,,,,,3.0,1.0,0.0,17.0,71.0,5.0,4.0,0.0,0.0,1.0,1.0,8.0,,,,,,,,,,,,,,,,,,
S002352,M00208,P0222,T014,74.0,,,2.0,,,,,,,,,,,3.0,2.0,3.0,46.0,60.0,0.0,5.0,0.0,0.0,5.0,0.0,7.6,,,,,,,,,,,,,,,,,,
S002353,M00208,P0224,T014,50.0,,,1.0,,,,,,,,,,,3.0,6.0,2.0,23.0,71.0,4.0,2.0,2.0,0.0,1.0,0.0,8.5,,,,,,,,,,,,,,,,,,
S002354,M00208,P0226,T014,77.0,,,0.0,,,,,,,,,,,3.0,2.0,0.0,30.0,78.0,7.0,2.0,1.0,0.0,0.0,0.0,7.1,,,,,,,,,,,,,,,,,,
S002355,M00208,P0244,T014,85.0,,,2.0,,,,,,,,,,,0.0,5.0,4.0,38.0,60.0,2.0,3.0,0.0,0.0,1.0,0.0,8.8,,,,,,,,,,,,,,,,,,
S002356,M00208,P0242,T014,48.0,,,2.0,,,,,,,,,,,0.0,1.0,4.0,10.0,94.0,3.0,2.0,2.0,0.0,5.0,0.0,5.5,,,,,,,,,,,,,,,,,,
S002357,M00208,P0227,T014,58.0,,,0.0,,,,,,,,,,,1.0,3.0,0.0,11.0,83.0,3.0,1.0,1.0,0.0,4.0,0.0,6.1,,,,,,,,,,,,,,,,,,
S002358,M00208,P0220,T014,88.0,,,0.0,,,,,,,,,,,2.0,5.0,3.0,34.0,70.0,5.0,1.0,2.0,0.0,1.0,0.0,5.4,,,,,,,,,,,,,,,,,,
S002359,M00210,P0107,T009,69.0,,,2.0,,,,,,,,,,,3.0,0.0,0.0,57.0,65.0,6.0,3.0,2.0,0.0,3.0,0.0,9.4,,,,,,,,,,,,,,,,,,
S002360,M00210,P0124,T009,74.0,,,2.0,,,,,,,,,,,3.0,1.0,4.0,10.0,71.0,5.0,0.0,1.0,0.0,3.0,0.0,8.9,,,,,,,,,,,,,,,,,,
S002361,M00210,P0117,T009,55.0,,,1.0,,,,,,,,,,,3.0,1.0,0.0,20.0,70.0,0.0,4.0,2.0,0.0,3.0,5.0,5.9,,,,,,,,,,,,,,,,,,
S002362,M00210,P0118,T009,46.0,,,2.0,,,,,,,,,,,2.0,0.0,2.0,60.0,72.0,1.0,4.0,2.0,0.0,0.0,0.0,5.3,,,,,,,,,,,,,,,,,,
S002363,M00210,P0115,T009,66.0,,,1.0,,,,,,,,,,,0.0,2.0,2.0,10.0,93.0,4.0,4.0,1.0,0.0,2.0,6.0,9.2,,,,,,,,,,,,,,,,,,
S002364,M00210,P0113,T009,73.0,,,0.0,,,,,,,,,,,0.0,6.0,3.0,42.0,76.0,6.0,3.0,2.0,0.0,5.0,0.0,5.0,,,,,,,,,,,,,,,,,,
S002365,M00210,P0106,T009,86.0,,,0.0,,,,,,,,,,,1.0,5.0,3.0,35.0,77.0,4.0,0.0,1.0,0.0,1.0,0.0,6.4,,,,,,,,,,,,,,,,,,
S002366,M00210,P0112,T009,90.0,,,0.0,,,,,,,,,,,0.0,3.0,1.0,38.0,70.0,7.0,5.0,2.0,1.0,1.0,0.0,9.2,,,,,,,,,,,,,,,,,,
S002367,M00210,P0120,T009,53.0,,,2.0,,,,,,,,,,,1.0,0.0,0.0,54.0,95.0,3.0,1.0,0.0,0.0,0.0,0.0,8.4,,,,,,,,,,,,,,,,,,
S002368,M00210,P0123,T009,49.0,,,1.0,,,,,,,,,,,1.0,0.0,3.0,22.0,84.0,8.0,0.0,0.0,0.0,4.0,0.0,5.2,,,,,,,,,,,,,,,,,,
S002369,M00210,P0121,T009,46.0,,,1.0,,,,,,,,,,,1.0,0.0,3.0,30.0,64.0,1.0,5.0,1.0,0.0,2.0,0.0,8.9,,,,,,,,,,,,,,,,,,
S002370,M00210,P0291,T016,81.0,,,2.0,,,,,,,,,,,3.0,4.0,3.0,22.0,65.0,2.0,2.0,0.0,0.0,5.0,0.0,7.7,,,,,,,,,,,,,,,,,,
S002371,M00210,P0278,T016,64.0,,,2.0,,,,,,,,,,,2.0,5.0,0.0,25.0,94.0,8.0,0.0,2.0,0.0,0.0,0.0,5.4,,,,,,,,,,,,,,,,,,
S002372,M00210,P0294,T016,62.0,,,2.0,,,,,,,,,,,2.0,3.0,3.0,60.0,85.0,7.0,3.0,1.0,0.0,4.0,0.0,8.9,,,,,,,,,,,,,,,,,,
S002373,M00210,P0290,T016,53.0,,,2.0,,,,,,,,,,,2.0,3.0,0.0,16.0,90.0,0.0,4.0,0.0,0.0,3.0,0.0,6.9,,,,,,,,,,,,,,,,,,
S002374,M00210,P0277,T016,66.0,,,1.0,,,,,,,,,,,0.0,6.0,3.0,58.0,62.0,2.0,1.0,2.0,0.0,0.0,0.0,6.1,,,,,,,,,,,,,,,,,,
S002375,M00210,P0286,T016,67.0,,,1.0,,,,,,,,,,,1.0,3.0,4.0,20.0,88.0,7.0,5.0,0.0,0.0,1.0,0.0,8.3,,,,,,,,,,,,,,,,,,
S002376,M00210,P0282,T016,48.0,,,2.0,,,,,,,,,,,2.0,4.0,1.0,44.0,77.0,8.0,4.0,2.0,0.0,1.0,5.0,8.2,,,,,,,,,,,,,,,,,,
S002377,M00210,P0280,T016,76.0,,,1.0,,,,,,,,,,,1.0,1.0,4.0,48.0,72.0,3.0,5.0,2.0,0.0,3.0,0.0,9.0,,,,,,,,,,,,,,,,,,
S002378,M00210,P0284,T016,85.0,,,0.0,,,,,,,,,,,0.0,5.0,2.0,11.0,75.0,8.0,3.0,2.0,0.0,5.0,0.0,7.7,,,,,,,,,,,,,,,,,,
S002379,M00210,P0281,T016,78.0,,,1.0,,,,,,,,,,,2.0,2.0,4.0,28.0,77.0,2.0,5.0,1.0,0.0,4.0,3.0,6.4,,,,,,,,,,,,,,,,,,
S002380,M00210,P0283,T016,70.0,,,0.0,,,,,,,,,,,2.0,5.0,1.0,48.0,64.0,8.0,5.0,2.0,0.0,3.0,0.0,6.8,,,,,,,,,,,,,,,,,,
S002381,M00212,P0192,T012,48.0,,,1.0,,,,,,,,,,,0.0,3.0,1.0,25.0,77.0,0.0,0.0,1.0,0.0,1.0,0.0,5.4,,,,,,,,,,,,,,,,,,
S002382,M00212,P0171,T012,70.0,,,1.0,,,,,,,,,,,1.0,5.0,2.0,21.0,86.0,3.0,3.0,0.0,0.0,4.0,0.0,7.5,,,,,,,,,,,,,,,,,,
S002383,M00212,P0182,T012,56.0,,,0.0,,,,,,,,,,,1.0,2.0,3.0,12.0,78.0,4.0,2.0,1.0,0.0,5.0,0.0,5.5,,,,,,,,,,,,,,,,,,
S002384,M00212,P0174,T012,86.0,,,0.0,,,,,,,,,,,2.0,2.0,2.0,19.0,65.0,1.0,0.0,1.0,0.0,4.0,4.0,6.3,,,,,,,,,,,,,,,,,,
S002385,M00212,P0177,T012,81.0,,,1.0,,,,,,,,,,,2.0,5.0,2.0,20.0,65.0,8.0,4.0,2.0,0.0,5.0,0.0,8.5,,,,,,,,,,,,,,,,,,
S002386,M00212,P0191,T012,69.0,,,2.0,,,,,,,,,,,1.0,0.0,2.0,14.0,70.0,1.0,0.0,1.0,0.0,3.0,0.0,7.9,,,,,,,,,,,,,,,,,,
S002387,M00212,P0189,T012,56.0,,,2.0,,,,,,,,,,,2.0,3.0,2.0,21.0,92.0,7.0,1.0,1.0,0.0,1.0,0.0,6.5,,,,,,,,,,,,,,,,,,
S002388,M00212,P0176,T012,86.0,,,1.0,,,,,,,,,,,3.0,6.0,4.0,17.0,83.0,3.0,0.0,0.0,0.0,0.0,4.0,6.7,,,,,,,,,,,,,,,,,,
S002389,M00212,P0167,T012,86.0,,,2.0,,,,,,,,,,,0.0,1.0,2.0,40.0,71.0,3.0,0.0,1.0,0.0,4.0,0.0,5.8,,,,,,,,,,,,,,,,,,
S002390,M00212,P0179,T012,65.0,,,0.0,,,,,,,,,,,1.0,0.0,4.0,15.0,68.0,4.0,3.0,1.0,0.0,1.0,0.0,8.3,,,,,,,,,,,,,,,,,,
S002391,M00212,P0172,T012,79.0,,,0.0,,,,,,,,,,,3.0,2.0,1.0,57.0,63.0,1.0,2.0,2.0,0.0,3.0,0.0,6.9,,,,,,,,,,,,,,,,,,
S002392,M00212,P0269,T015,73.0,,,2.0,,,,,,,,,,,2.0,0.0,1.0,60.0,64.0,8.0,3.0,2.0,0.0,5.0,0.0,5.2,,,,,,,,,,,,,,,,,,
S002393,M00212,P0264,T015,66.0,,,1.0,,,,,,,,,,,0.0,0.0,2.0,38.0,65.0,5.0,4.0,0.0,0.0,1.0,0.0,6.4,,,,,,,,,,,,,,,,,,
S002394,M00212,P0258,T015,53.0,,,0.0,,,,,,,,,,,1.0,3.0,0.0,10.0,76.0,0.0,1.0,1.0,0.0,4.0,8.0,6.9,,,,,,,,,,,,,,,,,,
S002395,M00212,P0249,T015,77.0,,,2.0,,,,,,,,,,,1.0,1.0,0.0,21.0,63.0,8.0,3.0,0.0,0.0,5.0,0.0,7.8,,,,,,,,,,,,,,,,,,
S002396,M00212,P0275,T015,63.0,,,1.0,,,,,,,,,,,1.0,0.0,3.0,49.0,85.0,6.0,4.0,2.0,0.0,3.0,0.0,7.3,,,,,,,,,,,,,,,,,,
S002397,M00212,P0246,T015,61.0,,,0.0,,,,,,,,,,,1.0,0.0,0.0,28.0,65.0,4.0,2.0,0.0,0.0,0.0,0.0,7.9,,,,,,,,,,,,,,,,,,
S002398,M00212,P0273,T015,59.0,,,0.0,,,,,,,,,,,3.0,1.0,4.0,37.0,64.0,5.0,4.0,1.0,0.0,5.0,0.0,9.2,,,,,,,,,,,,,,,,,,
S002399,M00212,P0265,T015,65.0,,,1.0,,,,,,,,,,,2.0,2.0,3.0,54.0,87.0,3.0,3.0,2.0,0.0,4.0,0.0,5.8,,,,,,,,,,,,,,,,,,
S002400,M00212,P0266,T015,59.0,,,1.0,,,,,,,,,,,0.0,2.0,3.0,40.0,90.0,8.0,1.0,1.0,0.0,0.0,0.0,7.1,,,,,,,,,,,,,,,,,,
S002401,M00212,P0259,T015,85.0,,,0.0,,,,,,,,,,,0.0,2.0,4.0,23.0,77.0,8.0,0.0,1.0,0.0,2.0,0.0,8.7,,,,,,,,,,,,,,,,,,
S002402,M00212,P0253,T015,59.0,,,0.0,,,,,,,,,,,0.0,2.0,3.0,57.0,61.0,2.0,4.0,1.0,0.0,5.0,0.0,6.8,,,,,,,,,,,,,,,,,,
S002403,M00214,P0240,T014,70.0,,,1.0,,,,,,,,,,,0.0,2.0,0.0,20.0,65.0,0.0,0.0,2.0,0.0,3.0,0.0,5.7,,,,,,,,,,,,,,,,,,
S002404,M00214,P0232,T014,53.0,,,1.0,,,,,,,,,,,3.0,6.0,2.0,16.0,93.0,0.0,1.0,1.0,0.0,2.0,0.0,5.3,,,,,,,,,,,,,,,,,,
S002405,M00214,P0233,T014,67.0,,,1.0,,,,,,,,,,,1.0,3.0,2.0,25.0,81.0,2.0,2.0,2.0,0.0,3.0,0.0,8.4,,,,,,,,,,,,,,,,,,
S002406,M00214,P0242,T014,82.0,,,0.0,,,,,,,,,,,2.0,6.0,3.0,56.0,86.0,5.0,2.0,1.0,0.0,3.0,0.0,8.9,,,,,,,,,,,,,,,,,,
S002407,M00214,P0220,T014,61.0,,,2.0,,,,,,,,,,,2.0,5.0,1.0,31.0,64.0,2.0,1.0,1.0,0.0,5.0,0.0,7.5,,,,,,,,,,,,,,,,,,
S002408,M00214,P0239,T014,63.0,,,1.0,,,,,,,,,,,3.0,6.0,4.0,50.0,63.0,1.0,5.0,1.0,0.0,1.0,2.0,8.8,,,,,,,,,,,,,,,,,,
S002409,M00214,P0243,T014,82.0,,,2.0,,,,,,,,,,,1.0,2.0,4.0,53.0,87.0,5.0,1.0,0.0,0.0,3.0,0.0,7.2,,,,,,,,,,,,,,,,,,
S002410,M00214,P0226,T014,88.0,,,0.0,,,,,,,,,,,0.0,0.0,1.0,52.0,93.0,5.0,2.0,0.0,0.0,0.0,0.0,7.5,,,,,,,,,,,,,,,,,,
S002411,M00214,P0231,T014,50.0,,,2.0,,,,,,,,,,,2.0,5.0,0.0,18.0,78.0,2.0,3.0,2.0,0.0,3.0,0.0,9.0,,,,,,,,,,,,,,,,,,
S002412,M00214,P0229,T014,59.0,,,0.0,,,,,,,,,,,2.0,5.0,1.0,53.0,90.0,6.0,5.0,0.0,0.0,4.0,0.0,6.3,,,,,,,,,,,,,,,,,,
S002413,M00214,P0234,T014,49.0,,,0.0,,,,,,,,,,,2.0,5.0,3.0,57.0,70.0,0.0,2.0,0.0,0.0,1.0,0.0,5.1,,,,,,,,,,,,,,,,,,
S002414,M00214,P0271,T015,76.0,,,1.0,,,,,,,,,,,1.0,1.0,4.0,21.0,84.0,5.0,4.0,0.0,0.0,5.0,0.0,7.3,,,,,,,,,,,,,,,,,,
S002415,M00214,P0253,T015,63.0,,,2.0,,,,,,,,,,,0.0,4.0,0.0,40.0,65.0,6.0,0.0,0.0,0.0,5.0,0.0,8.6,,,,,,,,,,,,,,,,,,
S002416,M00214,P0252,T015,59.0,,,2.0,,,,,,,,,,,0.0,6.0,2.0,28.0,78.0,1.0,4.0,2.0,0.0,3.0,0.0,7.9,,,,,,,,,,,,,,,,,,
S002417,M00214,P0254,T015,72.0,,,2.0,,,,,,,,,,,0.0,1.0,0.0,50.0,72.0,1.0,1.0,1.0,0.0,4.0,0.0,5.2,,,,,,,,,,,,,,,,,,
S002418,M00214,P0259,T015,55.0,,,0.0,,,,,,,,,,,0.0,4.0,1.0,36.0,91.0,6.0,3.0,1.0,0.0,3.0,0.0,6.1,,,,,,,,,,,,,,,,,,
S002419,M00214,P0248,T015,71.0,,,1.0,,,,,,,,,,,2.0,3.0,2.0,32.0,82.0,4.0,2.0,2.0,0.0,1.0,0.0,6.1,,,,,,,,,,,,,,,,,,
S002420,M00214,P0270,T015,77.0,,,2.0,,,,,,,,,,,0.0,2.0,2.0,22.0,82.0,1.0,0.0,0.0,0.0,4.0,0.0,5.9,,,,,,,,,,,,,,,,,,
S002421,M00214,P0262,T015,65.0,,,0.0,,,,,,,,,,,2.0,1.0,0.0,44.0,68.0,3.0,5.0,0.0,0.0,0.0,0.0,5.9,,,,,,,,,,,,,,,,,,
S002422,M00214,P0265,T015,88.0,,,1.0,,,,,,,,,,,0.0,5.0,4.0,30.0,81.0,0.0,3.0,0.0,0.0,2.0,0.0,5.1,,,,,,,,,,,,,,,,,,
S002423,M00214,P0261,T015,53.0,,,0.0,,,,,,,,,,,3.0,3.0,3.0,28.0,66.0,5.0,5.0,0.0,0.0,2.0,0.0,6.4,,,,,,,,,,,,,,,,,,
S002424,M00214,P0268,T015,77.0,,,1.0,,,,,,,,,,,3.0,1.0,0.0,36.0,78.0,8.0,1.0,2.0,1.0,5.0,0.0,5.6,,,,,,,,,,,,,,,,,,
S002425,M00215,P0143,T010,75.0,,,1.0,,,,,,,,,,,1.0,1.0,0.0,20.0,74.0,5.0,4.0,2.0,0.0,3.0,1.0,5.7,,,,,,,,,,,,,,,,,,
S002426,M00215,P0139,T010,79.0,,,2.0,,,,,,,,,,,1.0,2.0,4.0,59.0,95.0,1.0,4.0,2.0,0.0,5.0,0.0,7.7,,,,,,,,,,,,,,,,,,
S002427,M00215,P0132,T010,64.0,,,0.0,,,,,,,,,,,2.0,3.0,2.0,49.0,64.0,4.0,2.0,1.0,0.0,2.0,0.0,9.5,,,,,,,,,,,,,,,,,,
S002428,M00215,P0126,T010,72.0,,,1.0,,,,,,,,,,,2.0,1.0,1.0,47.0,60.0,0.0,2.0,0.0,0.0,1.0,0.0,6.4,,,,,,,,,,,,,,,,,,
S002429,M00215,P0130,T010,54.0,,,1.0,,,,,,,,,,,3.0,4.0,2.0,31.0,76.0,7.0,0.0,0.0,0.0,3.0,0.0,8.4,,,,,,,,,,,,,,,,,,
S002430,M00215,P0134,T010,83.0,,,0.0,,,,,,,,,,,2.0,0.0,2.0,34.0,88.0,0.0,5.0,2.0,0.0,1.0,0.0,6.9,,,,,,,,,,,,,,,,,,
S002431,M00215,P0129,T010,54.0,,,0.0,,,,,,,,,,,2.0,5.0,1.0,42.0,61.0,0.0,5.0,1.0,0.0,3.0,0.0,7.2,,,,,,,,,,,,,,,,,,
S002432,M00215,P0125,T010,90.0,,,2.0,,,,,,,,,,,0.0,3.0,1.0,27.0,87.0,0.0,5.0,0.0,0.0,0.0,3.0,8.0,,,,,,,,,,,,,,,,,,
S002433,M00215,P0131,T010,45.0,,,2.0,,,,,,,,,,,3.0,4.0,1.0,53.0,65.0,6.0,2.0,1.0,0.0,1.0,0.0,7.2,,,,,,,,,,,,,,,,,,
S002434,M00215,P0144,T010,63.0,,,2.0,,,,,,,,,,,1.0,4.0,1.0,18.0,95.0,6.0,3.0,2.0,0.0,2.0,0.0,9.1,,,,,,,,,,,,,,,,,,
S002435,M00215,P0140,T010,67.0,,,1.0,,,,,,,,,,,0.0,3.0,4.0,42.0,64.0,5.0,2.0,2.0,0.0,5.0,0.0,6.5,,,,,,,,,,,,,,,,,,
S002436,M00215,P0117,T009,69.0,,,1.0,,,,,,,,,,,2.0,5.0,0.0,31.0,83.0,5.0,0.0,2.0,0.0,0.0,3.0,5.9,,,,,,,,,,,,,,,,,,
S002437,M00215,P0124,T009,66.0,,,0.0,,,,,,,,,,,3.0,1.0,1.0,26.0,83.0,1.0,4.0,0.0,0.0,4.0,0.0,6.8,,,,,,,,,,,,,,,,,,
S002438,M00215,P0106,T009,82.0,,,0.0,,,,,,,,,,,1.0,1.0,3.0,46.0,88.0,4.0,4.0,2.0,0.0,4.0,0.0,7.2,,,,,,,,,,,,,,,,,,
S002439,M00215,P0123,T009,64.0,,,2.0,,,,,,,,,,,3.0,6.0,4.0,50.0,86.0,3.0,0.0,2.0,0.0,1.0,0.0,5.3,,,,,,,,,,,,,,,,,,
S002440,M00215,P0121,T009,55.0,,,2.0,,,,,,,,,,,3.0,0.0,2.0,55.0,73.0,6.0,4.0,0.0,0.0,2.0,0.0,8.7,,,,,,,,,,,,,,,,,,
S002441,M00215,P0113,T009,50.0,,,1.0,,,,,,,,,,,3.0,1.0,1.0,10.0,67.0,2.0,3.0,1.0,0.0,5.0,0.0,8.4,,,,,,,,,,,,,,,,,,
S002442,M00215,P0104,T009,52.0,,,1.0,,,,,,,,,,,3.0,1.0,0.0,58.0,65.0,8.0,3.0,0.0,0.0,5.0,0.0,7.9,,,,,,,,,,,,,,,,,,
S002443,M00215,P0119,T009,78.0,,,2.0,,,,,,,,,,,2.0,2.0,1.0,34.0,60.0,6.0,1.0,0.0,0.0,3.0,0.0,5.8,,,,,,,,,,,,,,,,,,
S002444,M00215,P0107,T009,71.0,,,0.0,,,,,,,,,,,3.0,5.0,2.0,41.0,89.0,5.0,3.0,2.0,0.0,1.0,0.0,8.4,,,,,,,,,,,,,,,,,,
S002445,M00215,P0110,T009,78.0,,,0.0,,,,,,,,,,,2.0,0.0,2.0,10.0,62.0,3.0,5.0,0.0,0.0,0.0,0.0,6.0,,,,,,,,,,,,,,,,,,
S002446,M00215,P0116,T009,53.0,,,2.0,,,,,,,,,,,2.0,1.0,3.0,29.0,84.0,3.0,5.0,1.0,0.0,5.0,0.0,6.0,,,,,,,,,,,,,,,,,,
S002447,M00218,P0286,T016,88.0,,,2.0,,,,,,,,,,,2.0,5.0,3.0,18.0,64.0,8.0,2.0,0.0,0.0,5.0,0.0,8.9,,,,,,,,,,,,,,,,,,
S002448,M00218,P0289,T016,90.0,,,0.0,,,,,,,,,,,0.0,5.0,1.0,42.0,65.0,7.0,3.0,2.0,0.0,1.0,6.0,6.9,,,,,,,,,,,,,,,,,,
S002449,M00218,P0278,T016,70.0,,,1.0,,,,,,,,,,,1.0,5.0,4.0,29.0,90.0,2.0,4.0,0.0,0.0,1.0,0.0,6.9,,,,,,,,,,,,,,,,,,
S002450,M00218,P0279,T016,65.0,,,1.0,,,,,,,,,,,2.0,0.0,1.0,22.0,91.0,0.0,5.0,0.0,0.0,4.0,0.0,6.3,,,,,,,,,,,,,,,,,,
S002451,M00218,P0280,T016,46.0,,,1.0,,,,,,,,,,,1.0,2.0,1.0,32.0,72.0,1.0,5.0,0.0,0.0,2.0,0.0,8.3,,,,,,,,,,,,,,,,,,
S002452,M00218,P0276,T016,53.0,,,2.0,,,,,,,,,,,3.0,2.0,3.0,38.0,66.0,5.0,0.0,2.0,0.0,2.0,0.0,6.8,,,,,,,,,,,,,,,,,,
S002453,M00218,P0292,T016,74.0,,,1.0,,,,,,,,,,,0.0,6.0,0.0,18.0,85.0,5.0,1.0,1.0,0.0,4.0,4.0,8.6,,,,,,,,,,,,,,,,,,
S002454,M00218,P0284,T016,83.0,,,2.0,,,,,,,,,,,0.0,2.0,1.0,56.0,92.0,3.0,4.0,2.0,0.0,0.0,0.0,9.1,,,,,,,,,,,,,,,,,,
S002455,M00218,P0290,T016,49.0,,,0.0,,,,,,,,,,,2.0,2.0,4.0,39.0,88.0,7.0,3.0,1.0,0.0,1.0,0.0,6.8,,,,,,,,,,,,,,,,,,
S002456,M00218,P0295,T016,50.0,,,1.0,,,,,,,,,,,3.0,3.0,3.0,32.0,68.0,8.0,1.0,0.0,0.0,3.0,0.0,5.5,,,,,,,,,,,,,,,,,,
S002457,M00218,P0282,T016,81.0,,,2.0,,,,,,,,,,,2.0,2.0,4.0,52.0,61.0,2.0,4.0,1.0,0.0,2.0,4.0,5.9,,,,,,,,,,,,,,,,,,
S002458,M00218,P0218,T013,85.0,,,0.0,,,,,,,,,,,2.0,6.0,0.0,55.0,65.0,5.0,4.0,1.0,0.0,5.0,0.0,7.0,,,,,,,,,,,,,,,,,,
S002459,M00218,P0203,T013,57.0,,,0.0,,,,,,,,,,,1.0,4.0,2.0,58.0,72.0,6.0,0.0,0.0,0.0,2.0,1.0,5.7,,,,,,,,,,,,,,,,,,
S002460,M00218,P0205,T013,74.0,,,1.0,,,,,,,,,,,0.0,3.0,0.0,45.0,80.0,3.0,3.0,0.0,0.0,3.0,0.0,7.4,,,,,,,,,,,,,,,,,,
S002461,M00218,P0209,T013,73.0,,,0.0,,,,,,,,,,,1.0,5.0,1.0,11.0,74.0,3.0,4.0,2.0,0.0,0.0,2.0,5.1,,,,,,,,,,,,,,,,,,
S002462,M00218,P0210,T013,81.0,,,1.0,,,,,,,,,,,3.0,6.0,3.0,37.0,74.0,7.0,1.0,0.0,0.0,3.0,0.0,6.0,,,,,,,,,,,,,,,,,,
S002463,M00218,P0208,T013,61.0,,,1.0,,,,,,,,,,,1.0,2.0,3.0,40.0,60.0,7.0,5.0,0.0,0.0,5.0,0.0,6.6,,,,,,,,,,,,,,,,,,
S002464,M00218,P0207,T013,87.0,,,1.0,,,,,,,,,,,2.0,6.0,2.0,22.0,86.0,7.0,3.0,0.0,0.0,3.0,0.0,8.7,,,,,,,,,,,,,,,,,,
S002465,M00218,P0197,T013,57.0,,,0.0,,,,,,,,,,,1.0,3.0,2.0,56.0,60.0,5.0,2.0,1.0,0.0,5.0,0.0,7.4,,,,,,,,,,,,,,,,,,
S002466,M00218,P0202,T013,60.0,,,1.0,,,,,,,,,,,0.0,4.0,4.0,37.0,94.0,1.0,0.0,0.0,0.0,0.0,0.0,5.6,,,,,,,,,,,,,,,,,,
S002467,M00218,P0214,T013,82.0,,,1.0,,,,,,,,,,,1.0,6.0,3.0,18.0,80.0,4.0,3.0,2.0,0.0,5.0,0.0,5.1,,,,,,,,,,,,,,,,,,
S002468,M00218,P0200,T013,65.0,,,1.0,,,,,,,,,,,0.0,0.0,0.0,59.0,78.0,6.0,0.0,1.0,0.0,3.0,0.0,8.5,,,,,,,,,,,,,,,,,,
S002469,M00219,P0145,T011,61.0,,,1.0,,,,,,,,,,,3.0,6.0,1.0,50.0,79.0,7.0,2.0,0.0,0.0,4.0,0.0,6.0,,,,,,,,,,,,,,,,,,
S002470,M00219,P0146,T011,81.0,,,2.0,,,,,,,,,,,0.0,4.0,2.0,16.0,73.0,1.0,4.0,2.0,0.0,4.0,6.0,7.2,,,,,,,,,,,,,,,,,,
S002471,M00219,P0166,T011,78.0,,,0.0,,,,,,,,,,,1.0,0.0,1.0,10.0,82.0,4.0,1.0,2.0,0.0,2.0,0.0,7.9,,,,,,,,,,,,,,,,,,
S002472,M00219,P0147,T011,90.0,,,1.0,,,,,,,,,,,1.0,5.0,0.0,16.0,65.0,0.0,1.0,1.0,0.0,5.0,0.0,7.6,,,,,,,,,,,,,,,,,,
S002473,M00219,P0165,T011,55.0,,,0.0,,,,,,,,,,,2.0,6.0,1.0,30.0,88.0,0.0,5.0,2.0,0.0,1.0,0.0,6.1,,,,,,,,,,,,,,,,,,
S002474,M00219,P0162,T011,79.0,,,2.0,,,,,,,,,,,3.0,3.0,3.0,34.0,87.0,0.0,5.0,1.0,0.0,5.0,0.0,7.4,,,,,,,,,,,,,,,,,,
S002475,M00219,P0159,T011,65.0,,,0.0,,,,,,,,,,,0.0,6.0,2.0,11.0,73.0,7.0,4.0,0.0,0.0,2.0,0.0,6.3,,,,,,,,,,,,,,,,,,
S002476,M00219,P0148,T011,89.0,,,0.0,,,,,,,,,,,1.0,4.0,0.0,42.0,72.0,6.0,1.0,0.0,0.0,4.0,0.0,8.0,,,,,,,,,,,,,,,,,,
S002477,M00219,P0153,T011,85.0,,,2.0,,,,,,,,,,,3.0,0.0,1.0,34.0,84.0,3.0,4.0,0.0,0.0,3.0,0.0,5.6,,,,,,,,,,,,,,,,,,
S002478,M00219,P0158,T011,64.0,,,2.0,,,,,,,,,,,0.0,2.0,0.0,24.0,74.0,1.0,0.0,1.0,0.0,0.0,0.0,6.5,,,,,,,,,,,,,,,,,,
S002479,M00219,P0150,T011,73.0,,,1.0,,,,,,,,,,,3.0,3.0,0.0,47.0,68.0,8.0,4.0,2.0,0.0,0.0,0.0,8.9,,,,,,,,,,,,,,,,,,
S002480,M00219,P0247,T015,56.0,,,2.0,,,,,,,,,,,1.0,6.0,0.0,23.0,86.0,0.0,3.0,1.0,0.0,3.0,0.0,5.5,,,,,,,,,,,,,,,,,,
S002481,M00219,P0250,T015,86.0,,,1.0,,,,,,,,,,,1.0,6.0,4.0,40.0,71.0,6.0,2.0,1.0,0.0,3.0,0.0,5.3,,,,,,,,,,,,,,,,,,
S002482,M00219,P0262,T015,70.0,,,2.0,,,,,,,,,,,2.0,6.0,3.0,40.0,76.0,5.0,0.0,2.0,0.0,2.0,0.0,6.0,,,,,,,,,,,,,,,,,,
S002483,M00219,P0260,T015,67.0,,,1.0,,,,,,,,,,,1.0,3.0,2.0,29.0,93.0,8.0,1.0,1.0,0.0,3.0,0.0,7.9,,,,,,,,,,,,,,,,,,
S002484,M00219,P0256,T015,83.0,,,2.0,,,,,,,,,,,0.0,0.0,4.0,33.0,66.0,1.0,0.0,1.0,0.0,3.0,0.0,9.0,,,,,,,,,,,,,,,,,,
S002485,M00219,P0272,T015,59.0,,,0.0,,,,,,,,,,,2.0,2.0,3.0,37.0,78.0,6.0,3.0,0.0,0.0,0.0,0.0,8.0,,,,,,,,,,,,,,,,,,
S002486,M00219,P0254,T015,79.0,,,2.0,,,,,,,,,,,0.0,4.0,1.0,42.0,73.0,1.0,4.0,0.0,0.0,2.0,0.0,8.2,,,,,,,,,,,,,,,,,,
S002487,M00219,P0275,T015,56.0,,,1.0,,,,,,,,,,,3.0,4.0,3.0,13.0,75.0,4.0,5.0,2.0,0.0,3.0,0.0,5.9,,,,,,,,,,,,,,,,,,
S002488,M00219,P0257,T015,60.0,,,2.0,,,,,,,,,,,1.0,4.0,1.0,25.0,79.0,5.0,1.0,1.0,0.0,3.0,0.0,5.2,,,,,,,,,,,,,,,,,,
S002489,M00219,P0273,T015,49.0,,,1.0,,,,,,,,,,,2.0,5.0,3.0,43.0,68.0,6.0,1.0,2.0,0.0,5.0,0.0,5.9,,,,,,,,,,,,,,,,,,
S002490,M00219,P0265,T015,55.0,,,2.0,,,,,,,,,,,2.0,5.0,1.0,39.0,65.0,6.0,0.0,2.0,0.0,5.0,0.0,6.8,,,,,,,,,,,,,,,,,,
S002491,M00220,P0281,T016,46.0,,,2.0,,,,,,,,,,,1.0,4.0,2.0,51.0,77.0,7.0,4.0,1.0,0.0,5.0,2.0,6.9,,,,,,,,,,,,,,,,,,
S002492,M00220,P0292,T016,51.0,,,0.0,,,,,,,,,,,1.0,6.0,4.0,19.0,71.0,4.0,0.0,2.0,0.0,5.0,3.0,5.6,,,,,,,,,,,,,,,,,,
S002493,M00220,P0288,T016,89.0,,,1.0,,,,,,,,,,,0.0,1.0,2.0,25.0,76.0,1.0,4.0,1.0,0.0,2.0,4.0,5.3,,,,,,,,,,,,,,,,,,
S002494,M00220,P0290,T016,79.0,,,1.0,,,,,,,,,,,1.0,4.0,4.0,25.0,65.0,4.0,0.0,0.0,0.0,2.0,0.0,6.8,,,,,,,,,,,,,,,,,,
S002495,M00220,P0284,T016,46.0,,,0.0,,,,,,,,,,,1.0,4.0,1.0,37.0,90.0,3.0,2.0,2.0,0.0,4.0,0.0,5.0,,,,,,,,,,,,,,,,,,
S002496,M00220,P0283,T016,73.0,,,1.0,,,,,,,,,,,3.0,3.0,0.0,37.0,92.0,6.0,5.0,0.0,0.0,1.0,0.0,8.5,,,,,,,,,,,,,,,,,,
S002497,M00220,P0282,T016,68.0,,,2.0,,,,,,,,,,,0.0,3.0,1.0,44.0,86.0,8.0,2.0,1.0,0.0,5.0,3.0,6.3,,,,,,,,,,,,,,,,,,
S002498,M00220,P0287,T016,69.0,,,2.0,,,,,,,,,,,0.0,5.0,4.0,44.0,71.0,3.0,0.0,2.0,0.0,2.0,0.0,7.4,,,,,,,,,,,,,,,,,,
S002499,M00220,P0278,T016,56.0,,,1.0,,,,,,,,,,,2.0,3.0,1.0,35.0,73.0,1.0,3.0,0.0,0.0,4.0,0.0,6.3,,,,,,,,,,,,,,,,,,
S002500,M00220,P0279,T016,47.0,,,1.0,,,,,,,,,,,0.0,1.0,3.0,19.0,92.0,0.0,1.0,0.0,0.0,3.0,0.0,6.4,,,,,,,,,,,,,,,,,,
S002501,M00220,P0294,T016,48.0,,,2.0,,,,,,,,,,,2.0,3.0,2.0,46.0,65.0,1.0,3.0,0.0,0.0,5.0,0.0,8.2,,,,,,,,,,,,,,,,,,
S002502,M00220,P0126,T010,54.0,,,1.0,,,,,,,,,,,2.0,6.0,2.0,29.0,64.0,4.0,0.0,2.0,0.0,3.0,0.0,7.8,,,,,,,,,,,,,,,,,,
S002503,M00220,P0132,T010,69.0,,,0.0,,,,,,,,,,,1.0,4.0,2.0,14.0,66.0,0.0,4.0,1.0,0.0,0.0,0.0,5.2,,,,,,,,,,,,,,,,,,
S002504,M00220,P0128,T010,71.0,,,2.0,,,,,,,,,,,0.0,5.0,0.0,21.0,84.0,0.0,2.0,1.0,0.0,5.0,1.0,7.0,,,,,,,,,,,,,,,,,,
S002505,M00220,P0144,T010,84.0,,,0.0,,,,,,,,,,,2.0,4.0,4.0,16.0,84.0,2.0,2.0,1.0,0.0,0.0,0.0,6.9,,,,,,,,,,,,,,,,,,
S002506,M00220,P0142,T010,85.0,,,2.0,,,,,,,,,,,3.0,4.0,2.0,30.0,90.0,3.0,1.0,0.0,0.0,0.0,0.0,8.9,,,,,,,,,,,,,,,,,,
S002507,M00220,P0131,T010,88.0,,,0.0,,,,,,,,,,,2.0,1.0,4.0,46.0,72.0,5.0,2.0,2.0,0.0,0.0,0.0,7.1,,,,,,,,,,,,,,,,,,
S002508,M00220,P0139,T010,49.0,,,2.0,,,,,,,,,,,0.0,3.0,1.0,49.0,93.0,5.0,0.0,0.0,0.0,5.0,0.0,5.1,,,,,,,,,,,,,,,,,,
S002509,M00220,P0140,T010,67.0,,,1.0,,,,,,,,,,,0.0,3.0,3.0,16.0,76.0,8.0,2.0,0.0,0.0,5.0,0.0,5.9,,,,,,,,,,,,,,,,,,
S002510,M00220,P0138,T010,52.0,,,0.0,,,,,,,,,,,3.0,2.0,3.0,46.0,80.0,5.0,2.0,2.0,0.0,1.0,0.0,7.5,,,,,,,,,,,,,,,,,,
S002511,M00220,P0136,T010,80.0,,,1.0,,,,,,,,,,,1.0,6.0,4.0,21.0,70.0,0.0,1.0,2.0,0.0,4.0,0.0,5.3,,,,,,,,,,,,,,,,,,
S002512,M00220,P0127,T010,86.0,,,0.0,,,,,,,,,,,1.0,4.0,4.0,53.0,82.0,2.0,0.0,1.0,0.0,4.0,0.0,5.0,,,,,,,,,,,,,,,,,,
S002513,M00221,P0150,T011,75.0,,,2.0,,,,,,,,,,,1.0,1.0,2.0,57.0,64.0,3.0,4.0,1.0,0.0,1.0,0.0,8.7,,,,,,,,,,,,,,,,,,
S002514,M00221,P0158,T011,89.0,,,1.0,,,,,,,,,,,1.0,0.0,1.0,41.0,76.0,6.0,1.0,0.0,0.0,4.0,0.0,9.3,,,,,,,,,,,,,,,,,,
S002515,M00221,P0164,T011,63.0,,,2.0,,,,,,,,,,,0.0,6.0,1.0,40.0,85.0,5.0,2.0,0.0,0.0,4.0,0.0,6.2,,,,,,,,,,,,,,,,,,
S002516,M00221,P0165,T011,80.0,,,2.0,,,,,,,,,,,2.0,4.0,0.0,22.0,74.0,0.0,4.0,1.0,0.0,0.0,0.0,6.3,,,,,,,,,,,,,,,,,,
S002517,M00221,P0166,T011,71.0,,,0.0,,,,,,,,,,,1.0,4.0,0.0,42.0,80.0,0.0,2.0,0.0,0.0,2.0,0.0,9.2,,,,,,,,,,,,,,,,,,
S002518,M00221,P0155,T011,77.0,,,2.0,,,,,,,,,,,3.0,0.0,2.0,47.0,61.0,5.0,0.0,2.0,0.0,1.0,0.0,7.1,,,,,,,,,,,,,,,,,,
S002519,M00221,P0146,T011,55.0,,,0.0,,,,,,,,,,,0.0,4.0,0.0,40.0,76.0,4.0,2.0,1.0,0.0,1.0,1.0,8.1,,,,,,,,,,,,,,,,,,
S002520,M00221,P0163,T011,75.0,,,1.0,,,,,,,,,,,0.0,2.0,0.0,11.0,72.0,4.0,2.0,1.0,0.0,4.0,0.0,8.1,,,,,,,,,,,,,,,,,,
S002521,M00221,P0162,T011,78.0,,,1.0,,,,,,,,,,,3.0,5.0,3.0,58.0,73.0,7.0,2.0,1.0,0.0,3.0,0.0,6.7,,,,,,,,,,,,,,,,,,
S002522,M00221,P0157,T011,45.0,,,0.0,,,,,,,,,,,3.0,1.0,3.0,34.0,63.0,4.0,3.0,1.0,0.0,0.0,0.0,7.5,,,,,,,,,,,,,,,,,,
S002523,M00221,P0145,T011,79.0,,,0.0,,,,,,,,,,,0.0,3.0,4.0,48.0,73.0,8.0,5.0,0.0,0.0,1.0,0.0,8.6,,,,,,,,,,,,,,,,,,
S002524,M00221,P0143,T010,46.0,,,1.0,,,,,,,,,,,1.0,4.0,2.0,40.0,88.0,5.0,1.0,2.0,0.0,3.0,8.0,6.3,,,,,,,,,,,,,,,,,,
S002525,M00221,P0134,T010,80.0,,,0.0,,,,,,,,,,,0.0,5.0,0.0,37.0,72.0,6.0,3.0,2.0,0.0,2.0,0.0,5.7,,,,,,,,,,,,,,,,,,
S002526,M00221,P0125,T010,86.0,,,0.0,,,,,,,,,,,0.0,2.0,1.0,41.0,84.0,4.0,1.0,2.0,0.0,4.0,3.0,8.4,,,,,,,,,,,,,,,,,,
S002527,M00221,P0144,T010,59.0,,,0.0,,,,,,,,,,,0.0,4.0,2.0,25.0,83.0,2.0,5.0,2.0,0.0,3.0,0.0,5.2,,,,,,,,,,,,,,,,,,
S002528,M00221,P0131,T010,86.0,,,0.0,,,,,,,,,,,2.0,1.0,4.0,45.0,89.0,3.0,2.0,2.0,0.0,0.0,0.0,5.4,,,,,,,,,,,,,,,,,,
S002529,M00221,P0141,T010,84.0,,,2.0,,,,,,,,,,,3.0,2.0,3.0,31.0,77.0,7.0,1.0,2.0,0.0,3.0,7.0,5.2,,,,,,,,,,,,,,,,,,
S002530,M00221,P0128,T010,82.0,,,2.0,,,,,,,,,,,0.0,3.0,3.0,44.0,64.0,4.0,2.0,1.0,0.0,2.0,7.0,9.3,,,,,,,,,,,,,,,,,,
S002531,M00221,P0137,T010,59.0,,,0.0,,,,,,,,,,,3.0,6.0,0.0,52.0,72.0,4.0,0.0,1.0,0.0,3.0,8.0,9.1,,,,,,,,,,,,,,,,,,
S002532,M00221,P0130,T010,82.0,,,0.0,,,,,,,,,,,0.0,4.0,0.0,28.0,67.0,7.0,2.0,1.0,0.0,2.0,0.0,9.0,,,,,,,,,,,,,,,,,,
S002533,M00221,P0126,T010,47.0,,,2.0,,,,,,,,,,,3.0,1.0,0.0,53.0,92.0,8.0,3.0,2.0,0.0,0.0,0.0,8.0,,,,,,,,,,,,,,,,,,
S002534,M00221,P0140,T010,72.0,,,1.0,,,,,,,,,,,0.0,2.0,4.0,39.0,71.0,3.0,3.0,0.0,0.0,0.0,0.0,5.5,,,,,,,,,,,,,,,,,,
S002535,M00222,P0112,T009,75.0,,,2.0,,,,,,,,,,,1.0,6.0,0.0,45.0,69.0,1.0,1.0,1.0,0.0,4.0,0.0,7.9,,,,,,,,,,,,,,,,,,
S002536,M00222,P0121,T009,79.0,,,2.0,,,,,,,,,,,2.0,1.0,2.0,46.0,64.0,6.0,0.0,2.0,0.0,0.0,0.0,8.2,,,,,,,,,,,,,,,,,,
S002537,M00222,P0114,T009,67.0,,,1.0,,,,,,,,,,,2.0,1.0,3.0,55.0,74.0,0.0,5.0,1.0,0.0,3.0,3.0,5.6,,,,,,,,,,,,,,,,,,
S002538,M00222,P0118,T009,65.0,,,2.0,,,,,,,,,,,2.0,3.0,3.0,11.0,91.0,1.0,3.0,2.0,0.0,2.0,0.0,7.5,,,,,,,,,,,,,,,,,,
S002539,M00222,P0117,T009,51.0,,,2.0,,,,,,,,,,,2.0,2.0,0.0,10.0,63.0,4.0,0.0,1.0,0.0,0.0,2.0,6.1,,,,,,,,,,,,,,,,,,
S002540,M00222,P0123,T009,52.0,,,2.0,,,,,,,,,,,0.0,3.0,2.0,59.0,62.0,7.0,4.0,1.0,0.0,3.0,0.0,7.4,,,,,,,,,,,,,,,,,,
S002541,M00222,P0119,T009,55.0,,,2.0,,,,,,,,,,,1.0,4.0,4.0,52.0,81.0,4.0,1.0,1.0,0.0,5.0,0.0,6.2,,,,,,,,,,,,,,,,,,
S002542,M00222,P0105,T009,82.0,,,2.0,,,,,,,,,,,3.0,6.0,4.0,19.0,83.0,1.0,5.0,2.0,0.0,1.0,0.0,8.7,,,,,,,,,,,,,,,,,,
S002543,M00222,P0106,T009,71.0,,,1.0,,,,,,,,,,,2.0,3.0,2.0,42.0,89.0,8.0,5.0,2.0,0.0,1.0,0.0,9.3,,,,,,,,,,,,,,,,,,
S002544,M00222,P0110,T009,75.0,,,0.0,,,,,,,,,,,0.0,6.0,2.0,22.0,69.0,5.0,5.0,2.0,0.0,3.0,0.0,8.1,,,,,,,,,,,,,,,,,,
S002545,M00222,P0109,T009,76.0,,,0.0,,,,,,,,,,,3.0,4.0,2.0,22.0,85.0,0.0,5.0,0.0,0.0,1.0,0.0,8.2,,,,,,,,,,,,,,,,,,
S002546,M00222,P0228,T014,71.0,,,1.0,,,,,,,,,,,3.0,3.0,2.0,19.0,90.0,0.0,3.0,0.0,1.0,3.0,0.0,7.6,,,,,,,,,,,,,,,,,,
S002547,M00222,P0221,T014,90.0,,,0.0,,,,,,,,,,,3.0,3.0,3.0,23.0,80.0,0.0,3.0,1.0,0.0,5.0,0.0,7.1,,,,,,,,,,,,,,,,,,
S002548,M00222,P0225,T014,81.0,,,2.0,,,,,,,,,,,0.0,2.0,1.0,42.0,95.0,1.0,3.0,2.0,0.0,3.0,0.0,5.6,,,,,,,,,,,,,,,,,,
S002549,M00222,P0231,T014,55.0,,,0.0,,,,,,,,,,,3.0,1.0,2.0,29.0,75.0,1.0,3.0,2.0,1.0,1.0,0.0,7.6,,,,,,,,,,,,,,,,,,
S002550,M00222,P0232,T014,65.0,,,1.0,,,,,,,,,,,2.0,2.0,3.0,18.0,81.0,6.0,0.0,1.0,0.0,3.0,0.0,9.4,,,,,,,,,,,,,,,,,,
S002551,M00222,P0244,T014,77.0,,,2.0,,,,,,,,,,,1.0,0.0,1.0,37.0,61.0,6.0,5.0,0.0,0.0,5.0,5.0,5.1,,,,,,,,,,,,,,,,,,
S002552,M00222,P0240,T014,56.0,,,0.0,,,,,,,,,,,3.0,1.0,2.0,11.0,90.0,3.0,0.0,0.0,0.0,5.0,0.0,5.2,,,,,,,,,,,,,,,,,,
S002553,M00222,P0229,T014,90.0,,,1.0,,,,,,,,,,,3.0,3.0,3.0,35.0,80.0,4.0,5.0,0.0,0.0,5.0,0.0,7.9,,,,,,,,,,,,,,,,,,
S002554,M00222,P0223,T014,62.0,,,2.0,,,,,,,,,,,1.0,5.0,0.0,54.0,86.0,4.0,1.0,1.0,0.0,1.0,0.0,9.3,,,,,,,,,,,,,,,,,,
S002555,M00222,P0226,T014,77.0,,,0.0,,,,,,,,,,,3.0,3.0,4.0,52.0,60.0,5.0,4.0,0.0,0.0,4.0,0.0,5.1,,,,,,,,,,,,,,,,,,
S002556,M00222,P0237,T014,66.0,,,0.0,,,,,,,,,,,3.0,1.0,0.0,24.0,84.0,7.0,4.0,2.0,0.0,2.0,5.0,6.5,,,,,,,,,,,,,,,,,,
S002557,M00224,P0287,T016,76.0,,,1.0,,,,,,,,,,,0.0,1.0,4.0,33.0,62.0,8.0,3.0,2.0,0.0,2.0,0.0,6.3,,,,,,,,,,,,,,,,,,
S002558,M00224,P0280,T016,53.0,,,1.0,,,,,,,,,,,1.0,5.0,4.0,47.0,94.0,6.0,5.0,0.0,0.0,2.0,0.0,7.5,,,,,,,,,,,,,,,,,,
S002559,M00224,P0289,T016,83.0,,,1.0,,,,,,,,,,,1.0,1.0,2.0,37.0,61.0,0.0,3.0,2.0,0.0,5.0,5.0,5.3,,,,,,,,,,,,,,,,,,
S002560,M00224,P0279,T016,50.0,,,2.0,,,,,,,,,,,3.0,6.0,3.0,54.0,83.0,1.0,4.0,0.0,0.0,4.0,0.0,6.1,,,,,,,,,,,,,,,,,,
S002561,M00224,P0286,T016,66.0,,,0.0,,,,,,,,,,,1.0,6.0,1.0,39.0,72.0,4.0,2.0,1.0,0.0,0.0,0.0,8.0,,,,,,,,,,,,,,,,,,
S002562,M00224,P0277,T016,84.0,,,1.0,,,,,,,,,,,3.0,5.0,1.0,17.0,72.0,4.0,3.0,0.0,0.0,5.0,0.0,6.7,,,,,,,,,,,,,,,,,,
S002563,M00224,P0276,T016,65.0,,,2.0,,,,,,,,,,,1.0,6.0,3.0,59.0,81.0,3.0,1.0,0.0,0.0,5.0,0.0,8.6,,,,,,,,,,,,,,,,,,
S002564,M00224,P0283,T016,73.0,,,2.0,,,,,,,,,,,0.0,5.0,4.0,16.0,60.0,1.0,2.0,2.0,0.0,1.0,0.0,7.6,,,,,,,,,,,,,,,,,,
S002565,M00224,P0293,T016,73.0,,,2.0,,,,,,,,,,,0.0,4.0,4.0,27.0,62.0,8.0,4.0,2.0,0.0,3.0,0.0,8.5,,,,,,,,,,,,,,,,,,
S002566,M00224,P0281,T016,64.0,,,0.0,,,,,,,,,,,0.0,3.0,4.0,17.0,91.0,3.0,0.0,2.0,0.0,0.0,5.0,7.3,,,,,,,,,,,,,,,,,,
S002567,M00224,P0291,T016,82.0,,,1.0,,,,,,,,,,,0.0,6.0,4.0,12.0,94.0,1.0,2.0,0.0,0.0,2.0,0.0,8.2,,,,,,,,,,,,,,,,,,
S002568,M00224,P0145,T011,86.0,,,2.0,,,,,,,,,,,3.0,4.0,0.0,50.0,71.0,1.0,1.0,0.0,0.0,5.0,0.0,6.9,,,,,,,,,,,,,,,,,,
S002569,M00224,P0155,T011,64.0,,,0.0,,,,,,,,,,,3.0,1.0,0.0,20.0,78.0,6.0,3.0,1.0,0.0,1.0,0.0,7.3,,,,,,,,,,,,,,,,,,
S002570,M00224,P0146,T011,54.0,,,2.0,,,,,,,,,,,2.0,4.0,1.0,35.0,70.0,0.0,3.0,1.0,0.0,4.0,4.0,7.6,,,,,,,,,,,,,,,,,,
S002571,M00224,P0162,T011,89.0,,,2.0,,,,,,,,,,,2.0,0.0,1.0,34.0,60.0,2.0,0.0,0.0,0.0,5.0,0.0,8.8,,,,,,,,,,,,,,,,,,
S002572,M00224,P0148,T011,72.0,,,1.0,,,,,,,,,,,2.0,5.0,2.0,41.0,67.0,6.0,3.0,1.0,0.0,4.0,0.0,7.8,,,,,,,,,,,,,,,,,,
S002573,M00224,P0164,T011,58.0,,,1.0,,,,,,,,,,,0.0,4.0,4.0,32.0,63.0,4.0,1.0,2.0,0.0,3.0,0.0,6.3,,,,,,,,,,,,,,,,,,
S002574,M00224,P0165,T011,51.0,,,1.0,,,,,,,,,,,3.0,2.0,0.0,43.0,84.0,2.0,5.0,2.0,0.0,2.0,0.0,5.9,,,,,,,,,,,,,,,,,,
S002575,M00224,P0151,T011,53.0,,,0.0,,,,,,,,,,,1.0,0.0,3.0,19.0,77.0,8.0,3.0,1.0,0.0,1.0,6.0,5.4,,,,,,,,,,,,,,,,,,
S002576,M00224,P0156,T011,58.0,,,1.0,,,,,,,,,,,2.0,3.0,2.0,30.0,94.0,6.0,0.0,2.0,0.0,5.0,0.0,6.5,,,,,,,,,,,,,,,,,,
S002577,M00224,P0163,T011,77.0,,,2.0,,,,,,,,,,,1.0,1.0,2.0,12.0,93.0,3.0,2.0,1.0,0.0,2.0,0.0,8.8,,,,,,,,,,,,,,,,,,
S002578,M00224,P0150,T011,88.0,,,2.0,,,,,,,,,,,3.0,4.0,2.0,46.0,94.0,8.0,0.0,2.0,0.0,3.0,0.0,7.8,,,,,,,,,,,,,,,,,,
S002579,M00226,P0231,T014,89.0,,,0.0,,,,,,,,,,,1.0,1.0,3.0,44.0,75.0,1.0,1.0,1.0,0.0,2.0,0.0,5.6,,,,,,,,,,,,,,,,,,
S002580,M00226,P0232,T014,58.0,,,1.0,,,,,,,,,,,2.0,5.0,3.0,45.0,62.0,2.0,1.0,2.0,0.0,3.0,0.0,7.2,,,,,,,,,,,,,,,,,,
S002581,M00226,P0239,T014,88.0,,,1.0,,,,,,,,,,,0.0,1.0,4.0,28.0,83.0,0.0,1.0,2.0,0.0,4.0,4.0,6.2,,,,,,,,,,,,,,,,,,
S002582,M00226,P0226,T014,59.0,,,2.0,,,,,,,,,,,2.0,1.0,2.0,16.0,78.0,3.0,4.0,0.0,0.0,1.0,0.0,5.8,,,,,,,,,,,,,,,,,,
S002583,M00226,P0225,T014,60.0,,,2.0,,,,,,,,,,,0.0,3.0,3.0,39.0,63.0,6.0,3.0,2.0,0.0,5.0,0.0,6.2,,,,,,,,,,,,,,,,,,
S002584,M00226,P0245,T014,75.0,,,0.0,,,,,,,,,,,1.0,5.0,0.0,15.0,63.0,4.0,0.0,2.0,0.0,2.0,0.0,6.1,,,,,,,,,,,,,,,,,,
S002585,M00226,P0243,T014,74.0,,,1.0,,,,,,,,,,,1.0,0.0,0.0,51.0,94.0,7.0,3.0,2.0,0.0,4.0,0.0,8.4,,,,,,,,,,,,,,,,,,
S002586,M00226,P0233,T014,86.0,,,0.0,,,,,,,,,,,1.0,6.0,2.0,19.0,68.0,5.0,1.0,2.0,0.0,4.0,0.0,5.6,,,,,,,,,,,,,,,,,,
S002587,M00226,P0224,T014,61.0,,,1.0,,,,,,,,,,,1.0,6.0,3.0,40.0,88.0,2.0,3.0,1.0,0.0,3.0,0.0,8.0,,,,,,,,,,,,,,,,,,
S002588,M00226,P0234,T014,48.0,,,0.0,,,,,,,,,,,1.0,5.0,4.0,43.0,82.0,2.0,0.0,0.0,0.0,2.0,0.0,7.4,,,,,,,,,,,,,,,,,,
S002589,M00226,P0238,T014,72.0,,,0.0,,,,,,,,,,,0.0,5.0,3.0,22.0,93.0,3.0,4.0,1.0,0.0,4.0,7.0,7.4,,,,,,,,,,,,,,,,,,
S002590,M00226,P0120,T009,80.0,,,1.0,,,,,,,,,,,1.0,5.0,4.0,60.0,79.0,7.0,3.0,0.0,0.0,4.0,0.0,8.2,,,,,,,,,,,,,,,,,,
S002591,M00226,P0113,T009,60.0,,,2.0,,,,,,,,,,,1.0,2.0,1.0,18.0,63.0,2.0,2.0,1.0,0.0,3.0,0.0,8.2,,,,,,,,,,,,,,,,,,
S002592,M00226,P0109,T009,90.0,,,2.0,,,,,,,,,,,3.0,2.0,3.0,57.0,88.0,7.0,4.0,2.0,0.0,4.0,0.0,9.5,,,,,,,,,,,,,,,,,,
S002593,M00226,P0104,T009,81.0,,,0.0,,,,,,,,,,,3.0,5.0,3.0,57.0,65.0,3.0,4.0,1.0,0.0,2.0,0.0,8.5,,,,,,,,,,,,,,,,,,
S002594,M00226,P0123,T009,65.0,,,2.0,,,,,,,,,,,1.0,0.0,0.0,55.0,95.0,5.0,5.0,1.0,0.0,5.0,0.0,6.5,,,,,,,,,,,,,,,,,,
S002595,M00226,P0118,T009,85.0,,,0.0,,,,,,,,,,,0.0,4.0,2.0,39.0,73.0,7.0,3.0,2.0,0.0,3.0,0.0,8.0,,,,,,,,,,,,,,,,,,
S002596,M00226,P0122,T009,77.0,,,1.0,,,,,,,,,,,3.0,2.0,4.0,49.0,91.0,7.0,4.0,0.0,0.0,4.0,0.0,7.8,,,,,,,,,,,,,,,,,,
S002597,M00226,P0115,T009,54.0,,,0.0,,,,,,,,,,,1.0,0.0,4.0,55.0,67.0,0.0,0.0,0.0,0.0,1.0,8.0,8.7,,,,,,,,,,,,,,,,,,
S002598,M00226,P0114,T009,87.0,,,2.0,,,,,,,,,,,3.0,0.0,3.0,21.0,80.0,1.0,2.0,1.0,0.0,2.0,1.0,6.1,,,,,,,,,,,,,,,,,,
S002599,M00226,P0117,T009,82.0,,,2.0,,,,,,,,,,,0.0,5.0,3.0,38.0,66.0,0.0,5.0,2.0,0.0,5.0,4.0,7.8,,,,,,,,,,,,,,,,,,
S002600,M00226,P0124,T009,67.0,,,0.0,,,,,,,,,,,3.0,2.0,1.0,52.0,71.0,7.0,5.0,2.0,0.0,5.0,0.0,8.1,,,,,,,,,,,,,,,,,,
S002601,M00227,P0179,T012,67.0,,,1.0,,,,,,,,,,,0.0,0.0,4.0,39.0,69.0,5.0,0.0,0.0,0.0,2.0,0.0,5.9,,,,,,,,,,,,,,,,,,
S002602,M00227,P0180,T012,60.0,,,0.0,,,,,,,,,,,2.0,3.0,3.0,33.0,88.0,7.0,3.0,1.0,0.0,5.0,0.0,8.5,,,,,,,,,,,,,,,,,,
S002603,M00227,P0178,T012,53.0,,,1.0,,,,,,,,,,,3.0,4.0,3.0,30.0,63.0,3.0,5.0,0.0,0.0,5.0,7.0,7.7,,,,,,,,,,,,,,,,,,
S002604,M00227,P0189,T012,61.0,,,1.0,,,,,,,,,,,0.0,3.0,0.0,50.0,71.0,8.0,0.0,1.0,0.0,5.0,0.0,9.5,,,,,,,,,,,,,,,,,,
S002605,M00227,P0188,T012,83.0,,,1.0,,,,,,,,,,,0.0,6.0,2.0,35.0,85.0,6.0,4.0,1.0,0.0,2.0,0.0,7.1,,,,,,,,,,,,,,,,,,
S002606,M00227,P0171,T012,50.0,,,0.0,,,,,,,,,,,3.0,6.0,1.0,28.0,74.0,5.0,3.0,1.0,0.0,1.0,0.0,8.5,,,,,,,,,,,,,,,,,,
S002607,M00227,P0186,T012,48.0,,,0.0,,,,,,,,,,,1.0,2.0,1.0,34.0,83.0,2.0,2.0,1.0,0.0,5.0,6.0,7.2,,,,,,,,,,,,,,,,,,
S002608,M00227,P0176,T012,65.0,,,1.0,,,,,,,,,,,0.0,4.0,0.0,57.0,63.0,7.0,1.0,2.0,0.0,5.0,4.0,8.7,,,,,,,,,,,,,,,,,,
S002609,M00227,P0183,T012,69.0,,,2.0,,,,,,,,,,,2.0,3.0,0.0,21.0,84.0,1.0,2.0,2.0,0.0,4.0,3.0,8.0,,,,,,,,,,,,,,,,,,
S002610,M00227,P0173,T012,87.0,,,0.0,,,,,,,,,,,1.0,6.0,4.0,35.0,71.0,7.0,2.0,1.0,0.0,2.0,3.0,7.6,,,,,,,,,,,,,,,,,,
S002611,M00227,P0168,T012,47.0,,,0.0,,,,,,,,,,,2.0,5.0,4.0,31.0,85.0,6.0,1.0,0.0,0.0,3.0,0.0,5.9,,,,,,,,,,,,,,,,,,
S002612,M00227,P0108,T009,90.0,,,1.0,,,,,,,,,,,0.0,6.0,4.0,16.0,65.0,3.0,5.0,2.0,0.0,1.0,0.0,8.9,,,,,,,,,,,,,,,,,,
S002613,M00227,P0107,T009,89.0,,,2.0,,,,,,,,,,,3.0,5.0,1.0,48.0,86.0,5.0,1.0,1.0,0.0,1.0,0.0,8.4,,,,,,,,,,,,,,,,,,
S002614,M00227,P0105,T009,83.0,,,2.0,,,,,,,,,,,2.0,5.0,4.0,35.0,88.0,7.0,3.0,2.0,0.0,2.0,0.0,6.3,,,,,,,,,,,,,,,,,,
S002615,M00227,P0115,T009,82.0,,,1.0,,,,,,,,,,,0.0,0.0,1.0,54.0,84.0,1.0,2.0,1.0,0.0,1.0,7.0,5.0,,,,,,,,,,,,,,,,,,
S002616,M00227,P0106,T009,87.0,,,2.0,,,,,,,,,,,1.0,1.0,1.0,59.0,66.0,3.0,1.0,1.0,0.0,1.0,0.0,7.1,,,,,,,,,,,,,,,,,,
S002617,M00227,P0116,T009,61.0,,,0.0,,,,,,,,,,,3.0,1.0,0.0,25.0,87.0,8.0,4.0,1.0,0.0,3.0,0.0,7.2,,,,,,,,,,,,,,,,,,
S002618,M00227,P0124,T009,89.0,,,2.0,,,,,,,,,,,1.0,4.0,0.0,43.0,77.0,2.0,5.0,2.0,0.0,0.0,0.0,8.3,,,,,,,,,,,,,,,,,,
S002619,M00227,P0104,T009,67.0,,,0.0,,,,,,,,,,,3.0,3.0,3.0,52.0,83.0,5.0,4.0,2.0,0.0,1.0,0.0,8.1,,,,,,,,,,,,,,,,,,
S002620,M00227,P0111,T009,68.0,,,2.0,,,,,,,,,,,1.0,4.0,2.0,45.0,91.0,0.0,3.0,0.0,0.0,5.0,0.0,5.7,,,,,,,,,,,,,,,,,,
S002621,M00227,P0112,T009,54.0,,,2.0,,,,,,,,,,,1.0,1.0,1.0,32.0,69.0,8.0,3.0,2.0,0.0,0.0,0.0,6.7,,,,,,,,,,,,,,,,,,
S002622,M00227,P0119,T009,57.0,,,2.0,,,,,,,,,,,2.0,5.0,3.0,29.0,91.0,2.0,3.0,2.0,0.0,5.0,0.0,7.2,,,,,,,,,,,,,,,,,,
S002623,M00228,P0117,T009,45.0,,,2.0,,,,,,,,,,,0.0,2.0,0.0,43.0,94.0,0.0,4.0,1.0,0.0,5.0,4.0,8.7,,,,,,,,,,,,,,,,,,
S002624,M00228,P0112,T009,67.0,,,2.0,,,,,,,,,,,0.0,5.0,2.0,44.0,67.0,0.0,2.0,2.0,0.0,0.0,0.0,7.5,,,,,,,,,,,,,,,,,,
S002625,M00228,P0115,T009,86.0,,,1.0,,,,,,,,,,,3.0,4.0,3.0,26.0,76.0,7.0,3.0,0.0,0.0,3.0,8.0,8.7,,,,,,,,,,,,,,,,,,
S002626,M00228,P0114,T009,80.0,,,1.0,,,,,,,,,,,3.0,1.0,3.0,60.0,78.0,6.0,2.0,0.0,0.0,1.0,4.0,8.7,,,,,,,,,,,,,,,,,,
S002627,M00228,P0105,T009,73.0,,,2.0,,,,,,,,,,,2.0,4.0,3.0,24.0,72.0,7.0,4.0,0.0,0.0,5.0,0.0,6.9,,,,,,,,,,,,,,,,,,
S002628,M00228,P0118,T009,55.0,,,2.0,,,,,,,,,,,0.0,0.0,2.0,10.0,71.0,3.0,3.0,1.0,0.0,5.0,0.0,7.2,,,,,,,,,,,,,,,,,,
S002629,M00228,P0121,T009,63.0,,,0.0,,,,,,,,,,,2.0,2.0,1.0,17.0,78.0,0.0,2.0,2.0,0.0,3.0,0.0,5.6,,,,,,,,,,,,,,,,,,
S002630,M00228,P0106,T009,71.0,,,2.0,,,,,,,,,,,0.0,3.0,4.0,37.0,70.0,1.0,2.0,1.0,0.0,3.0,0.0,7.0,,,,,,,,,,,,,,,,,,
S002631,M00228,P0123,T009,71.0,,,0.0,,,,,,,,,,,3.0,4.0,4.0,58.0,80.0,1.0,4.0,2.0,0.0,2.0,0.0,7.2,,,,,,,,,,,,,,,,,,
S002632,M00228,P0107,T009,59.0,,,1.0,,,,,,,,,,,3.0,2.0,1.0,49.0,88.0,8.0,4.0,1.0,0.0,2.0,0.0,7.3,,,,,,,,,,,,,,,,,,
S002633,M00228,P0120,T009,83.0,,,2.0,,,,,,,,,,,2.0,6.0,2.0,38.0,67.0,3.0,0.0,2.0,0.0,2.0,0.0,9.3,,,,,,,,,,,,,,,,,,
S002634,M00228,P0228,T014,75.0,,,1.0,,,,,,,,,,,2.0,3.0,3.0,27.0,75.0,7.0,5.0,0.0,0.0,1.0,0.0,7.3,,,,,,,,,,,,,,,,,,
S002635,M00228,P0243,T014,77.0,,,1.0,,,,,,,,,,,3.0,2.0,3.0,14.0,65.0,8.0,4.0,2.0,0.0,2.0,0.0,7.2,,,,,,,,,,,,,,,,,,
S002636,M00228,P0239,T014,87.0,,,0.0,,,,,,,,,,,1.0,5.0,1.0,48.0,62.0,0.0,0.0,1.0,0.0,2.0,4.0,6.6,,,,,,,,,,,,,,,,,,
S002637,M00228,P0232,T014,52.0,,,0.0,,,,,,,,,,,3.0,3.0,2.0,45.0,83.0,4.0,0.0,1.0,0.0,0.0,0.0,7.6,,,,,,,,,,,,,,,,,,
S002638,M00228,P0222,T014,62.0,,,0.0,,,,,,,,,,,2.0,2.0,3.0,18.0,90.0,1.0,1.0,0.0,0.0,1.0,0.0,9.2,,,,,,,,,,,,,,,,,,
S002639,M00228,P0233,T014,48.0,,,1.0,,,,,,,,,,,3.0,1.0,1.0,33.0,72.0,5.0,4.0,1.0,0.0,4.0,0.0,8.0,,,,,,,,,,,,,,,,,,
S002640,M00228,P0227,T014,46.0,,,0.0,,,,,,,,,,,3.0,4.0,1.0,56.0,67.0,6.0,0.0,2.0,0.0,3.0,0.0,8.4,,,,,,,,,,,,,,,,,,
S002641,M00228,P0238,T014,65.0,,,2.0,,,,,,,,,,,3.0,5.0,4.0,19.0,90.0,3.0,3.0,1.0,0.0,4.0,7.0,7.1,,,,,,,,,,,,,,,,,,
S002642,M00228,P0230,T014,82.0,,,1.0,,,,,,,,,,,1.0,6.0,3.0,36.0,61.0,7.0,5.0,2.0,1.0,4.0,0.0,8.6,,,,,,,,,,,,,,,,,,
S002643,M00228,P0225,T014,66.0,,,0.0,,,,,,,,,,,0.0,5.0,2.0,27.0,83.0,0.0,3.0,2.0,0.0,3.0,0.0,5.7,,,,,,,,,,,,,,,,,,
S002644,M00228,P0237,T014,84.0,,,2.0,,,,,,,,,,,0.0,0.0,0.0,38.0,74.0,2.0,5.0,0.0,0.0,1.0,7.0,7.3,,,,,,,,,,,,,,,,,,
S002645,M00231,P0206,T013,52.0,,,1.0,,,,,,,,,,,0.0,3.0,2.0,23.0,95.0,7.0,1.0,1.0,0.0,2.0,0.0,7.5,,,,,,,,,,,,,,,,,,
S002646,M00231,P0204,T013,90.0,,,2.0,,,,,,,,,,,3.0,0.0,4.0,52.0,92.0,4.0,0.0,1.0,0.0,2.0,0.0,8.4,,,,,,,,,,,,,,,,,,
S002647,M00231,P0207,T013,89.0,,,1.0,,,,,,,,,,,0.0,1.0,3.0,31.0,90.0,2.0,3.0,2.0,0.0,4.0,0.0,9.3,,,,,,,,,,,,,,,,,,
S002648,M00231,P0202,T013,47.0,,,2.0,,,,,,,,,,,3.0,5.0,0.0,32.0,65.0,3.0,0.0,1.0,0.0,3.0,0.0,5.8,,,,,,,,,,,,,,,,,,
S002649,M00231,P0195,T013,53.0,,,1.0,,,,,,,,,,,0.0,3.0,4.0,25.0,95.0,7.0,0.0,0.0,0.0,4.0,0.0,9.2,,,,,,,,,,,,,,,,,,
S002650,M00231,P0205,T013,59.0,,,2.0,,,,,,,,,,,3.0,6.0,4.0,59.0,69.0,1.0,2.0,2.0,0.0,2.0,0.0,5.4,,,,,,,,,,,,,,,,,,
S002651,M00231,P0218,T013,75.0,,,1.0,,,,,,,,,,,0.0,1.0,0.0,37.0,72.0,0.0,4.0,1.0,0.0,0.0,0.0,6.8,,,,,,,,,,,,,,,,,,
S002652,M00231,P0197,T013,61.0,,,1.0,,,,,,,,,,,1.0,6.0,4.0,17.0,87.0,7.0,1.0,0.0,0.0,3.0,0.0,6.5,,,,,,,,,,,,,,,,,,
S002653,M00231,P0219,T013,71.0,,,1.0,,,,,,,,,,,0.0,3.0,3.0,33.0,82.0,5.0,3.0,0.0,0.0,2.0,0.0,6.3,,,,,,,,,,,,,,,,,,
S002654,M00231,P0208,T013,45.0,,,2.0,,,,,,,,,,,2.0,6.0,3.0,40.0,68.0,5.0,0.0,1.0,0.0,2.0,8.0,7.9,,,,,,,,,,,,,,,,,,
S002655,M00231,P0216,T013,77.0,,,0.0,,,,,,,,,,,0.0,5.0,4.0,30.0,80.0,8.0,3.0,0.0,0.0,3.0,0.0,7.3,,,,,,,,,,,,,,,,,,
S002656,M00231,P0191,T012,52.0,,,1.0,,,,,,,,,,,0.0,0.0,2.0,13.0,89.0,4.0,4.0,0.0,0.0,3.0,0.0,5.1,,,,,,,,,,,,,,,,,,
S002657,M00231,P0178,T012,87.0,,,1.0,,,,,,,,,,,0.0,6.0,0.0,15.0,81.0,5.0,5.0,1.0,0.0,0.0,3.0,7.9,,,,,,,,,,,,,,,,,,
S002658,M00231,P0192,T012,46.0,,,1.0,,,,,,,,,,,2.0,5.0,2.0,12.0,62.0,0.0,2.0,1.0,0.0,0.0,0.0,9.3,,,,,,,,,,,,,,,,,,
S002659,M00231,P0182,T012,80.0,,,0.0,,,,,,,,,,,1.0,5.0,3.0,11.0,85.0,0.0,5.0,1.0,0.0,2.0,0.0,7.8,,,,,,,,,,,,,,,,,,
S002660,M00231,P0187,T012,66.0,,,2.0,,,,,,,,,,,3.0,2.0,4.0,12.0,74.0,6.0,1.0,2.0,0.0,2.0,0.0,7.2,,,,,,,,,,,,,,,,,,
S002661,M00231,P0171,T012,55.0,,,1.0,,,,,,,,,,,2.0,2.0,4.0,57.0,66.0,7.0,0.0,2.0,0.0,1.0,0.0,6.6,,,,,,,,,,,,,,,,,,
S002662,M00231,P0168,T012,63.0,,,1.0,,,,,,,,,,,1.0,2.0,4.0,50.0,86.0,6.0,5.0,0.0,0.0,0.0,0.0,8.5,,,,,,,,,,,,,,,,,,
S002663,M00231,P0183,T012,47.0,,,1.0,,,,,,,,,,,2.0,1.0,4.0,55.0,95.0,0.0,2.0,2.0,0.0,5.0,8.0,8.9,,,,,,,,,,,,,,,,,,
S002664,M00231,P0167,T012,79.0,,,1.0,,,,,,,,,,,3.0,5.0,1.0,30.0,66.0,4.0,0.0,2.0,0.0,0.0,0.0,8.3,,,,,,,,,,,,,,,,,,
S002665,M00231,P0189,T012,48.0,,,0.0,,,,,,,,,,,3.0,0.0,3.0,10.0,92.0,1.0,3.0,1.0,0.0,4.0,0.0,5.5,,,,,,,,,,,,,,,,,,
S002666,M00231,P0176,T012,46.0,,,2.0,,,,,,,,,,,1.0,4.0,2.0,34.0,66.0,2.0,4.0,0.0,0.0,0.0,6.0,6.1,,,,,,,,,,,,,,,,,,
S002667,M00232,P0254,T015,71.0,,,0.0,,,,,,,,,,,0.0,3.0,3.0,47.0,92.0,7.0,3.0,0.0,0.0,1.0,0.0,8.5,,,,,,,,,,,,,,,,,,
S002668,M00232,P0259,T015,82.0,,,1.0,,,,,,,,,,,2.0,6.0,4.0,29.0,91.0,4.0,2.0,0.0,0.0,5.0,0.0,7.5,,,,,,,,,,,,,,,,,,
S002669,M00232,P0258,T015,77.0,,,0.0,,,,,,,,,,,3.0,3.0,1.0,51.0,74.0,1.0,2.0,1.0,0.0,3.0,0.0,9.0,,,,,,,,,,,,,,,,,,
S002670,M00232,P0250,T015,56.0,,,0.0,,,,,,,,,,,3.0,2.0,2.0,38.0,65.0,6.0,2.0,0.0,0.0,2.0,0.0,8.4,,,,,,,,,,,,,,,,,,
S002671,M00232,P0257,T015,68.0,,,1.0,,,,,,,,,,,1.0,2.0,2.0,32.0,92.0,2.0,4.0,1.0,0.0,2.0,0.0,8.3,,,,,,,,,,,,,,,,,,
S002672,M00232,P0260,T015,68.0,,,0.0,,,,,,,,,,,2.0,5.0,4.0,17.0,74.0,7.0,4.0,0.0,0.0,4.0,0.0,7.2,,,,,,,,,,,,,,,,,,
S002673,M00232,P0253,T015,72.0,,,0.0,,,,,,,,,,,1.0,4.0,1.0,45.0,72.0,7.0,1.0,2.0,0.0,2.0,0.0,8.3,,,,,,,,,,,,,,,,,,
S002674,M00232,P0249,T015,64.0,,,1.0,,,,,,,,,,,1.0,5.0,3.0,10.0,91.0,4.0,5.0,2.0,0.0,3.0,0.0,6.2,,,,,,,,,,,,,,,,,,
S002675,M00232,P0272,T015,62.0,,,0.0,,,,,,,,,,,0.0,3.0,0.0,22.0,82.0,3.0,2.0,0.0,0.0,2.0,0.0,6.7,,,,,,,,,,,,,,,,,,
S002676,M00232,P0271,T015,80.0,,,0.0,,,,,,,,,,,1.0,6.0,3.0,56.0,69.0,1.0,1.0,2.0,0.0,0.0,0.0,8.9,,,,,,,,,,,,,,,,,,
S002677,M00232,P0269,T015,68.0,,,0.0,,,,,,,,,,,2.0,6.0,0.0,46.0,82.0,4.0,1.0,2.0,0.0,1.0,0.0,8.9,,,,,,,,,,,,,,,,,,
S002678,M00232,P0135,T010,73.0,,,1.0,,,,,,,,,,,1.0,0.0,1.0,35.0,72.0,3.0,2.0,0.0,0.0,1.0,0.0,8.0,,,,,,,,,,,,,,,,,,
S002679,M00232,P0125,T010,58.0,,,2.0,,,,,,,,,,,3.0,0.0,1.0,19.0,86.0,7.0,1.0,1.0,0.0,1.0,6.0,5.6,,,,,,,,,,,,,,,,,,
S002680,M00232,P0136,T010,73.0,,,1.0,,,,,,,,,,,3.0,2.0,3.0,49.0,81.0,8.0,4.0,0.0,0.0,2.0,0.0,8.4,,,,,,,,,,,,,,,,,,
S002681,M00232,P0137,T010,79.0,,,2.0,,,,,,,,,,,3.0,5.0,3.0,58.0,78.0,2.0,4.0,1.0,0.0,4.0,3.0,8.5,,,,,,,,,,,,,,,,,,
S002682,M00232,P0126,T010,57.0,,,1.0,,,,,,,,,,,3.0,2.0,3.0,20.0,85.0,6.0,4.0,1.0,0.0,4.0,0.0,9.3,,,,,,,,,,,,,,,,,,
S002683,M00232,P0133,T010,45.0,,,0.0,,,,,,,,,,,2.0,3.0,3.0,38.0,92.0,3.0,1.0,0.0,0.0,3.0,0.0,5.6,,,,,,,,,,,,,,,,,,
S002684,M00232,P0129,T010,90.0,,,0.0,,,,,,,,,,,1.0,3.0,3.0,48.0,60.0,5.0,1.0,1.0,0.0,1.0,0.0,7.5,,,,,,,,,,,,,,,,,,
S002685,M00232,P0144,T010,79.0,,,0.0,,,,,,,,,,,1.0,1.0,0.0,51.0,80.0,1.0,4.0,0.0,0.0,3.0,0.0,6.3,,,,,,,,,,,,,,,,,,
S002686,M00232,P0139,T010,45.0,,,0.0,,,,,,,,,,,1.0,3.0,1.0,44.0,63.0,1.0,4.0,0.0,0.0,5.0,0.0,8.3,,,,,,,,,,,,,,,,,,
S002687,M00232,P0127,T010,84.0,,,0.0,,,,,,,,,,,2.0,0.0,0.0,32.0,77.0,3.0,4.0,1.0,0.0,0.0,0.0,6.6,,,,,,,,,,,,,,,,,,
S002688,M00232,P0143,T010,60.0,,,0.0,,,,,,,,,,,2.0,6.0,2.0,47.0,65.0,0.0,5.0,1.0,0.0,0.0,8.0,6.9,,,,,,,,,,,,,,,,,,
S002689,M00235,P0251,T015,86.0,,,0.0,,,,,,,,,,,1.0,2.0,3.0,45.0,68.0,2.0,2.0,0.0,0.0,4.0,2.0,8.9,,,,,,,,,,,,,,,,,,
S002690,M00235,P0253,T015,72.0,,,0.0,,,,,,,,,,,0.0,2.0,0.0,36.0,68.0,1.0,0.0,2.0,0.0,0.0,0.0,6.5,,,,,,,,,,,,,,,,,,
S002691,M00235,P0268,T015,75.0,,,2.0,,,,,,,,,,,3.0,0.0,3.0,18.0,93.0,1.0,0.0,2.0,1.0,3.0,0.0,7.9,,,,,,,,,,,,,,,,,,
S002692,M00235,P0258,T015,56.0,,,2.0,,,,,,,,,,,3.0,3.0,3.0,33.0,63.0,8.0,1.0,1.0,0.0,3.0,8.0,9.2,,,,,,,,,,,,,,,,,,
S002693,M00235,P0257,T015,88.0,,,0.0,,,,,,,,,,,1.0,2.0,0.0,38.0,74.0,7.0,1.0,0.0,0.0,3.0,0.0,5.4,,,,,,,,,,,,,,,,,,
S002694,M00235,P0247,T015,62.0,,,2.0,,,,,,,,,,,1.0,0.0,1.0,49.0,60.0,2.0,0.0,0.0,0.0,5.0,0.0,8.0,,,,,,,,,,,,,,,,,,
S002695,M00235,P0255,T015,56.0,,,0.0,,,,,,,,,,,3.0,3.0,0.0,50.0,71.0,4.0,3.0,1.0,0.0,2.0,0.0,9.0,,,,,,,,,,,,,,,,,,
S002696,M00235,P0272,T015,73.0,,,0.0,,,,,,,,,,,1.0,1.0,1.0,39.0,74.0,8.0,0.0,1.0,0.0,1.0,0.0,7.7,,,,,,,,,,,,,,,,,,
S002697,M00235,P0270,T015,58.0,,,0.0,,,,,,,,,,,1.0,4.0,3.0,52.0,71.0,5.0,2.0,0.0,0.0,4.0,0.0,8.0,,,,,,,,,,,,,,,,,,
S002698,M00235,P0250,T015,88.0,,,2.0,,,,,,,,,,,1.0,5.0,2.0,41.0,83.0,4.0,1.0,2.0,0.0,4.0,0.0,6.8,,,,,,,,,,,,,,,,,,
S002699,M00235,P0259,T015,64.0,,,2.0,,,,,,,,,,,2.0,2.0,3.0,44.0,63.0,0.0,3.0,2.0,0.0,4.0,0.0,5.8,,,,,,,,,,,,,,,,,,
S002700,M00235,P0133,T010,68.0,,,2.0,,,,,,,,,,,2.0,0.0,2.0,31.0,94.0,3.0,4.0,1.0,0.0,0.0,0.0,8.9,,,,,,,,,,,,,,,,,,
S002701,M00235,P0138,T010,76.0,,,0.0,,,,,,,,,,,3.0,4.0,4.0,13.0,72.0,1.0,3.0,0.0,0.0,0.0,0.0,8.6,,,,,,,,,,,,,,,,,,
S002702,M00235,P0131,T010,68.0,,,1.0,,,,,,,,,,,0.0,1.0,1.0,25.0,67.0,5.0,5.0,1.0,0.0,2.0,0.0,5.1,,,,,,,,,,,,,,,,,,
S002703,M00235,P0137,T010,48.0,,,1.0,,,,,,,,,,,0.0,3.0,0.0,15.0,72.0,3.0,2.0,0.0,0.0,3.0,2.0,9.4,,,,,,,,,,,,,,,,,,
S002704,M00235,P0143,T010,69.0,,,2.0,,,,,,,,,,,0.0,4.0,1.0,14.0,84.0,4.0,1.0,1.0,0.0,1.0,3.0,5.5,,,,,,,,,,,,,,,,,,
S002705,M00235,P0134,T010,51.0,,,0.0,,,,,,,,,,,2.0,4.0,1.0,22.0,66.0,0.0,0.0,1.0,0.0,3.0,0.0,5.5,,,,,,,,,,,,,,,,,,
S002706,M00235,P0140,T010,82.0,,,1.0,,,,,,,,,,,2.0,3.0,2.0,12.0,81.0,1.0,4.0,2.0,0.0,2.0,0.0,5.1,,,,,,,,,,,,,,,,,,
S002707,M00235,P0144,T010,49.0,,,0.0,,,,,,,,,,,0.0,6.0,2.0,36.0,88.0,3.0,5.0,1.0,0.0,3.0,0.0,9.5,,,,,,,,,,,,,,,,,,
S002708,M00235,P0128,T010,68.0,,,0.0,,,,,,,,,,,2.0,3.0,3.0,25.0,83.0,2.0,2.0,0.0,0.0,0.0,2.0,8.2,,,,,,,,,,,,,,,,,,
S002709,M00235,P0132,T010,78.0,,,1.0,,,,,,,,,,,3.0,0.0,0.0,35.0,86.0,5.0,5.0,1.0,0.0,2.0,0.0,7.6,,,,,,,,,,,,,,,,,,
S002710,M00235,P0130,T010,57.0,,,1.0,,,,,,,,,,,2.0,3.0,3.0,28.0,65.0,4.0,4.0,0.0,0.0,0.0,0.0,7.2,,,,,,,,,,,,,,,,,,
S002711,M00237,P0226,T014,52.0,,,2.0,,,,,,,,,,,2.0,3.0,4.0,49.0,93.0,1.0,3.0,2.0,0.0,1.0,0.0,5.4,,,,,,,,,,,,,,,,,,
S002712,M00237,P0224,T014,51.0,,,0.0,,,,,,,,,,,2.0,0.0,0.0,26.0,70.0,4.0,0.0,0.0,0.0,4.0,0.0,6.4,,,,,,,,,,,,,,,,,,
S002713,M00237,P0244,T014,68.0,,,1.0,,,,,,,,,,,2.0,3.0,1.0,14.0,73.0,7.0,0.0,2.0,0.0,5.0,4.0,5.4,,,,,,,,,,,,,,,,,,
S002714,M00237,P0242,T014,45.0,,,1.0,,,,,,,,,,,3.0,4.0,2.0,29.0,80.0,0.0,4.0,1.0,0.0,0.0,0.0,5.9,,,,,,,,,,,,,,,,,,
S002715,M00237,P0235,T014,45.0,,,2.0,,,,,,,,,,,0.0,6.0,0.0,41.0,85.0,1.0,3.0,0.0,0.0,1.0,0.0,7.9,,,,,,,,,,,,,,,,,,
S002716,M00237,P0239,T014,47.0,,,0.0,,,,,,,,,,,0.0,5.0,1.0,38.0,73.0,8.0,1.0,0.0,0.0,4.0,1.0,7.0,,,,,,,,,,,,,,,,,,
S002717,M00237,P0240,T014,46.0,,,1.0,,,,,,,,,,,1.0,3.0,4.0,34.0,82.0,6.0,2.0,0.0,0.0,4.0,0.0,5.3,,,,,,,,,,,,,,,,,,
S002718,M00237,P0241,T014,86.0,,,1.0,,,,,,,,,,,2.0,6.0,1.0,59.0,85.0,0.0,5.0,1.0,0.0,1.0,4.0,5.3,,,,,,,,,,,,,,,,,,
S002719,M00237,P0231,T014,71.0,,,0.0,,,,,,,,,,,2.0,2.0,1.0,29.0,64.0,1.0,2.0,1.0,0.0,2.0,0.0,8.0,,,,,,,,,,,,,,,,,,
S002720,M00237,P0225,T014,72.0,,,1.0,,,,,,,,,,,1.0,6.0,4.0,19.0,68.0,3.0,0.0,2.0,0.0,2.0,0.0,5.6,,,,,,,,,,,,,,,,,,
S002721,M00237,P0232,T014,49.0,,,1.0,,,,,,,,,,,0.0,4.0,2.0,35.0,63.0,3.0,4.0,2.0,0.0,0.0,0.0,7.8,,,,,,,,,,,,,,,,,,
S002722,M00237,P0205,T013,76.0,,,1.0,,,,,,,,,,,2.0,2.0,2.0,22.0,74.0,1.0,3.0,1.0,0.0,2.0,0.0,5.0,,,,,,,,,,,,,,,,,,
S002723,M00237,P0214,T013,47.0,,,2.0,,,,,,,,,,,2.0,6.0,2.0,16.0,66.0,3.0,3.0,2.0,0.0,1.0,0.0,7.9,,,,,,,,,,,,,,,,,,
S002724,M00237,P0199,T013,63.0,,,2.0,,,,,,,,,,,3.0,6.0,1.0,50.0,66.0,0.0,3.0,2.0,0.0,5.0,0.0,7.9,,,,,,,,,,,,,,,,,,
S002725,M00237,P0202,T013,79.0,,,2.0,,,,,,,,,,,3.0,6.0,2.0,38.0,84.0,0.0,0.0,2.0,0.0,4.0,0.0,6.0,,,,,,,,,,,,,,,,,,
S002726,M00237,P0203,T013,45.0,,,0.0,,,,,,,,,,,2.0,5.0,2.0,50.0,77.0,4.0,3.0,1.0,0.0,1.0,3.0,6.2,,,,,,,,,,,,,,,,,,
S002727,M00237,P0208,T013,59.0,,,2.0,,,,,,,,,,,2.0,6.0,4.0,40.0,75.0,6.0,4.0,1.0,0.0,5.0,6.0,7.3,,,,,,,,,,,,,,,,,,
S002728,M00237,P0207,T013,68.0,,,1.0,,,,,,,,,,,1.0,6.0,1.0,14.0,90.0,5.0,0.0,1.0,1.0,4.0,0.0,6.0,,,,,,,,,,,,,,,,,,
S002729,M00237,P0219,T013,46.0,,,2.0,,,,,,,,,,,0.0,0.0,4.0,30.0,85.0,8.0,4.0,2.0,0.0,5.0,0.0,5.1,,,,,,,,,,,,,,,,,,
S002730,M00237,P0217,T013,84.0,,,0.0,,,,,,,,,,,2.0,4.0,0.0,30.0,82.0,0.0,4.0,1.0,0.0,4.0,2.0,7.3,,,,,,,,,,,,,,,,,,
S002731,M00237,P0197,T013,78.0,,,1.0,,,,,,,,,,,2.0,5.0,1.0,34.0,85.0,8.0,0.0,1.0,0.0,5.0,0.0,9.0,,,,,,,,,,,,,,,,,,
S002732,M00237,P0218,T013,83.0,,,1.0,,,,,,,,,,,1.0,0.0,3.0,50.0,66.0,1.0,4.0,1.0,0.0,0.0,0.0,8.7,,,,,,,,,,,,,,,,,,
S002733,M00238,P0243,T014,77.0,,,0.0,,,,,,,,,,,1.0,6.0,0.0,19.0,67.0,7.0,4.0,1.0,0.0,4.0,0.0,5.7,,,,,,,,,,,,,,,,,,
S002734,M00238,P0245,T014,55.0,,,0.0,,,,,,,,,,,1.0,0.0,1.0,31.0,84.0,7.0,3.0,0.0,0.0,5.0,0.0,8.2,,,,,,,,,,,,,,,,,,
S002735,M00238,P0240,T014,58.0,,,1.0,,,,,,,,,,,2.0,0.0,3.0,21.0,89.0,1.0,2.0,0.0,0.0,1.0,0.0,7.2,,,,,,,,,,,,,,,,,,
S002736,M00238,P0232,T014,90.0,,,0.0,,,,,,,,,,,3.0,1.0,1.0,30.0,91.0,3.0,5.0,1.0,0.0,1.0,0.0,9.1,,,,,,,,,,,,,,,,,,
S002737,M00238,P0225,T014,51.0,,,2.0,,,,,,,,,,,2.0,1.0,0.0,48.0,76.0,2.0,0.0,1.0,0.0,3.0,0.0,6.2,,,,,,,,,,,,,,,,,,
S002738,M00238,P0235,T014,68.0,,,0.0,,,,,,,,,,,3.0,4.0,4.0,28.0,69.0,5.0,0.0,2.0,0.0,4.0,0.0,5.6,,,,,,,,,,,,,,,,,,
S002739,M00238,P0236,T014,66.0,,,2.0,,,,,,,,,,,1.0,6.0,0.0,59.0,83.0,5.0,5.0,2.0,0.0,3.0,7.0,7.7,,,,,,,,,,,,,,,,,,
S002740,M00238,P0220,T014,90.0,,,1.0,,,,,,,,,,,1.0,2.0,1.0,41.0,73.0,7.0,4.0,1.0,0.0,1.0,0.0,7.3,,,,,,,,,,,,,,,,,,
S002741,M00238,P0239,T014,85.0,,,1.0,,,,,,,,,,,0.0,5.0,0.0,18.0,69.0,1.0,1.0,1.0,0.0,5.0,1.0,6.1,,,,,,,,,,,,,,,,,,
S002742,M00238,P0221,T014,58.0,,,0.0,,,,,,,,,,,0.0,0.0,3.0,31.0,72.0,5.0,5.0,0.0,0.0,2.0,0.0,6.8,,,,,,,,,,,,,,,,,,
S002743,M00238,P0242,T014,81.0,,,2.0,,,,,,,,,,,2.0,6.0,2.0,55.0,66.0,2.0,1.0,0.0,0.0,1.0,0.0,5.8,,,,,,,,,,,,,,,,,,
S002744,M00238,P0130,T010,81.0,,,0.0,,,,,,,,,,,2.0,4.0,0.0,25.0,90.0,0.0,4.0,1.0,0.0,3.0,0.0,9.3,,,,,,,,,,,,,,,,,,
S002745,M00238,P0126,T010,58.0,,,2.0,,,,,,,,,,,3.0,1.0,0.0,24.0,67.0,6.0,5.0,2.0,0.0,3.0,0.0,7.9,,,,,,,,,,,,,,,,,,
S002746,M00238,P0142,T010,78.0,,,2.0,,,,,,,,,,,0.0,6.0,4.0,23.0,88.0,1.0,2.0,0.0,0.0,0.0,0.0,9.2,,,,,,,,,,,,,,,,,,
S002747,M00238,P0140,T010,79.0,,,1.0,,,,,,,,,,,2.0,5.0,4.0,44.0,95.0,3.0,4.0,0.0,0.0,5.0,0.0,6.3,,,,,,,,,,,,,,,,,,
S002748,M00238,P0132,T010,86.0,,,2.0,,,,,,,,,,,3.0,6.0,1.0,44.0,67.0,1.0,1.0,0.0,0.0,5.0,0.0,6.1,,,,,,,,,,,,,,,,,,
S002749,M00238,P0133,T010,62.0,,,0.0,,,,,,,,,,,3.0,2.0,2.0,30.0,79.0,0.0,3.0,1.0,0.0,0.0,0.0,5.1,,,,,,,,,,,,,,,,,,
S002750,M00238,P0137,T010,59.0,,,1.0,,,,,,,,,,,2.0,5.0,4.0,43.0,68.0,3.0,2.0,2.0,0.0,5.0,1.0,8.5,,,,,,,,,,,,,,,,,,
S002751,M00238,P0144,T010,46.0,,,2.0,,,,,,,,,,,1.0,5.0,1.0,43.0,80.0,0.0,1.0,2.0,0.0,2.0,0.0,7.2,,,,,,,,,,,,,,,,,,
S002752,M00238,P0136,T010,82.0,,,1.0,,,,,,,,,,,1.0,4.0,3.0,57.0,82.0,3.0,3.0,0.0,1.0,3.0,0.0,8.5,,,,,,,,,,,,,,,,,,
S002753,M00238,P0141,T010,51.0,,,0.0,,,,,,,,,,,2.0,1.0,0.0,38.0,61.0,6.0,3.0,1.0,0.0,3.0,0.0,7.9,,,,,,,,,,,,,,,,,,
S002754,M00238,P0125,T010,87.0,,,0.0,,,,,,,,,,,3.0,6.0,1.0,15.0,66.0,1.0,5.0,1.0,0.0,0.0,5.0,6.5,,,,,,,,,,,,,,,,,,
S002755,M00240,P0202,T013,76.0,,,2.0,,,,,,,,,,,3.0,0.0,3.0,10.0,73.0,7.0,4.0,2.0,0.0,0.0,0.0,6.9,,,,,,,,,,,,,,,,,,
S002756,M00240,P0195,T013,79.0,,,0.0,,,,,,,,,,,1.0,0.0,2.0,33.0,93.0,2.0,0.0,1.0,0.0,0.0,0.0,6.8,,,,,,,,,,,,,,,,,,
S002757,M00240,P0214,T013,62.0,,,2.0,,,,,,,,,,,3.0,2.0,1.0,29.0,87.0,8.0,2.0,1.0,0.0,2.0,0.0,9.0,,,,,,,,,,,,,,,,,,
S002758,M00240,P0219,T013,65.0,,,1.0,,,,,,,,,,,0.0,2.0,1.0,46.0,61.0,5.0,5.0,0.0,0.0,3.0,0.0,7.8,,,,,,,,,,,,,,,,,,
S002759,M00240,P0210,T013,52.0,,,0.0,,,,,,,,,,,1.0,6.0,3.0,20.0,62.0,5.0,3.0,2.0,0.0,4.0,0.0,5.1,,,,,,,,,,,,,,,,,,
S002760,M00240,P0201,T013,59.0,,,2.0,,,,,,,,,,,2.0,5.0,2.0,10.0,94.0,1.0,4.0,2.0,0.0,3.0,0.0,7.4,,,,,,,,,,,,,,,,,,
S002761,M00240,P0198,T013,61.0,,,1.0,,,,,,,,,,,2.0,3.0,2.0,55.0,88.0,8.0,0.0,2.0,0.0,2.0,0.0,9.5,,,,,,,,,,,,,,,,,,
S002762,M00240,P0217,T013,47.0,,,1.0,,,,,,,,,,,2.0,0.0,2.0,15.0,83.0,5.0,3.0,1.0,0.0,2.0,0.0,7.5,,,,,,,,,,,,,,,,,,
S002763,M00240,P0203,T013,56.0,,,0.0,,,,,,,,,,,0.0,5.0,3.0,51.0,91.0,5.0,4.0,2.0,0.0,1.0,0.0,9.2,,,,,,,,,,,,,,,,,,
S002764,M00240,P0196,T013,46.0,,,0.0,,,,,,,,,,,0.0,2.0,0.0,29.0,62.0,5.0,5.0,2.0,0.0,3.0,0.0,7.8,,,,,,,,,,,,,,,,,,
S002765,M00240,P0213,T013,46.0,,,1.0,,,,,,,,,,,0.0,6.0,2.0,37.0,82.0,4.0,4.0,1.0,0.0,0.0,0.0,5.1,,,,,,,,,,,,,,,,,,
S002766,M00240,P0154,T011,78.0,,,1.0,,,,,,,,,,,1.0,5.0,4.0,38.0,82.0,2.0,2.0,1.0,0.0,4.0,0.0,7.6,,,,,,,,,,,,,,,,,,
S002767,M00240,P0146,T011,54.0,,,1.0,,,,,,,,,,,2.0,3.0,1.0,30.0,88.0,6.0,0.0,0.0,0.0,4.0,0.0,8.1,,,,,,,,,,,,,,,,,,
S002768,M00240,P0145,T011,83.0,,,2.0,,,,,,,,,,,2.0,0.0,0.0,42.0,67.0,2.0,5.0,0.0,0.0,3.0,0.0,6.6,,,,,,,,,,,,,,,,,,
S002769,M00240,P0166,T011,88.0,,,0.0,,,,,,,,,,,2.0,4.0,0.0,33.0,81.0,0.0,2.0,0.0,0.0,0.0,0.0,7.0,,,,,,,,,,,,,,,,,,
S002770,M00240,P0158,T011,49.0,,,1.0,,,,,,,,,,,3.0,0.0,3.0,53.0,77.0,7.0,3.0,2.0,0.0,1.0,0.0,8.7,,,,,,,,,,,,,,,,,,
S002771,M00240,P0153,T011,51.0,,,2.0,,,,,,,,,,,0.0,1.0,1.0,54.0,75.0,1.0,4.0,1.0,0.0,0.0,0.0,5.7,,,,,,,,,,,,,,,,,,
S002772,M00240,P0156,T011,64.0,,,0.0,,,,,,,,,,,3.0,3.0,4.0,26.0,78.0,4.0,3.0,2.0,0.0,2.0,0.0,8.4,,,,,,,,,,,,,,,,,,
S002773,M00240,P0149,T011,86.0,,,1.0,,,,,,,,,,,1.0,5.0,2.0,15.0,94.0,3.0,1.0,2.0,0.0,0.0,0.0,8.9,,,,,,,,,,,,,,,,,,
S002774,M00240,P0163,T011,60.0,,,2.0,,,,,,,,,,,3.0,1.0,2.0,57.0,77.0,7.0,5.0,2.0,0.0,1.0,0.0,8.5,,,,,,,,,,,,,,,,,,
S002775,M00240,P0152,T011,74.0,,,2.0,,,,,,,,,,,2.0,0.0,2.0,29.0,93.0,4.0,0.0,0.0,0.0,2.0,6.0,6.5,,,,,,,,,,,,,,,,,,
S002776,M00240,P0151,T011,79.0,,,1.0,,,,,,,,,,,2.0,1.0,4.0,19.0,78.0,8.0,5.0,2.0,0.0,0.0,7.0,8.4,,,,,,,,,,,,,,,,,,
S002777,M00241,P0345,T019,,16.0,,,,3.0,,,,,,,,,,,,,,,,,,,,,4.0,6.0,7.0,13.0,1.0,11.0,3.0,66.0,1.0,,,,,,,,,
S002778,M00241,P0342,T019,,14.0,,,,2.0,,,,,,,,,,,,,,,,,,,,,5.0,8.0,8.0,22.0,4.0,14.0,9.0,58.0,6.0,,,,,,,,,
S002779,M00241,P0340,T019,,13.0,,,,6.0,,,,,,,,,,,,,,,,,,,,,4.0,18.0,13.0,6.0,5.0,2.0,18.0,37.0,3.0,,,,,,,,,
S002780,M00241,P0344,T019,,5.0,,,,4.0,,,,,,,,,,,,,,,,,,,,,3.0,17.0,15.0,9.0,2.0,6.0,3.0,58.0,6.0,,,,,,,,,
S002781,M00241,P0343,T019,,15.0,,,,5.0,,,,,,,,,,,,,,,,,,,,,5.0,5.0,10.0,18.0,3.0,10.0,18.0,37.0,0.0,,,,,,,,,
S002782,M00241,P0337,T019,,20.0,,,,3.0,,,,,,,,,,,,,,,,,,,,,3.0,18.0,13.0,23.0,5.0,13.0,15.0,32.0,4.0,,,,,,,,,
S002783,M00241,P0336,T019,,25.0,,,,7.0,,,,,,,,,,,,,,,,,,,,,3.0,19.0,9.0,8.0,2.0,1.0,11.0,81.0,7.0,,,,,,,,,
S002784,M00241,P0334,T019,,1.0,,,,0.0,,,,,,,,,,,,,,,,,,,,,4.0,9.0,7.0,7.0,2.0,11.0,9.0,46.0,4.0,,,,,,,,,
S002785,M00241,P0341,T019,,20.0,,,,8.0,,,,,,,,,,,,,,,,,,,,,1.0,30.0,11.0,15.0,3.0,10.0,4.0,53.0,6.0,,,,,,,,,
S002786,M00241,P0333,T019,,15.0,,,,8.0,,,,,,,,,,,,,,,,,,,,,2.0,13.0,6.0,13.0,2.0,10.0,10.0,75.0,7.0,,,,,,,,,
S002787,M00241,P0369,T021,,22.0,,,,5.0,,,,,,,,,,,,,,,,,,,,,1.0,15.0,2.0,11.0,0.0,14.0,5.0,60.0,7.0,,,,,,,,,
S002788,M00241,P0375,T021,,16.0,,,,2.0,,,,,,,,,,,,,,,,,,,,,2.0,25.0,13.0,20.0,3.0,10.0,16.0,86.0,8.0,,,,,,,,,
S002789,M00241,P0373,T021,,1.0,,,,4.0,,,,,,,,,,,,,,,,,,,,,4.0,27.0,10.0,10.0,5.0,13.0,12.0,31.0,3.0,,,,,,,,,
S002790,M00241,P0376,T021,,13.0,,,,8.0,,,,,,,,,,,,,,,,,,,,,4.0,30.0,11.0,5.0,5.0,5.0,14.0,57.0,4.0,,,,,,,,,
S002791,M00241,P0366,T021,,17.0,,,,4.0,,,,,,,,,,,,,,,,,,,,,3.0,10.0,12.0,11.0,5.0,11.0,1.0,33.0,7.0,,,,,,,,,
S002792,M00241,P0372,T021,,12.0,,,,6.0,,,,,,,,,,,,,,,,,,,,,5.0,30.0,3.0,16.0,1.0,15.0,15.0,85.0,7.0,,,,,,,,,
S002793,M00241,P0368,T021,,8.0,,,,7.0,,,,,,,,,,,,,,,,,,,,,5.0,9.0,6.0,8.0,3.0,9.0,18.0,34.0,1.0,,,,,,,,,
S002794,M00241,P0370,T021,,6.0,,,,5.0,,,,,,,,,,,,,,,,,,,,,4.0,26.0,8.0,5.0,5.0,15.0,5.0,51.0,2.0,,,,,,,,,
S002795,M00241,P0365,T021,,1.0,,,,1.0,,,,,,,,,,,,,,,,,,,,,3.0,8.0,8.0,16.0,3.0,15.0,16.0,33.0,7.0,,,,,,,,,
S002796,M00241,P0364,T021,,16.0,,,,0.0,,,,,,,,,,,,,,,,,,,,,5.0,9.0,5.0,20.0,5.0,1.0,0.0,63.0,1.0,,,,,,,,,
S002797,M00242,P0353,T020,,9.0,,,,6.0,,,,,,,,,,,,,,,,,,,,,4.0,12.0,4.0,23.0,5.0,5.0,8.0,69.0,4.0,,,,,,,,,
S002798,M00242,P0350,T020,,17.0,,,,6.0,,,,,,,,,,,,,,,,,,,,,1.0,5.0,3.0,23.0,5.0,11.0,19.0,69.0,1.0,,,,,,,,,
S002799,M00242,P0359,T020,,20.0,,,,4.0,,,,,,,,,,,,,,,,,,,,,1.0,27.0,4.0,18.0,2.0,1.0,7.0,34.0,1.0,,,,,,,,,
S002800,M00242,P0358,T020,,4.0,,,,1.0,,,,,,,,,,,,,,,,,,,,,5.0,22.0,9.0,13.0,3.0,11.0,18.0,52.0,1.0,,,,,,,,,
S002801,M00242,P0351,T020,,20.0,,,,3.0,,,,,,,,,,,,,,,,,,,,,1.0,9.0,2.0,12.0,4.0,1.0,11.0,68.0,6.0,,,,,,,,,
S002802,M00242,P0356,T020,,21.0,,,,4.0,,,,,,,,,,,,,,,,,,,,,4.0,18.0,12.0,9.0,1.0,9.0,6.0,65.0,3.0,,,,,,,,,
S002803,M00242,P0347,T020,,11.0,,,,4.0,,,,,,,,,,,,,,,,,,,,,4.0,26.0,13.0,10.0,4.0,9.0,12.0,45.0,7.0,,,,,,,,,
S002804,M00242,P0349,T020,,7.0,,,,8.0,,,,,,,,,,,,,,,,,,,,,4.0,14.0,12.0,25.0,2.0,1.0,7.0,30.0,2.0,,,,,,,,,
S002805,M00242,P0361,T020,,15.0,,,,1.0,,,,,,,,,,,,,,,,,,,,,4.0,30.0,4.0,19.0,4.0,6.0,2.0,55.0,2.0,,,,,,,,,
S002806,M00242,P0362,T020,,1.0,,,,3.0,,,,,,,,,,,,,,,,,,,,,3.0,15.0,7.0,10.0,3.0,14.0,19.0,68.0,2.0,,,,,,,,,
S002807,M00242,P0400,T023,,22.0,,,,7.0,,,,,,,,,,,,,,,,,,,,,5.0,19.0,14.0,23.0,1.0,8.0,19.0,35.0,2.0,,,,,,,,,
S002808,M00242,P0401,T023,,13.0,,,,8.0,,,,,,,,,,,,,,,,,,,,,5.0,19.0,4.0,20.0,3.0,8.0,15.0,80.0,8.0,,,,,,,,,
S002809,M00242,P0402,T023,,19.0,,,,4.0,,,,,,,,,,,,,,,,,,,,,4.0,7.0,2.0,5.0,3.0,12.0,5.0,68.0,6.0,,,,,,,,,
S002810,M00242,P0404,T023,,25.0,,,,2.0,,,,,,,,,,,,,,,,,,,,,5.0,17.0,7.0,14.0,0.0,10.0,15.0,44.0,1.0,,,,,,,,,
S002811,M00242,P0403,T023,,1.0,,,,4.0,,,,,,,,,,,,,,,,,,,,,5.0,9.0,2.0,5.0,2.0,2.0,0.0,59.0,1.0,,,,,,,,,
S002812,M00242,P0408,T023,,2.0,,,,4.0,,,,,,,,,,,,,,,,,,,,,5.0,9.0,11.0,12.0,5.0,7.0,14.0,33.0,2.0,,,,,,,,,
S002813,M00242,P0395,T023,,11.0,,,,1.0,,,,,,,,,,,,,,,,,,,,,4.0,19.0,10.0,14.0,4.0,12.0,7.0,81.0,5.0,,,,,,,,,
S002814,M00242,P0399,T023,,0.0,,,,3.0,,,,,,,,,,,,,,,,,,,,,3.0,7.0,11.0,16.0,1.0,2.0,2.0,31.0,1.0,,,,,,,,,
S002815,M00242,P0394,T023,,16.0,,,,6.0,,,,,,,,,,,,,,,,,,,,,3.0,14.0,7.0,19.0,1.0,2.0,7.0,60.0,0.0,,,,,,,,,
S002816,M00242,P0398,T023,,23.0,,,,1.0,,,,,,,,,,,,,,,,,,,,,1.0,27.0,13.0,19.0,2.0,6.0,2.0,87.0,7.0,,,,,,,,,
S002817,M00243,P0382,T022,,6.0,,,,3.0,,,,,,,,,,,,,,,,,,,,,4.0,19.0,5.0,24.0,3.0,1.0,2.0,83.0,0.0,,,,,,,,,
S002818,M00243,P0383,T022,,21.0,,,,2.0,,,,,,,,,,,,,,,,,,,,,1.0,14.0,11.0,18.0,1.0,2.0,17.0,69.0,2.0,,,,,,,,,
S002819,M00243,P0377,T022,,23.0,,,,0.0,,,,,,,,,,,,,,,,,,,,,2.0,26.0,6.0,5.0,3.0,2.0,6.0,63.0,6.0,,,,,,,,,
S002820,M00243,P0384,T022,,8.0,,,,6.0,,,,,,,,,,,,,,,,,,,,,3.0,27.0,11.0,17.0,0.0,5.0,20.0,50.0,1.0,,,,,,,,,
S002821,M00243,P0380,T022,,7.0,,,,0.0,,,,,,,,,,,,,,,,,,,,,3.0,15.0,10.0,13.0,3.0,2.0,2.0,83.0,8.0,,,,,,,,,
S002822,M00243,P0389,T022,,25.0,,,,5.0,,,,,,,,,,,,,,,,,,,,,1.0,6.0,6.0,6.0,0.0,10.0,7.0,89.0,1.0,,,,,,,,,
S002823,M00243,P0379,T022,,18.0,,,,6.0,,,,,,,,,,,,,,,,,,,,,1.0,15.0,11.0,6.0,1.0,15.0,12.0,68.0,3.0,,,,,,,,,
S002824,M00243,P0378,T022,,25.0,,,,7.0,,,,,,,,,,,,,,,,,,,,,3.0,29.0,9.0,24.0,3.0,13.0,1.0,84.0,5.0,,,,,,,,,
S002825,M00243,P0391,T022,,16.0,,,,2.0,,,,,,,,,,,,,,,,,,,,,3.0,15.0,8.0,15.0,3.0,11.0,0.0,83.0,4.0,,,,,,,,,
S002826,M00243,P0390,T022,,5.0,,,,4.0,,,,,,,,,,,,,,,,,,,,,2.0,14.0,8.0,6.0,3.0,8.0,16.0,56.0,1.0,,,,,,,,,
S002827,M00243,P0345,T019,,25.0,,,,8.0,,,,,,,,,,,,,,,,,,,,,1.0,8.0,6.0,22.0,0.0,12.0,1.0,53.0,8.0,,,,,,,,,
S002828,M00243,P0340,T019,,2.0,,,,5.0,,,,,,,,,,,,,,,,,,,,,1.0,23.0,9.0,16.0,3.0,1.0,17.0,40.0,6.0,,,,,,,,,
S002829,M00243,P0343,T019,,23.0,,,,5.0,,,,,,,,,,,,,,,,,,,,,4.0,22.0,8.0,6.0,2.0,8.0,9.0,35.0,4.0,,,,,,,,,
S002830,M00243,P0334,T019,,23.0,,,,4.0,,,,,,,,,,,,,,,,,,,,,3.0,9.0,11.0,9.0,5.0,12.0,15.0,80.0,0.0,,,,,,,,,
S002831,M00243,P0331,T019,,17.0,,,,5.0,,,,,,,,,,,,,,,,,,,,,5.0,6.0,13.0,6.0,0.0,10.0,3.0,44.0,7.0,,,,,,,,,
S002832,M00243,P0341,T019,,21.0,,,,2.0,,,,,,,,,,,,,,,,,,,,,5.0,18.0,14.0,18.0,4.0,8.0,19.0,90.0,7.0,,,,,,,,,
S002833,M00243,P0338,T019,,9.0,,,,1.0,,,,,,,,,,,,,,,,,,,,,1.0,9.0,6.0,18.0,5.0,3.0,9.0,39.0,0.0,,,,,,,,,
S002834,M00243,P0332,T019,,12.0,,,,1.0,,,,,,,,,,,,,,,,,,,,,4.0,26.0,10.0,19.0,5.0,0.0,1.0,57.0,8.0,,,,,,,,,
S002835,M00243,P0337,T019,,8.0,,,,5.0,,,,,,,,,,,,,,,,,,,,,1.0,12.0,8.0,23.0,3.0,4.0,7.0,68.0,7.0,,,,,,,,,
S002836,M00243,P0346,T019,,13.0,,,,0.0,,,,,,,,,,,,,,,,,,,,,4.0,28.0,3.0,15.0,2.0,3.0,14.0,80.0,1.0,,,,,,,,,
S002837,M00244,P0306,T017,,22.0,,,,0.0,,,,,,,,,,,,,,,,,,,,,1.0,28.0,10.0,5.0,3.0,15.0,17.0,46.0,2.0,,,,,,,,,
S002838,M00244,P0297,T017,,9.0,,,,7.0,,,,,,,,,,,,,,,,,,,,,5.0,16.0,7.0,18.0,0.0,13.0,15.0,60.0,0.0,,,,,,,,,
S002839,M00244,P0296,T017,,13.0,,,,1.0,,,,,,,,,,,,,,,,,,,,,4.0,20.0,4.0,24.0,5.0,5.0,5.0,65.0,3.0,,,,,,,,,
S002840,M00244,P0308,T017,,18.0,,,,3.0,,,,,,,,,,,,,,,,,,,,,3.0,8.0,6.0,5.0,5.0,4.0,3.0,53.0,2.0,,,,,,,,,
S002841,M00244,P0303,T017,,5.0,,,,7.0,,,,,,,,,,,,,,,,,,,,,4.0,28.0,7.0,22.0,1.0,6.0,13.0,83.0,7.0,,,,,,,,,
S002842,M00244,P0302,T017,,25.0,,,,8.0,,,,,,,,,,,,,,,,,,,,,3.0,27.0,2.0,23.0,0.0,5.0,1.0,52.0,4.0,,,,,,,,,
S002843,M00244,P0311,T017,,22.0,,,,6.0,,,,,,,,,,,,,,,,,,,,,3.0,19.0,12.0,23.0,5.0,0.0,2.0,41.0,2.0,,,,,,,,,
S002844,M00244,P0312,T017,,24.0,,,,2.0,,,,,,,,,,,,,,,,,,,,,3.0,17.0,14.0,6.0,4.0,6.0,13.0,36.0,0.0,,,,,,,,,
S002845,M00244,P0309,T017,,17.0,,,,5.0,,,,,,,,,,,,,,,,,,,,,5.0,6.0,4.0,20.0,5.0,1.0,2.0,84.0,6.0,,,,,,,,,
S002846,M00244,P0301,T017,,22.0,,,,6.0,,,,,,,,,,,,,,,,,,,,,2.0,6.0,13.0,12.0,3.0,1.0,7.0,87.0,5.0,,,,,,,,,
S002847,M00244,P0391,T022,,24.0,,,,6.0,,,,,,,,,,,,,,,,,,,,,4.0,7.0,8.0,9.0,4.0,12.0,11.0,64.0,6.0,,,,,,,,,
S002848,M00244,P0382,T022,,12.0,,,,5.0,,,,,,,,,,,,,,,,,,,,,2.0,6.0,4.0,12.0,3.0,15.0,6.0,89.0,2.0,,,,,,,,,
S002849,M00244,P0386,T022,,19.0,,,,5.0,,,,,,,,,,,,,,,,,,,,,1.0,9.0,4.0,13.0,2.0,1.0,17.0,90.0,0.0,,,,,,,,,
S002850,M00244,P0390,T022,,19.0,,,,7.0,,,,,,,,,,,,,,,,,,,,,4.0,13.0,2.0,22.0,3.0,6.0,20.0,85.0,8.0,,,,,,,,,
S002851,M00244,P0389,T022,,3.0,,,,4.0,,,,,,,,,,,,,,,,,,,,,4.0,22.0,5.0,8.0,0.0,1.0,20.0,30.0,6.0,,,,,,,,,
S002852,M00244,P0378,T022,,10.0,,,,8.0,,,,,,,,,,,,,,,,,,,,,4.0,22.0,6.0,14.0,1.0,7.0,0.0,78.0,0.0,,,,,,,,,
S002853,M00244,P0388,T022,,13.0,,,,5.0,,,,,,,,,,,,,,,,,,,,,3.0,6.0,5.0,25.0,5.0,13.0,0.0,75.0,8.0,,,,,,,,,
S002854,M00244,P0387,T022,,22.0,,,,0.0,,,,,,,,,,,,,,,,,,,,,5.0,25.0,9.0,17.0,2.0,7.0,15.0,53.0,0.0,,,,,,,,,
S002855,M00244,P0380,T022,,9.0,,,,0.0,,,,,,,,,,,,,,,,,,,,,3.0,19.0,11.0,25.0,2.0,7.0,1.0,46.0,7.0,,,,,,,,,
S002856,M00244,P0383,T022,,4.0,,,,8.0,,,,,,,,,,,,,,,,,,,,,1.0,20.0,12.0,23.0,0.0,5.0,14.0,57.0,4.0,,,,,,,,,
S002857,M00245,P0325,T018,,10.0,,,,4.0,,,,,,,,,,,,,,,,,,,,,5.0,20.0,7.0,20.0,1.0,0.0,17.0,48.0,2.0,,,,,,,,,
S002858,M00245,P0315,T018,,9.0,,,,2.0,,,,,,,,,,,,,,,,,,,,,4.0,5.0,8.0,21.0,1.0,10.0,0.0,58.0,2.0,,,,,,,,,
S002859,M00245,P0317,T018,,10.0,,,,0.0,,,,,,,,,,,,,,,,,,,,,3.0,12.0,4.0,16.0,5.0,4.0,17.0,53.0,1.0,,,,,,,,,
S002860,M00245,P0314,T018,,11.0,,,,3.0,,,,,,,,,,,,,,,,,,,,,3.0,6.0,3.0,15.0,1.0,8.0,14.0,35.0,1.0,,,,,,,,,
S002861,M00245,P0324,T018,,17.0,,,,5.0,,,,,,,,,,,,,,,,,,,,,4.0,21.0,9.0,5.0,5.0,11.0,3.0,43.0,1.0,,,,,,,,,
S002862,M00245,P0326,T018,,20.0,,,,8.0,,,,,,,,,,,,,,,,,,,,,5.0,13.0,3.0,5.0,2.0,2.0,9.0,36.0,2.0,,,,,,,,,
S002863,M00245,P0319,T018,,22.0,,,,4.0,,,,,,,,,,,,,,,,,,,,,1.0,5.0,9.0,25.0,0.0,8.0,11.0,34.0,5.0,,,,,,,,,
S002864,M00245,P0329,T018,,18.0,,,,3.0,,,,,,,,,,,,,,,,,,,,,4.0,24.0,15.0,11.0,1.0,15.0,13.0,74.0,2.0,,,,,,,,,
S002865,M00245,P0328,T018,,17.0,,,,4.0,,,,,,,,,,,,,,,,,,,,,4.0,23.0,11.0,19.0,1.0,14.0,19.0,42.0,0.0,,,,,,,,,
S002866,M00245,P0318,T018,,4.0,,,,2.0,,,,,,,,,,,,,,,,,,,,,5.0,26.0,7.0,11.0,4.0,1.0,12.0,33.0,5.0,,,,,,,,,
S002867,M00245,P0360,T020,,6.0,,,,4.0,,,,,,,,,,,,,,,,,,,,,1.0,20.0,5.0,24.0,0.0,4.0,20.0,50.0,8.0,,,,,,,,,
S002868,M00245,P0350,T020,,18.0,,,,6.0,,,,,,,,,,,,,,,,,,,,,1.0,12.0,8.0,23.0,2.0,6.0,13.0,49.0,3.0,,,,,,,,,
S002869,M00245,P0353,T020,,11.0,,,,3.0,,,,,,,,,,,,,,,,,,,,,4.0,26.0,13.0,7.0,5.0,9.0,10.0,74.0,4.0,,,,,,,,,
S002870,M00245,P0359,T020,,13.0,,,,1.0,,,,,,,,,,,,,,,,,,,,,3.0,22.0,14.0,16.0,0.0,10.0,3.0,88.0,4.0,,,,,,,,,
S002871,M00245,P0347,T020,,22.0,,,,1.0,,,,,,,,,,,,,,,,,,,,,4.0,12.0,14.0,22.0,3.0,15.0,13.0,79.0,3.0,,,,,,,,,
S002872,M00245,P0354,T020,,21.0,,,,2.0,,,,,,,,,,,,,,,,,,,,,2.0,29.0,2.0,11.0,0.0,8.0,4.0,81.0,3.0,,,,,,,,,
S002873,M00245,P0348,T020,,7.0,,,,8.0,,,,,,,,,,,,,,,,,,,,,2.0,27.0,10.0,25.0,1.0,3.0,18.0,54.0,0.0,,,,,,,,,
S002874,M00245,P0349,T020,,10.0,,,,2.0,,,,,,,,,,,,,,,,,,,,,2.0,5.0,11.0,20.0,0.0,8.0,0.0,31.0,4.0,,,,,,,,,
S002875,M00245,P0351,T020,,24.0,,,,6.0,,,,,,,,,,,,,,,,,,,,,2.0,22.0,8.0,18.0,4.0,9.0,14.0,32.0,7.0,,,,,,,,,
S002876,M00245,P0362,T020,,12.0,,,,2.0,,,,,,,,,,,,,,,,,,,,,2.0,6.0,13.0,19.0,2.0,15.0,16.0,68.0,6.0,,,,,,,,,
S002877,M00246,P0309,T017,,17.0,,,,2.0,,,,,,,,,,,,,,,,,,,,,1.0,29.0,10.0,11.0,1.0,1.0,18.0,59.0,0.0,,,,,,,,,
S002878,M00246,P0302,T017,,19.0,,,,8.0,,,,,,,,,,,,,,,,,,,,,1.0,30.0,11.0,10.0,2.0,14.0,15.0,33.0,7.0,,,,,,,,,
S002879,M00246,P0313,T017,,3.0,,,,6.0,,,,,,,,,,,,,,,,,,,,,3.0,21.0,13.0,9.0,0.0,0.0,18.0,62.0,6.0,,,,,,,,,
S002880,M00246,P0304,T017,,12.0,,,,2.0,,,,,,,,,,,,,,,,,,,,,2.0,19.0,10.0,21.0,5.0,2.0,13.0,64.0,6.0,,,,,,,,,
S002881,M00246,P0296,T017,,0.0,,,,6.0,,,,,,,,,,,,,,,,,,,,,1.0,17.0,14.0,21.0,5.0,2.0,5.0,61.0,0.0,,,,,,,,,
S002882,M00246,P0301,T017,,23.0,,,,2.0,,,,,,,,,,,,,,,,,,,,,3.0,10.0,7.0,22.0,5.0,8.0,12.0,50.0,8.0,,,,,,,,,
S002883,M00246,P0299,T017,,13.0,,,,1.0,,,,,,,,,,,,,,,,,,,,,1.0,22.0,14.0,19.0,4.0,4.0,5.0,70.0,4.0,,,,,,,,,
S002884,M00246,P0303,T017,,21.0,,,,7.0,,,,,,,,,,,,,,,,,,,,,1.0,24.0,11.0,24.0,3.0,0.0,6.0,37.0,0.0,,,,,,,,,
S002885,M00246,P0307,T017,,1.0,,,,4.0,,,,,,,,,,,,,,,,,,,,,5.0,21.0,5.0,22.0,5.0,0.0,19.0,64.0,5.0,,,,,,,,,
S002886,M00246,P0310,T017,,8.0,,,,8.0,,,,,,,,,,,,,,,,,,,,,3.0,21.0,9.0,23.0,0.0,8.0,17.0,45.0,3.0,,,,,,,,,
S002887,M00246,P0355,T020,,3.0,,,,8.0,,,,,,,,,,,,,,,,,,,,,2.0,11.0,3.0,5.0,3.0,13.0,13.0,49.0,0.0,,,,,,,,,
S002888,M00246,P0353,T020,,20.0,,,,7.0,,,,,,,,,,,,,,,,,,,,,3.0,24.0,11.0,25.0,5.0,9.0,7.0,70.0,0.0,,,,,,,,,
S002889,M00246,P0359,T020,,15.0,,,,0.0,,,,,,,,,,,,,,,,,,,,,5.0,28.0,10.0,11.0,3.0,5.0,20.0,79.0,5.0,,,,,,,,,
S002890,M00246,P0352,T020,,14.0,,,,6.0,,,,,,,,,,,,,,,,,,,,,2.0,8.0,4.0,21.0,4.0,15.0,0.0,48.0,1.0,,,,,,,,,
S002891,M00246,P0362,T020,,25.0,,,,8.0,,,,,,,,,,,,,,,,,,,,,3.0,15.0,9.0,25.0,0.0,7.0,20.0,76.0,7.0,,,,,,,,,
S002892,M00246,P0361,T020,,22.0,,,,2.0,,,,,,,,,,,,,,,,,,,,,2.0,7.0,6.0,8.0,3.0,10.0,12.0,38.0,4.0,,,,,,,,,
S002893,M00246,P0354,T020,,19.0,,,,4.0,,,,,,,,,,,,,,,,,,,,,4.0,24.0,6.0,12.0,1.0,3.0,15.0,64.0,2.0,,,,,,,,,
S002894,M00246,P0349,T020,,7.0,,,,0.0,,,,,,,,,,,,,,,,,,,,,4.0,28.0,14.0,16.0,5.0,15.0,13.0,57.0,2.0,,,,,,,,,
S002895,M00246,P0357,T020,,16.0,,,,0.0,,,,,,,,,,,,,,,,,,,,,1.0,14.0,15.0,19.0,4.0,8.0,12.0,46.0,0.0,,,,,,,,,
S002896,M00246,P0347,T020,,10.0,,,,4.0,,,,,,,,,,,,,,,,,,,,,1.0,19.0,9.0,18.0,3.0,4.0,3.0,68.0,7.0,,,,,,,,,
S002897,M00247,P0357,T020,,10.0,,,,6.0,,,,,,,,,,,,,,,,,,,,,3.0,22.0,14.0,17.0,3.0,5.0,19.0,41.0,0.0,,,,,,,,,
S002898,M00247,P0360,T020,,5.0,,,,6.0,,,,,,,,,,,,,,,,,,,,,4.0,9.0,13.0,20.0,4.0,8.0,1.0,57.0,0.0,,,,,,,,,
S002899,M00247,P0353,T020,,10.0,,,,1.0,,,,,,,,,,,,,,,,,,,,,1.0,29.0,6.0,12.0,4.0,5.0,14.0,75.0,3.0,,,,,,,,,
S002900,M00247,P0352,T020,,13.0,,,,8.0,,,,,,,,,,,,,,,,,,,,,5.0,26.0,10.0,11.0,1.0,4.0,6.0,83.0,8.0,,,,,,,,,
S002901,M00247,P0362,T020,,16.0,,,,2.0,,,,,,,,,,,,,,,,,,,,,5.0,17.0,4.0,16.0,5.0,8.0,13.0,71.0,8.0,,,,,,,,,
S002902,M00247,P0349,T020,,5.0,,,,6.0,,,,,,,,,,,,,,,,,,,,,4.0,23.0,8.0,7.0,0.0,7.0,11.0,55.0,5.0,,,,,,,,,
S002903,M00247,P0359,T020,,8.0,,,,0.0,,,,,,,,,,,,,,,,,,,,,4.0,25.0,10.0,22.0,2.0,6.0,15.0,71.0,1.0,,,,,,,,,
S002904,M00247,P0356,T020,,24.0,,,,6.0,,,,,,,,,,,,,,,,,,,,,3.0,23.0,4.0,9.0,3.0,7.0,20.0,53.0,0.0,,,,,,,,,
S002905,M00247,P0351,T020,,1.0,,,,1.0,,,,,,,,,,,,,,,,,,,,,4.0,6.0,13.0,9.0,3.0,13.0,9.0,84.0,6.0,,,,,,,,,
S002906,M00247,P0348,T020,,18.0,,,,1.0,,,,,,,,,,,,,,,,,,,,,1.0,30.0,8.0,14.0,4.0,1.0,18.0,88.0,1.0,,,,,,,,,
S002907,M00247,P0314,T018,,23.0,,,,0.0,,,,,,,,,,,,,,,,,,,,,3.0,12.0,2.0,8.0,3.0,8.0,12.0,38.0,7.0,,,,,,,,,
S002908,M00247,P0329,T018,,24.0,,,,2.0,,,,,,,,,,,,,,,,,,,,,3.0,25.0,13.0,5.0,5.0,10.0,5.0,82.0,2.0,,,,,,,,,
S002909,M00247,P0323,T018,,21.0,,,,8.0,,,,,,,,,,,,,,,,,,,,,3.0,26.0,10.0,19.0,5.0,6.0,1.0,61.0,3.0,,,,,,,,,
S002910,M00247,P0315,T018,,3.0,,,,5.0,,,,,,,,,,,,,,,,,,,,,2.0,18.0,8.0,17.0,4.0,3.0,1.0,77.0,7.0,,,,,,,,,
S002911,M00247,P0320,T018,,20.0,,,,6.0,,,,,,,,,,,,,,,,,,,,,1.0,22.0,12.0,7.0,0.0,15.0,2.0,43.0,4.0,,,,,,,,,
S002912,M00247,P0325,T018,,20.0,,,,0.0,,,,,,,,,,,,,,,,,,,,,1.0,9.0,7.0,5.0,3.0,8.0,5.0,39.0,7.0,,,,,,,,,
S002913,M00247,P0319,T018,,25.0,,,,4.0,,,,,,,,,,,,,,,,,,,,,4.0,13.0,5.0,23.0,5.0,9.0,13.0,51.0,2.0,,,,,,,,,
S002914,M00247,P0327,T018,,21.0,,,,0.0,,,,,,,,,,,,,,,,,,,,,4.0,26.0,7.0,15.0,1.0,9.0,15.0,86.0,7.0,,,,,,,,,
S002915,M00247,P0318,T018,,2.0,,,,0.0,,,,,,,,,,,,,,,,,,,,,3.0,7.0,8.0,10.0,4.0,11.0,18.0,86.0,5.0,,,,,,,,,
S002916,M00247,P0316,T018,,22.0,,,,7.0,,,,,,,,,,,,,,,,,,,,,2.0,22.0,10.0,15.0,2.0,15.0,10.0,66.0,2.0,,,,,,,,,
S002917,M00248,P0348,T020,,1.0,,,,1.0,,,,,,,,,,,,,,,,,,,,,2.0,30.0,15.0,17.0,2.0,7.0,0.0,88.0,3.0,,,,,,,,,
S002918,M00248,P0351,T020,,19.0,,,,4.0,,,,,,,,,,,,,,,,,,,,,2.0,20.0,9.0,14.0,5.0,9.0,7.0,44.0,2.0,,,,,,,,,
S002919,M00248,P0358,T020,,22.0,,,,7.0,,,,,,,,,,,,,,,,,,,,,5.0,14.0,7.0,21.0,3.0,15.0,20.0,76.0,4.0,,,,,,,,,
S002920,M00248,P0362,T020,,9.0,,,,2.0,,,,,,,,,,,,,,,,,,,,,1.0,20.0,9.0,13.0,5.0,12.0,8.0,88.0,7.0,,,,,,,,,
S002921,M00248,P0357,T020,,25.0,,,,8.0,,,,,,,,,,,,,,,,,,,,,2.0,30.0,13.0,11.0,5.0,9.0,3.0,66.0,0.0,,,,,,,,,
S002922,M00248,P0352,T020,,14.0,,,,1.0,,,,,,,,,,,,,,,,,,,,,4.0,25.0,14.0,5.0,0.0,14.0,17.0,48.0,4.0,,,,,,,,,
S002923,M00248,P0360,T020,,19.0,,,,3.0,,,,,,,,,,,,,,,,,,,,,2.0,21.0,4.0,7.0,3.0,8.0,4.0,37.0,2.0,,,,,,,,,
S002924,M00248,P0349,T020,,4.0,,,,8.0,,,,,,,,,,,,,,,,,,,,,5.0,18.0,7.0,16.0,4.0,15.0,1.0,88.0,2.0,,,,,,,,,
S002925,M00248,P0355,T020,,16.0,,,,0.0,,,,,,,,,,,,,,,,,,,,,3.0,23.0,3.0,15.0,5.0,11.0,15.0,66.0,1.0,,,,,,,,,
S002926,M00248,P0353,T020,,24.0,,,,4.0,,,,,,,,,,,,,,,,,,,,,3.0,21.0,13.0,12.0,2.0,11.0,12.0,52.0,1.0,,,,,,,,,
S002927,M00248,P0373,T021,,16.0,,,,6.0,,,,,,,,,,,,,,,,,,,,,1.0,29.0,2.0,25.0,1.0,2.0,7.0,67.0,5.0,,,,,,,,,
S002928,M00248,P0365,T021,,20.0,,,,5.0,,,,,,,,,,,,,,,,,,,,,5.0,14.0,5.0,19.0,4.0,8.0,10.0,69.0,0.0,,,,,,,,,
S002929,M00248,P0366,T021,,6.0,,,,1.0,,,,,,,,,,,,,,,,,,,,,4.0,27.0,13.0,9.0,4.0,5.0,2.0,70.0,1.0,,,,,,,,,
S002930,M00248,P0367,T021,,5.0,,,,2.0,,,,,,,,,,,,,,,,,,,,,1.0,17.0,6.0,8.0,5.0,2.0,10.0,46.0,4.0,,,,,,,,,
S002931,M00248,P0374,T021,,17.0,,,,3.0,,,,,,,,,,,,,,,,,,,,,4.0,21.0,11.0,19.0,5.0,14.0,1.0,61.0,0.0,,,,,,,,,
S002932,M00248,P0376,T021,,0.0,,,,5.0,,,,,,,,,,,,,,,,,,,,,3.0,19.0,2.0,25.0,5.0,0.0,20.0,55.0,2.0,,,,,,,,,
S002933,M00248,P0371,T021,,21.0,,,,7.0,,,,,,,,,,,,,,,,,,,,,4.0,11.0,4.0,17.0,1.0,8.0,6.0,38.0,6.0,,,,,,,,,
S002934,M00248,P0363,T021,,14.0,,,,7.0,,,,,,,,,,,,,,,,,,,,,3.0,9.0,2.0,24.0,4.0,1.0,8.0,77.0,7.0,,,,,,,,,
S002935,M00248,P0368,T021,,15.0,,,,3.0,,,,,,,,,,,,,,,,,,,,,1.0,21.0,11.0,19.0,4.0,15.0,15.0,72.0,5.0,,,,,,,,,
S002936,M00248,P0372,T021,,22.0,,,,6.0,,,,,,,,,,,,,,,,,,,,,2.0,25.0,5.0,11.0,3.0,3.0,16.0,49.0,5.0,,,,,,,,,
S002937,M00249,P0304,T017,,14.0,,,,2.0,,,,,,,,,,,,,,,,,,,,,3.0,27.0,11.0,21.0,1.0,12.0,4.0,77.0,0.0,,,,,,,,,
S002938,M00249,P0313,T017,,13.0,,,,1.0,,,,,,,,,,,,,,,,,,,,,1.0,30.0,7.0,15.0,4.0,10.0,5.0,60.0,4.0,,,,,,,,,
S002939,M00249,P0299,T017,,25.0,,,,7.0,,,,,,,,,,,,,,,,,,,,,4.0,22.0,15.0,8.0,2.0,10.0,7.0,42.0,3.0,,,,,,,,,
S002940,M00249,P0309,T017,,20.0,,,,3.0,,,,,,,,,,,,,,,,,,,,,1.0,19.0,11.0,7.0,5.0,6.0,20.0,49.0,7.0,,,,,,,,,
S002941,M00249,P0306,T017,,12.0,,,,6.0,,,,,,,,,,,,,,,,,,,,,3.0,7.0,11.0,8.0,3.0,12.0,11.0,70.0,0.0,,,,,,,,,
S002942,M00249,P0308,T017,,3.0,,,,0.0,,,,,,,,,,,,,,,,,,,,,2.0,30.0,2.0,6.0,1.0,15.0,16.0,57.0,4.0,,,,,,,,,
S002943,M00249,P0305,T017,,24.0,,,,8.0,,,,,,,,,,,,,,,,,,,,,5.0,23.0,7.0,19.0,0.0,0.0,11.0,37.0,2.0,,,,,,,,,
S002944,M00249,P0312,T017,,7.0,,,,0.0,,,,,,,,,,,,,,,,,,,,,3.0,21.0,12.0,25.0,3.0,6.0,3.0,69.0,0.0,,,,,,,,,
S002945,M00249,P0311,T017,,6.0,,,,6.0,,,,,,,,,,,,,,,,,,,,,3.0,20.0,15.0,24.0,1.0,5.0,17.0,59.0,2.0,,,,,,,,,
S002946,M00249,P0310,T017,,9.0,,,,6.0,,,,,,,,,,,,,,,,,,,,,4.0,26.0,15.0,10.0,1.0,12.0,16.0,73.0,7.0,,,,,,,,,
S002947,M00249,P0382,T022,,21.0,,,,5.0,,,,,,,,,,,,,,,,,,,,,2.0,5.0,9.0,19.0,4.0,6.0,3.0,49.0,4.0,,,,,,,,,
S002948,M00249,P0380,T022,,20.0,,,,1.0,,,,,,,,,,,,,,,,,,,,,3.0,24.0,6.0,23.0,5.0,12.0,8.0,50.0,6.0,,,,,,,,,
S002949,M00249,P0378,T022,,20.0,,,,3.0,,,,,,,,,,,,,,,,,,,,,2.0,13.0,12.0,22.0,2.0,0.0,18.0,90.0,2.0,,,,,,,,,
S002950,M00249,P0389,T022,,14.0,,,,5.0,,,,,,,,,,,,,,,,,,,,,4.0,26.0,3.0,19.0,1.0,13.0,16.0,51.0,0.0,,,,,,,,,
S002951,M00249,P0391,T022,,1.0,,,,1.0,,,,,,,,,,,,,,,,,,,,,4.0,15.0,12.0,22.0,1.0,11.0,2.0,71.0,1.0,,,,,,,,,
S002952,M00249,P0379,T022,,6.0,,,,8.0,,,,,,,,,,,,,,,,,,,,,1.0,7.0,12.0,18.0,3.0,4.0,0.0,60.0,5.0,,,,,,,,,
S002953,M00249,P0381,T022,,3.0,,,,5.0,,,,,,,,,,,,,,,,,,,,,5.0,13.0,6.0,18.0,3.0,2.0,19.0,56.0,6.0,,,,,,,,,
S002954,M00249,P0390,T022,,21.0,,,,0.0,,,,,,,,,,,,,,,,,,,,,4.0,17.0,14.0,7.0,5.0,10.0,1.0,75.0,4.0,,,,,,,,,
S002955,M00249,P0385,T022,,8.0,,,,1.0,,,,,,,,,,,,,,,,,,,,,2.0,5.0,14.0,5.0,1.0,12.0,20.0,53.0,5.0,,,,,,,,,
S002956,M00249,P0384,T022,,12.0,,,,7.0,,,,,,,,,,,,,,,,,,,,,4.0,27.0,6.0,16.0,3.0,12.0,11.0,77.0,7.0,,,,,,,,,
S002957,M00250,P0336,T019,,13.0,,,,0.0,,,,,,,,,,,,,,,,,,,,,1.0,21.0,7.0,9.0,1.0,7.0,1.0,69.0,4.0,,,,,,,,,
S002958,M00250,P0334,T019,,24.0,,,,1.0,,,,,,,,,,,,,,,,,,,,,4.0,27.0,4.0,14.0,5.0,15.0,20.0,31.0,6.0,,,,,,,,,
S002959,M00250,P0339,T019,,12.0,,,,7.0,,,,,,,,,,,,,,,,,,,,,1.0,15.0,5.0,12.0,0.0,10.0,6.0,79.0,4.0,,,,,,,,,
S002960,M00250,P0340,T019,,17.0,,,,7.0,,,,,,,,,,,,,,,,,,,,,2.0,24.0,2.0,21.0,0.0,13.0,4.0,67.0,3.0,,,,,,,,,
S002961,M00250,P0337,T019,,18.0,,,,6.0,,,,,,,,,,,,,,,,,,,,,1.0,30.0,12.0,8.0,2.0,1.0,15.0,37.0,0.0,,,,,,,,,
S002962,M00250,P0342,T019,,12.0,,,,0.0,,,,,,,,,,,,,,,,,,,,,4.0,8.0,8.0,12.0,3.0,14.0,1.0,51.0,0.0,,,,,,,,,
S002963,M00250,P0345,T019,,3.0,,,,7.0,,,,,,,,,,,,,,,,,,,,,3.0,8.0,9.0,19.0,4.0,13.0,6.0,36.0,4.0,,,,,,,,,
S002964,M00250,P0331,T019,,14.0,,,,6.0,,,,,,,,,,,,,,,,,,,,,4.0,6.0,11.0,6.0,4.0,14.0,8.0,69.0,6.0,,,,,,,,,
S002965,M00250,P0330,T019,,4.0,,,,8.0,,,,,,,,,,,,,,,,,,,,,1.0,9.0,11.0,12.0,0.0,15.0,17.0,63.0,4.0,,,,,,,,,
S002966,M00250,P0335,T019,,14.0,,,,8.0,,,,,,,,,,,,,,,,,,,,,4.0,23.0,10.0,21.0,1.0,8.0,6.0,59.0,5.0,,,,,,,,,
S002967,M00250,P0404,T023,,0.0,,,,7.0,,,,,,,,,,,,,,,,,,,,,2.0,29.0,2.0,7.0,2.0,8.0,15.0,82.0,5.0,,,,,,,,,
S002968,M00250,P0408,T023,,11.0,,,,3.0,,,,,,,,,,,,,,,,,,,,,5.0,5.0,3.0,11.0,3.0,14.0,4.0,76.0,1.0,,,,,,,,,
S002969,M00250,P0400,T023,,10.0,,,,8.0,,,,,,,,,,,,,,,,,,,,,1.0,17.0,9.0,7.0,2.0,0.0,17.0,40.0,8.0,,,,,,,,,
S002970,M00250,P0402,T023,,9.0,,,,6.0,,,,,,,,,,,,,,,,,,,,,2.0,29.0,15.0,14.0,4.0,3.0,20.0,45.0,7.0,,,,,,,,,
S002971,M00250,P0398,T023,,13.0,,,,0.0,,,,,,,,,,,,,,,,,,,,,1.0,30.0,7.0,23.0,2.0,5.0,6.0,72.0,1.0,,,,,,,,,
S002972,M00250,P0394,T023,,18.0,,,,3.0,,,,,,,,,,,,,,,,,,,,,3.0,18.0,12.0,20.0,4.0,2.0,7.0,37.0,1.0,,,,,,,,,
S002973,M00250,P0399,T023,,3.0,,,,1.0,,,,,,,,,,,,,,,,,,,,,3.0,21.0,13.0,12.0,3.0,0.0,0.0,47.0,7.0,,,,,,,,,
S002974,M00250,P0396,T023,,1.0,,,,4.0,,,,,,,,,,,,,,,,,,,,,5.0,14.0,8.0,14.0,4.0,8.0,1.0,79.0,5.0,,,,,,,,,
S002975,M00250,P0406,T023,,2.0,,,,3.0,,,,,,,,,,,,,,,,,,,,,5.0,15.0,3.0,24.0,2.0,4.0,15.0,65.0,1.0,,,,,,,,,
S002976,M00250,P0403,T023,,19.0,,,,6.0,,,,,,,,,,,,,,,,,,,,,1.0,26.0,4.0,22.0,4.0,1.0,0.0,69.0,8.0,,,,,,,,,
S002977,M00252,P0390,T022,,2.0,,,,6.0,,,,,,,,,,,,,,,,,,,,,3.0,18.0,12.0,17.0,0.0,3.0,15.0,78.0,7.0,,,,,,,,,
S002978,M00252,P0383,T022,,19.0,,,,0.0,,,,,,,,,,,,,,,,,,,,,2.0,13.0,4.0,18.0,3.0,1.0,17.0,31.0,5.0,,,,,,,,,
S002979,M00252,P0387,T022,,23.0,,,,2.0,,,,,,,,,,,,,,,,,,,,,5.0,16.0,10.0,13.0,5.0,0.0,8.0,69.0,7.0,,,,,,,,,
S002980,M00252,P0377,T022,,22.0,,,,5.0,,,,,,,,,,,,,,,,,,,,,4.0,26.0,11.0,20.0,1.0,9.0,0.0,32.0,3.0,,,,,,,,,
S002981,M00252,P0389,T022,,6.0,,,,1.0,,,,,,,,,,,,,,,,,,,,,1.0,7.0,7.0,21.0,3.0,2.0,14.0,52.0,8.0,,,,,,,,,
S002982,M00252,P0391,T022,,13.0,,,,2.0,,,,,,,,,,,,,,,,,,,,,5.0,10.0,14.0,14.0,4.0,9.0,20.0,89.0,7.0,,,,,,,,,
S002983,M00252,P0385,T022,,8.0,,,,4.0,,,,,,,,,,,,,,,,,,,,,4.0,25.0,3.0,23.0,2.0,6.0,5.0,53.0,1.0,,,,,,,,,
S002984,M00252,P0378,T022,,18.0,,,,0.0,,,,,,,,,,,,,,,,,,,,,5.0,6.0,3.0,9.0,3.0,7.0,6.0,46.0,2.0,,,,,,,,,
S002985,M00252,P0386,T022,,14.0,,,,7.0,,,,,,,,,,,,,,,,,,,,,2.0,29.0,9.0,6.0,4.0,10.0,18.0,49.0,2.0,,,,,,,,,
S002986,M00252,P0379,T022,,16.0,,,,5.0,,,,,,,,,,,,,,,,,,,,,4.0,10.0,5.0,16.0,2.0,6.0,8.0,46.0,8.0,,,,,,,,,
S002987,M00252,P0352,T020,,15.0,,,,4.0,,,,,,,,,,,,,,,,,,,,,3.0,17.0,11.0,8.0,5.0,11.0,3.0,43.0,8.0,,,,,,,,,
S002988,M00252,P0348,T020,,11.0,,,,2.0,,,,,,,,,,,,,,,,,,,,,3.0,30.0,5.0,11.0,3.0,11.0,0.0,62.0,3.0,,,,,,,,,
S002989,M00252,P0350,T020,,15.0,,,,7.0,,,,,,,,,,,,,,,,,,,,,5.0,12.0,3.0,15.0,1.0,10.0,4.0,73.0,3.0,,,,,,,,,
S002990,M00252,P0355,T020,,8.0,,,,2.0,,,,,,,,,,,,,,,,,,,,,2.0,12.0,6.0,8.0,5.0,6.0,18.0,52.0,7.0,,,,,,,,,
S002991,M00252,P0357,T020,,13.0,,,,2.0,,,,,,,,,,,,,,,,,,,,,5.0,15.0,8.0,22.0,0.0,15.0,6.0,86.0,3.0,,,,,,,,,
S002992,M00252,P0347,T020,,0.0,,,,4.0,,,,,,,,,,,,,,,,,,,,,3.0,5.0,8.0,15.0,2.0,1.0,9.0,80.0,8.0,,,,,,,,,
S002993,M00252,P0361,T020,,19.0,,,,7.0,,,,,,,,,,,,,,,,,,,,,2.0,14.0,2.0,22.0,1.0,12.0,5.0,53.0,5.0,,,,,,,,,
S002994,M00252,P0356,T020,,14.0,,,,3.0,,,,,,,,,,,,,,,,,,,,,5.0,28.0,4.0,19.0,0.0,13.0,5.0,70.0,5.0,,,,,,,,,
S002995,M00252,P0362,T020,,14.0,,,,6.0,,,,,,,,,,,,,,,,,,,,,5.0,28.0,5.0,5.0,4.0,1.0,11.0,52.0,8.0,,,,,,,,,
S002996,M00252,P0354,T020,,21.0,,,,2.0,,,,,,,,,,,,,,,,,,,,,2.0,9.0,8.0,11.0,5.0,2.0,13.0,59.0,5.0,,,,,,,,,
S002997,M00254,P0296,T017,,24.0,,,,4.0,,,,,,,,,,,,,,,,,,,,,3.0,8.0,15.0,19.0,3.0,10.0,12.0,84.0,8.0,,,,,,,,,
S002998,M00254,P0298,T017,,22.0,,,,3.0,,,,,,,,,,,,,,,,,,,,,5.0,26.0,8.0,20.0,0.0,7.0,14.0,67.0,8.0,,,,,,,,,
S002999,M00254,P0312,T017,,0.0,,,,5.0,,,,,,,,,,,,,,,,,,,,,4.0,21.0,2.0,12.0,4.0,5.0,17.0,89.0,8.0,,,,,,,,,
S003000,M00254,P0301,T017,,25.0,,,,2.0,,,,,,,,,,,,,,,,,,,,,1.0,10.0,13.0,25.0,1.0,12.0,10.0,58.0,5.0,,,,,,,,,
S003001,M00254,P0299,T017,,24.0,,,,6.0,,,,,,,,,,,,,,,,,,,,,2.0,25.0,9.0,13.0,2.0,10.0,3.0,40.0,5.0,,,,,,,,,
S003002,M00254,P0311,T017,,4.0,,,,0.0,,,,,,,,,,,,,,,,,,,,,4.0,10.0,4.0,22.0,5.0,6.0,8.0,79.0,6.0,,,,,,,,,
S003003,M00254,P0306,T017,,21.0,,,,2.0,,,,,,,,,,,,,,,,,,,,,3.0,13.0,14.0,23.0,4.0,12.0,3.0,43.0,8.0,,,,,,,,,
S003004,M00254,P0303,T017,,14.0,,,,6.0,,,,,,,,,,,,,,,,,,,,,1.0,7.0,10.0,6.0,5.0,13.0,18.0,67.0,3.0,,,,,,,,,
S003005,M00254,P0313,T017,,19.0,,,,1.0,,,,,,,,,,,,,,,,,,,,,5.0,13.0,7.0,6.0,3.0,6.0,16.0,76.0,2.0,,,,,,,,,
S003006,M00254,P0309,T017,,4.0,,,,2.0,,,,,,,,,,,,,,,,,,,,,5.0,7.0,8.0,23.0,4.0,12.0,0.0,49.0,2.0,,,,,,,,,
S003007,M00254,P0384,T022,,20.0,,,,6.0,,,,,,,,,,,,,,,,,,,,,2.0,5.0,7.0,24.0,2.0,13.0,5.0,50.0,0.0,,,,,,,,,
S003008,M00254,P0385,T022,,12.0,,,,1.0,,,,,,,,,,,,,,,,,,,,,5.0,24.0,6.0,9.0,1.0,10.0,5.0,65.0,8.0,,,,,,,,,
S003009,M00254,P0382,T022,,19.0,,,,0.0,,,,,,,,,,,,,,,,,,,,,5.0,23.0,12.0,22.0,4.0,12.0,0.0,63.0,1.0,,,,,,,,,
S003010,M00254,P0388,T022,,0.0,,,,4.0,,,,,,,,,,,,,,,,,,,,,1.0,19.0,3.0,24.0,5.0,5.0,6.0,75.0,6.0,,,,,,,,,
S003011,M00254,P0391,T022,,7.0,,,,8.0,,,,,,,,,,,,,,,,,,,,,1.0,29.0,8.0,5.0,4.0,10.0,17.0,72.0,8.0,,,,,,,,,
S003012,M00254,P0378,T022,,8.0,,,,4.0,,,,,,,,,,,,,,,,,,,,,3.0,30.0,14.0,11.0,3.0,4.0,3.0,83.0,3.0,,,,,,,,,
S003013,M00254,P0377,T022,,13.0,,,,7.0,,,,,,,,,,,,,,,,,,,,,2.0,30.0,13.0,20.0,3.0,6.0,17.0,80.0,3.0,,,,,,,,,
S003014,M00254,P0380,T022,,22.0,,,,8.0,,,,,,,,,,,,,,,,,,,,,1.0,23.0,3.0,6.0,2.0,7.0,16.0,87.0,4.0,,,,,,,,,
S003015,M00254,P0387,T022,,1.0,,,,7.0,,,,,,,,,,,,,,,,,,,,,2.0,29.0,11.0,23.0,3.0,10.0,12.0,62.0,4.0,,,,,,,,,
S003016,M00254,P0389,T022,,3.0,,,,8.0,,,,,,,,,,,,,,,,,,,,,2.0,22.0,3.0,6.0,0.0,15.0,8.0,59.0,2.0,,,,,,,,,
S003017,M00263,P0418,T024,,0.0,,,,2.0,,,,,,,,,,,,,,,,,,,,,4.0,11.0,2.0,11.0,0.0,4.0,2.0,61.0,8.0,,,,,,,,,
S003018,M00263,P0410,T024,,14.0,,,,0.0,,,,,,,,,,,,,,,,,,,,,1.0,30.0,14.0,14.0,1.0,7.0,4.0,61.0,5.0,,,,,,,,,
S003019,M00263,P0412,T024,,17.0,,,,1.0,,,,,,,,,,,,,,,,,,,,,5.0,22.0,3.0,22.0,2.0,5.0,0.0,56.0,3.0,,,,,,,,,
S003020,M00263,P0419,T024,,8.0,,,,5.0,,,,,,,,,,,,,,,,,,,,,1.0,8.0,8.0,9.0,3.0,5.0,12.0,35.0,8.0,,,,,,,,,
S003021,M00263,P0417,T024,,3.0,,,,5.0,,,,,,,,,,,,,,,,,,,,,5.0,5.0,11.0,12.0,0.0,1.0,0.0,87.0,1.0,,,,,,,,,
S003022,M00263,P0416,T024,,19.0,,,,2.0,,,,,,,,,,,,,,,,,,,,,4.0,26.0,15.0,15.0,0.0,7.0,12.0,85.0,2.0,,,,,,,,,
S003023,M00263,P0420,T024,,6.0,,,,0.0,,,,,,,,,,,,,,,,,,,,,2.0,22.0,12.0,7.0,1.0,14.0,1.0,41.0,0.0,,,,,,,,,
S003024,M00263,P0411,T024,,20.0,,,,1.0,,,,,,,,,,,,,,,,,,,,,5.0,22.0,15.0,24.0,2.0,0.0,2.0,85.0,4.0,,,,,,,,,
S003025,M00263,P0414,T024,,19.0,,,,3.0,,,,,,,,,,,,,,,,,,,,,4.0,17.0,3.0,17.0,0.0,14.0,15.0,39.0,7.0,,,,,,,,,
S003026,M00263,P0415,T024,,1.0,,,,4.0,,,,,,,,,,,,,,,,,,,,,2.0,25.0,13.0,16.0,0.0,0.0,13.0,77.0,3.0,,,,,,,,,
S003027,M00263,P0374,T021,,13.0,,,,1.0,,,,,,,,,,,,,,,,,,,,,2.0,9.0,7.0,6.0,2.0,8.0,12.0,90.0,1.0,,,,,,,,,
S003028,M00263,P0373,T021,,7.0,,,,1.0,,,,,,,,,,,,,,,,,,,,,4.0,6.0,7.0,15.0,0.0,6.0,7.0,72.0,2.0,,,,,,,,,
S003029,M00263,P0368,T021,,18.0,,,,3.0,,,,,,,,,,,,,,,,,,,,,1.0,17.0,9.0,6.0,4.0,4.0,9.0,30.0,7.0,,,,,,,,,
S003030,M00263,P0366,T021,,2.0,,,,3.0,,,,,,,,,,,,,,,,,,,,,3.0,25.0,15.0,15.0,4.0,13.0,13.0,51.0,3.0,,,,,,,,,
S003031,M00263,P0375,T021,,18.0,,,,6.0,,,,,,,,,,,,,,,,,,,,,2.0,6.0,5.0,12.0,5.0,11.0,15.0,47.0,3.0,,,,,,,,,
S003032,M00263,P0372,T021,,19.0,,,,5.0,,,,,,,,,,,,,,,,,,,,,2.0,8.0,11.0,21.0,0.0,0.0,0.0,80.0,8.0,,,,,,,,,
S003033,M00263,P0376,T021,,3.0,,,,6.0,,,,,,,,,,,,,,,,,,,,,3.0,17.0,4.0,20.0,2.0,1.0,2.0,75.0,4.0,,,,,,,,,
S003034,M00263,P0363,T021,,16.0,,,,1.0,,,,,,,,,,,,,,,,,,,,,4.0,12.0,12.0,13.0,3.0,11.0,0.0,83.0,0.0,,,,,,,,,
S003035,M00263,P0369,T021,,18.0,,,,5.0,,,,,,,,,,,,,,,,,,,,,2.0,13.0,14.0,16.0,4.0,9.0,12.0,85.0,4.0,,,,,,,,,
S003036,M00263,P0371,T021,,1.0,,,,1.0,,,,,,,,,,,,,,,,,,,,,2.0,8.0,10.0,25.0,4.0,0.0,4.0,43.0,2.0,,,,,,,,,
S003037,M00264,P0296,T017,,23.0,,,,1.0,,,,,,,,,,,,,,,,,,,,,4.0,5.0,15.0,20.0,2.0,1.0,14.0,51.0,1.0,,,,,,,,,
S003038,M00264,P0299,T017,,5.0,,,,7.0,,,,,,,,,,,,,,,,,,,,,5.0,17.0,15.0,20.0,5.0,11.0,0.0,47.0,6.0,,,,,,,,,
S003039,M00264,P0308,T017,,12.0,,,,2.0,,,,,,,,,,,,,,,,,,,,,1.0,25.0,4.0,25.0,4.0,9.0,6.0,76.0,6.0,,,,,,,,,
S003040,M00264,P0301,T017,,13.0,,,,8.0,,,,,,,,,,,,,,,,,,,,,3.0,22.0,13.0,25.0,3.0,5.0,0.0,39.0,0.0,,,,,,,,,
S003041,M00264,P0297,T017,,17.0,,,,0.0,,,,,,,,,,,,,,,,,,,,,3.0,20.0,3.0,12.0,3.0,10.0,7.0,48.0,7.0,,,,,,,,,
S003042,M00264,P0305,T017,,24.0,,,,4.0,,,,,,,,,,,,,,,,,,,,,4.0,14.0,3.0,14.0,1.0,15.0,3.0,73.0,7.0,,,,,,,,,
S003043,M00264,P0304,T017,,10.0,,,,4.0,,,,,,,,,,,,,,,,,,,,,3.0,11.0,3.0,16.0,4.0,11.0,11.0,30.0,8.0,,,,,,,,,
S003044,M00264,P0307,T017,,1.0,,,,0.0,,,,,,,,,,,,,,,,,,,,,1.0,9.0,12.0,18.0,5.0,11.0,9.0,60.0,3.0,,,,,,,,,
S003045,M00264,P0311,T017,,13.0,,,,7.0,,,,,,,,,,,,,,,,,,,,,3.0,13.0,4.0,9.0,4.0,8.0,6.0,56.0,1.0,,,,,,,,,
S003046,M00264,P0313,T017,,25.0,,,,8.0,,,,,,,,,,,,,,,,,,,,,1.0,24.0,2.0,10.0,2.0,10.0,1.0,71.0,8.0,,,,,,,,,
S003047,M00264,P0395,T023,,0.0,,,,1.0,,,,,,,,,,,,,,,,,,,,,4.0,19.0,6.0,20.0,0.0,13.0,0.0,40.0,2.0,,,,,,,,,
S003048,M00264,P0400,T023,,5.0,,,,3.0,,,,,,,,,,,,,,,,,,,,,3.0,15.0,7.0,7.0,1.0,8.0,2.0,58.0,6.0,,,,,,,,,
S003049,M00264,P0403,T023,,5.0,,,,5.0,,,,,,,,,,,,,,,,,,,,,2.0,22.0,2.0,14.0,0.0,15.0,11.0,47.0,0.0,,,,,,,,,
S003050,M00264,P0398,T023,,12.0,,,,0.0,,,,,,,,,,,,,,,,,,,,,1.0,12.0,9.0,16.0,4.0,8.0,17.0,40.0,8.0,,,,,,,,,
S003051,M00264,P0402,T023,,14.0,,,,3.0,,,,,,,,,,,,,,,,,,,,,1.0,11.0,11.0,11.0,4.0,12.0,19.0,70.0,1.0,,,,,,,,,
S003052,M00264,P0396,T023,,24.0,,,,2.0,,,,,,,,,,,,,,,,,,,,,1.0,29.0,10.0,23.0,3.0,11.0,13.0,90.0,1.0,,,,,,,,,
S003053,M00264,P0399,T023,,25.0,,,,6.0,,,,,,,,,,,,,,,,,,,,,2.0,6.0,14.0,14.0,3.0,8.0,13.0,83.0,7.0,,,,,,,,,
S003054,M00264,P0392,T023,,8.0,,,,5.0,,,,,,,,,,,,,,,,,,,,,4.0,19.0,10.0,17.0,1.0,10.0,1.0,65.0,4.0,,,,,,,,,
S003055,M00264,P0394,T023,,1.0,,,,1.0,,,,,,,,,,,,,,,,,,,,,3.0,28.0,12.0,25.0,2.0,7.0,18.0,67.0,2.0,,,,,,,,,
S003056,M00264,P0408,T023,,14.0,,,,2.0,,,,,,,,,,,,,,,,,,,,,3.0,5.0,11.0,21.0,3.0,3.0,0.0,39.0,8.0,,,,,,,,,
S003057,M00265,P0358,T020,,4.0,,,,2.0,,,,,,,,,,,,,,,,,,,,,3.0,5.0,5.0,22.0,3.0,10.0,18.0,37.0,8.0,,,,,,,,,
S003058,M00265,P0357,T020,,18.0,,,,8.0,,,,,,,,,,,,,,,,,,,,,1.0,30.0,15.0,6.0,2.0,5.0,16.0,84.0,3.0,,,,,,,,,
S003059,M00265,P0352,T020,,24.0,,,,5.0,,,,,,,,,,,,,,,,,,,,,5.0,6.0,15.0,11.0,0.0,13.0,15.0,44.0,0.0,,,,,,,,,
S003060,M00265,P0359,T020,,7.0,,,,3.0,,,,,,,,,,,,,,,,,,,,,5.0,30.0,2.0,22.0,4.0,9.0,0.0,36.0,6.0,,,,,,,,,
S003061,M00265,P0348,T020,,14.0,,,,2.0,,,,,,,,,,,,,,,,,,,,,4.0,30.0,8.0,7.0,4.0,3.0,0.0,51.0,0.0,,,,,,,,,
S003062,M00265,P0351,T020,,3.0,,,,0.0,,,,,,,,,,,,,,,,,,,,,4.0,23.0,9.0,24.0,2.0,15.0,9.0,88.0,4.0,,,,,,,,,
S003063,M00265,P0350,T020,,22.0,,,,6.0,,,,,,,,,,,,,,,,,,,,,3.0,13.0,2.0,23.0,0.0,9.0,7.0,62.0,7.0,,,,,,,,,
S003064,M00265,P0355,T020,,15.0,,,,4.0,,,,,,,,,,,,,,,,,,,,,4.0,11.0,10.0,12.0,0.0,10.0,11.0,56.0,7.0,,,,,,,,,
S003065,M00265,P0349,T020,,19.0,,,,7.0,,,,,,,,,,,,,,,,,,,,,4.0,15.0,11.0,24.0,1.0,12.0,5.0,77.0,6.0,,,,,,,,,
S003066,M00265,P0354,T020,,5.0,,,,3.0,,,,,,,,,,,,,,,,,,,,,2.0,27.0,9.0,10.0,2.0,7.0,15.0,78.0,0.0,,,,,,,,,
S003067,M00265,P0320,T018,,24.0,,,,1.0,,,,,,,,,,,,,,,,,,,,,4.0,15.0,12.0,13.0,0.0,7.0,9.0,42.0,0.0,,,,,,,,,
S003068,M00265,P0324,T018,,12.0,,,,3.0,,,,,,,,,,,,,,,,,,,,,4.0,21.0,12.0,9.0,4.0,14.0,12.0,81.0,8.0,,,,,,,,,
S003069,M00265,P0327,T018,,20.0,,,,6.0,,,,,,,,,,,,,,,,,,,,,1.0,25.0,13.0,6.0,2.0,2.0,18.0,36.0,7.0,,,,,,,,,
S003070,M00265,P0328,T018,,5.0,,,,2.0,,,,,,,,,,,,,,,,,,,,,1.0,26.0,6.0,12.0,3.0,7.0,14.0,46.0,3.0,,,,,,,,,
S003071,M00265,P0323,T018,,7.0,,,,1.0,,,,,,,,,,,,,,,,,,,,,4.0,22.0,2.0,11.0,0.0,8.0,6.0,48.0,1.0,,,,,,,,,
S003072,M00265,P0315,T018,,11.0,,,,1.0,,,,,,,,,,,,,,,,,,,,,2.0,26.0,9.0,18.0,5.0,4.0,13.0,37.0,1.0,,,,,,,,,
S003073,M00265,P0325,T018,,23.0,,,,6.0,,,,,,,,,,,,,,,,,,,,,1.0,14.0,9.0,10.0,0.0,14.0,6.0,46.0,7.0,,,,,,,,,
S003074,M00265,P0314,T018,,15.0,,,,3.0,,,,,,,,,,,,,,,,,,,,,5.0,30.0,14.0,16.0,2.0,3.0,8.0,82.0,5.0,,,,,,,,,
S003075,M00265,P0319,T018,,25.0,,,,4.0,,,,,,,,,,,,,,,,,,,,,3.0,18.0,15.0,19.0,1.0,2.0,20.0,36.0,6.0,,,,,,,,,
S003076,M00265,P0317,T018,,17.0,,,,2.0,,,,,,,,,,,,,,,,,,,,,5.0,15.0,11.0,17.0,3.0,7.0,15.0,70.0,0.0,,,,,,,,,
S003077,M00267,P0392,T023,,16.0,,,,6.0,,,,,,,,,,,,,,,,,,,,,4.0,28.0,3.0,16.0,3.0,0.0,16.0,63.0,0.0,,,,,,,,,
S003078,M00267,P0400,T023,,2.0,,,,0.0,,,,,,,,,,,,,,,,,,,,,3.0,21.0,12.0,9.0,2.0,9.0,12.0,81.0,2.0,,,,,,,,,
S003079,M00267,P0395,T023,,16.0,,,,6.0,,,,,,,,,,,,,,,,,,,,,5.0,30.0,4.0,7.0,3.0,6.0,8.0,74.0,6.0,,,,,,,,,
S003080,M00267,P0407,T023,,25.0,,,,3.0,,,,,,,,,,,,,,,,,,,,,1.0,22.0,9.0,18.0,1.0,2.0,8.0,66.0,3.0,,,,,,,,,
S003081,M00267,P0406,T023,,16.0,,,,7.0,,,,,,,,,,,,,,,,,,,,,1.0,7.0,5.0,9.0,1.0,6.0,16.0,77.0,0.0,,,,,,,,,
S003082,M00267,P0408,T023,,10.0,,,,3.0,,,,,,,,,,,,,,,,,,,,,3.0,5.0,12.0,5.0,5.0,7.0,8.0,66.0,1.0,,,,,,,,,
S003083,M00267,P0393,T023,,12.0,,,,6.0,,,,,,,,,,,,,,,,,,,,,1.0,14.0,9.0,13.0,4.0,5.0,15.0,42.0,8.0,,,,,,,,,
S003084,M00267,P0396,T023,,17.0,,,,3.0,,,,,,,,,,,,,,,,,,,,,4.0,30.0,3.0,12.0,5.0,15.0,20.0,38.0,2.0,,,,,,,,,
S003085,M00267,P0405,T023,,25.0,,,,8.0,,,,,,,,,,,,,,,,,,,,,4.0,27.0,14.0,8.0,4.0,2.0,11.0,52.0,3.0,,,,,,,,,
S003086,M00267,P0397,T023,,5.0,,,,8.0,,,,,,,,,,,,,,,,,,,,,5.0,16.0,13.0,22.0,1.0,1.0,5.0,35.0,3.0,,,,,,,,,
S003087,M00267,P0342,T019,,23.0,,,,8.0,,,,,,,,,,,,,,,,,,,,,1.0,20.0,14.0,19.0,3.0,0.0,4.0,62.0,7.0,,,,,,,,,
S003088,M00267,P0345,T019,,19.0,,,,2.0,,,,,,,,,,,,,,,,,,,,,3.0,5.0,9.0,18.0,5.0,8.0,16.0,62.0,1.0,,,,,,,,,
S003089,M00267,P0331,T019,,10.0,,,,3.0,,,,,,,,,,,,,,,,,,,,,1.0,27.0,2.0,23.0,0.0,13.0,15.0,64.0,1.0,,,,,,,,,
S003090,M00267,P0336,T019,,16.0,,,,3.0,,,,,,,,,,,,,,,,,,,,,2.0,21.0,12.0,19.0,4.0,7.0,19.0,71.0,8.0,,,,,,,,,
S003091,M00267,P0330,T019,,20.0,,,,0.0,,,,,,,,,,,,,,,,,,,,,3.0,23.0,5.0,22.0,1.0,5.0,14.0,71.0,8.0,,,,,,,,,
S003092,M00267,P0340,T019,,8.0,,,,5.0,,,,,,,,,,,,,,,,,,,,,1.0,18.0,11.0,12.0,4.0,10.0,7.0,82.0,6.0,,,,,,,,,
S003093,M00267,P0333,T019,,16.0,,,,3.0,,,,,,,,,,,,,,,,,,,,,5.0,28.0,4.0,10.0,0.0,14.0,5.0,70.0,4.0,,,,,,,,,
S003094,M00267,P0341,T019,,13.0,,,,1.0,,,,,,,,,,,,,,,,,,,,,5.0,8.0,15.0,15.0,3.0,5.0,7.0,33.0,6.0,,,,,,,,,
S003095,M00267,P0338,T019,,17.0,,,,4.0,,,,,,,,,,,,,,,,,,,,,4.0,5.0,3.0,17.0,3.0,1.0,2.0,47.0,1.0,,,,,,,,,
S003096,M00267,P0334,T019,,17.0,,,,4.0,,,,,,,,,,,,,,,,,,,,,2.0,5.0,6.0,19.0,0.0,5.0,1.0,65.0,3.0,,,,,,,,,
S003097,M00268,P0389,T022,,14.0,,,,8.0,,,,,,,,,,,,,,,,,,,,,2.0,22.0,12.0,18.0,5.0,2.0,15.0,89.0,3.0,,,,,,,,,
S003098,M00268,P0383,T022,,25.0,,,,6.0,,,,,,,,,,,,,,,,,,,,,2.0,19.0,9.0,5.0,5.0,13.0,6.0,69.0,5.0,,,,,,,,,
S003099,M00268,P0379,T022,,22.0,,,,8.0,,,,,,,,,,,,,,,,,,,,,1.0,12.0,8.0,23.0,4.0,1.0,13.0,53.0,7.0,,,,,,,,,
S003100,M00268,P0381,T022,,2.0,,,,8.0,,,,,,,,,,,,,,,,,,,,,3.0,27.0,8.0,13.0,5.0,7.0,13.0,55.0,3.0,,,,,,,,,
S003101,M00268,P0385,T022,,15.0,,,,5.0,,,,,,,,,,,,,,,,,,,,,2.0,28.0,15.0,18.0,0.0,8.0,11.0,44.0,5.0,,,,,,,,,
S003102,M00268,P0384,T022,,14.0,,,,7.0,,,,,,,,,,,,,,,,,,,,,4.0,20.0,13.0,21.0,2.0,4.0,19.0,47.0,5.0,,,,,,,,,
S003103,M00268,P0388,T022,,7.0,,,,8.0,,,,,,,,,,,,,,,,,,,,,5.0,18.0,3.0,21.0,5.0,6.0,14.0,48.0,4.0,,,,,,,,,
S003104,M00268,P0382,T022,,18.0,,,,6.0,,,,,,,,,,,,,,,,,,,,,5.0,10.0,5.0,6.0,2.0,4.0,8.0,47.0,5.0,,,,,,,,,
S003105,M00268,P0380,T022,,5.0,,,,6.0,,,,,,,,,,,,,,,,,,,,,1.0,16.0,15.0,20.0,5.0,1.0,4.0,37.0,7.0,,,,,,,,,
S003106,M00268,P0378,T022,,5.0,,,,8.0,,,,,,,,,,,,,,,,,,,,,5.0,24.0,7.0,22.0,0.0,12.0,3.0,76.0,0.0,,,,,,,,,
S003107,M00268,P0321,T018,,23.0,,,,3.0,,,,,,,,,,,,,,,,,,,,,5.0,5.0,6.0,20.0,2.0,2.0,20.0,40.0,6.0,,,,,,,,,
S003108,M00268,P0329,T018,,17.0,,,,6.0,,,,,,,,,,,,,,,,,,,,,5.0,5.0,10.0,15.0,2.0,3.0,0.0,63.0,6.0,,,,,,,,,
S003109,M00268,P0325,T018,,19.0,,,,0.0,,,,,,,,,,,,,,,,,,,,,1.0,23.0,9.0,20.0,5.0,6.0,19.0,80.0,3.0,,,,,,,,,
S003110,M00268,P0320,T018,,7.0,,,,4.0,,,,,,,,,,,,,,,,,,,,,1.0,9.0,11.0,6.0,1.0,15.0,11.0,67.0,4.0,,,,,,,,,
S003111,M00268,P0317,T018,,11.0,,,,6.0,,,,,,,,,,,,,,,,,,,,,2.0,6.0,3.0,16.0,3.0,11.0,11.0,50.0,7.0,,,,,,,,,
S003112,M00268,P0316,T018,,16.0,,,,2.0,,,,,,,,,,,,,,,,,,,,,3.0,17.0,5.0,22.0,0.0,0.0,15.0,72.0,0.0,,,,,,,,,
S003113,M00268,P0323,T018,,12.0,,,,5.0,,,,,,,,,,,,,,,,,,,,,3.0,6.0,15.0,15.0,3.0,6.0,16.0,75.0,4.0,,,,,,,,,
S003114,M00268,P0318,T018,,1.0,,,,0.0,,,,,,,,,,,,,,,,,,,,,1.0,23.0,8.0,5.0,5.0,13.0,12.0,82.0,1.0,,,,,,,,,
S003115,M00268,P0314,T018,,25.0,,,,1.0,,,,,,,,,,,,,,,,,,,,,4.0,26.0,15.0,15.0,1.0,2.0,14.0,54.0,6.0,,,,,,,,,
S003116,M00268,P0315,T018,,25.0,,,,4.0,,,,,,,,,,,,,,,,,,,,,1.0,27.0,4.0,14.0,5.0,11.0,12.0,68.0,7.0,,,,,,,,,
S003117,M00270,P0316,T018,,25.0,,,,6.0,,,,,,,,,,,,,,,,,,,,,3.0,16.0,6.0,5.0,3.0,6.0,8.0,79.0,2.0,,,,,,,,,
S003118,M00270,P0322,T018,,0.0,,,,3.0,,,,,,,,,,,,,,,,,,,,,4.0,16.0,5.0,21.0,4.0,5.0,20.0,49.0,6.0,,,,,,,,,
S003119,M00270,P0315,T018,,12.0,,,,0.0,,,,,,,,,,,,,,,,,,,,,5.0,17.0,13.0,22.0,5.0,3.0,16.0,59.0,5.0,,,,,,,,,
S003120,M00270,P0318,T018,,17.0,,,,1.0,,,,,,,,,,,,,,,,,,,,,5.0,6.0,6.0,14.0,5.0,0.0,6.0,56.0,3.0,,,,,,,,,
S003121,M00270,P0317,T018,,16.0,,,,5.0,,,,,,,,,,,,,,,,,,,,,3.0,19.0,6.0,8.0,1.0,12.0,3.0,88.0,3.0,,,,,,,,,
S003122,M00270,P0325,T018,,19.0,,,,2.0,,,,,,,,,,,,,,,,,,,,,4.0,6.0,15.0,10.0,5.0,6.0,0.0,68.0,4.0,,,,,,,,,
S003123,M00270,P0320,T018,,6.0,,,,2.0,,,,,,,,,,,,,,,,,,,,,3.0,7.0,12.0,7.0,1.0,8.0,10.0,51.0,7.0,,,,,,,,,
S003124,M00270,P0321,T018,,19.0,,,,0.0,,,,,,,,,,,,,,,,,,,,,5.0,24.0,2.0,20.0,1.0,10.0,12.0,54.0,8.0,,,,,,,,,
S003125,M00270,P0319,T018,,4.0,,,,6.0,,,,,,,,,,,,,,,,,,,,,4.0,12.0,2.0,25.0,1.0,13.0,11.0,58.0,8.0,,,,,,,,,
S003126,M00270,P0324,T018,,14.0,,,,5.0,,,,,,,,,,,,,,,,,,,,,2.0,27.0,3.0,8.0,0.0,9.0,3.0,45.0,6.0,,,,,,,,,
S003127,M00270,P0370,T021,,19.0,,,,3.0,,,,,,,,,,,,,,,,,,,,,3.0,17.0,9.0,19.0,0.0,13.0,15.0,50.0,5.0,,,,,,,,,
S003128,M00270,P0376,T021,,18.0,,,,2.0,,,,,,,,,,,,,,,,,,,,,4.0,8.0,14.0,5.0,4.0,9.0,10.0,46.0,0.0,,,,,,,,,
S003129,M00270,P0375,T021,,17.0,,,,4.0,,,,,,,,,,,,,,,,,,,,,2.0,27.0,11.0,14.0,1.0,4.0,12.0,83.0,7.0,,,,,,,,,
S003130,M00270,P0369,T021,,18.0,,,,3.0,,,,,,,,,,,,,,,,,,,,,4.0,13.0,3.0,17.0,3.0,15.0,8.0,79.0,8.0,,,,,,,,,
S003131,M00270,P0374,T021,,13.0,,,,6.0,,,,,,,,,,,,,,,,,,,,,5.0,21.0,11.0,24.0,0.0,15.0,16.0,57.0,3.0,,,,,,,,,
S003132,M00270,P0368,T021,,2.0,,,,8.0,,,,,,,,,,,,,,,,,,,,,5.0,14.0,3.0,12.0,2.0,1.0,19.0,48.0,0.0,,,,,,,,,
S003133,M00270,P0366,T021,,25.0,,,,7.0,,,,,,,,,,,,,,,,,,,,,3.0,14.0,6.0,13.0,1.0,14.0,1.0,58.0,2.0,,,,,,,,,
S003134,M00270,P0371,T021,,9.0,,,,2.0,,,,,,,,,,,,,,,,,,,,,3.0,13.0,7.0,20.0,4.0,13.0,2.0,33.0,5.0,,,,,,,,,
S003135,M00270,P0364,T021,,14.0,,,,8.0,,,,,,,,,,,,,,,,,,,,,3.0,25.0,4.0,20.0,2.0,1.0,14.0,50.0,1.0,,,,,,,,,
S003136,M00270,P0373,T021,,7.0,,,,4.0,,,,,,,,,,,,,,,,,,,,,5.0,24.0,3.0,17.0,0.0,7.0,14.0,64.0,2.0,,,,,,,,,
S003137,M00271,P0371,T021,,17.0,,,,7.0,,,,,,,,,,,,,,,,,,,,,3.0,20.0,9.0,5.0,5.0,15.0,11.0,31.0,1.0,,,,,,,,,
S003138,M00271,P0363,T021,,18.0,,,,3.0,,,,,,,,,,,,,,,,,,,,,2.0,25.0,12.0,24.0,5.0,5.0,10.0,55.0,7.0,,,,,,,,,
S003139,M00271,P0366,T021,,15.0,,,,4.0,,,,,,,,,,,,,,,,,,,,,5.0,27.0,14.0,17.0,1.0,2.0,15.0,79.0,7.0,,,,,,,,,
S003140,M00271,P0368,T021,,16.0,,,,6.0,,,,,,,,,,,,,,,,,,,,,1.0,17.0,4.0,18.0,5.0,14.0,16.0,56.0,1.0,,,,,,,,,
S003141,M00271,P0369,T021,,7.0,,,,8.0,,,,,,,,,,,,,,,,,,,,,4.0,30.0,5.0,17.0,1.0,3.0,7.0,30.0,3.0,,,,,,,,,
S003142,M00271,P0376,T021,,23.0,,,,2.0,,,,,,,,,,,,,,,,,,,,,2.0,30.0,8.0,14.0,5.0,13.0,9.0,31.0,4.0,,,,,,,,,
S003143,M00271,P0364,T021,,12.0,,,,4.0,,,,,,,,,,,,,,,,,,,,,4.0,16.0,14.0,23.0,3.0,14.0,0.0,79.0,5.0,,,,,,,,,
S003144,M00271,P0373,T021,,12.0,,,,3.0,,,,,,,,,,,,,,,,,,,,,2.0,14.0,6.0,13.0,4.0,10.0,9.0,36.0,2.0,,,,,,,,,
S003145,M00271,P0375,T021,,20.0,,,,2.0,,,,,,,,,,,,,,,,,,,,,1.0,19.0,8.0,6.0,4.0,1.0,2.0,74.0,2.0,,,,,,,,,
S003146,M00271,P0367,T021,,19.0,,,,8.0,,,,,,,,,,,,,,,,,,,,,5.0,12.0,6.0,10.0,4.0,0.0,0.0,80.0,2.0,,,,,,,,,
S003147,M00271,P0409,T024,,19.0,,,,0.0,,,,,,,,,,,,,,,,,,,,,4.0,18.0,11.0,6.0,0.0,5.0,6.0,42.0,1.0,,,,,,,,,
S003148,M00271,P0414,T024,,4.0,,,,0.0,,,,,,,,,,,,,,,,,,,,,3.0,30.0,6.0,13.0,0.0,10.0,20.0,59.0,5.0,,,,,,,,,
S003149,M00271,P0412,T024,,22.0,,,,2.0,,,,,,,,,,,,,,,,,,,,,5.0,13.0,13.0,19.0,3.0,13.0,2.0,71.0,2.0,,,,,,,,,
S003150,M00271,P0415,T024,,14.0,,,,3.0,,,,,,,,,,,,,,,,,,,,,4.0,28.0,15.0,12.0,1.0,7.0,10.0,57.0,4.0,,,,,,,,,
S003151,M00271,P0419,T024,,0.0,,,,4.0,,,,,,,,,,,,,,,,,,,,,2.0,7.0,10.0,13.0,2.0,14.0,12.0,54.0,1.0,,,,,,,,,
S003152,M00271,P0420,T024,,22.0,,,,5.0,,,,,,,,,,,,,,,,,,,,,4.0,26.0,4.0,6.0,5.0,13.0,9.0,34.0,0.0,,,,,,,,,
S003153,M00271,P0411,T024,,2.0,,,,1.0,,,,,,,,,,,,,,,,,,,,,2.0,22.0,6.0,25.0,5.0,15.0,7.0,72.0,2.0,,,,,,,,,
S003154,M00271,P0416,T024,,11.0,,,,4.0,,,,,,,,,,,,,,,,,,,,,4.0,9.0,5.0,25.0,3.0,11.0,11.0,48.0,6.0,,,,,,,,,
S003155,M00271,P0418,T024,,4.0,,,,0.0,,,,,,,,,,,,,,,,,,,,,1.0,26.0,14.0,12.0,4.0,8.0,13.0,59.0,2.0,,,,,,,,,
S003156,M00271,P0413,T024,,8.0,,,,0.0,,,,,,,,,,,,,,,,,,,,,4.0,14.0,12.0,7.0,4.0,5.0,16.0,87.0,1.0,,,,,,,,,
S003157,M00273,P0401,T023,,4.0,,,,6.0,,,,,,,,,,,,,,,,,,,,,4.0,22.0,12.0,25.0,0.0,15.0,16.0,35.0,3.0,,,,,,,,,
S003158,M00273,P0398,T023,,9.0,,,,5.0,,,,,,,,,,,,,,,,,,,,,5.0,27.0,9.0,7.0,1.0,8.0,1.0,59.0,4.0,,,,,,,,,
S003159,M00273,P0405,T023,,2.0,,,,5.0,,,,,,,,,,,,,,,,,,,,,5.0,21.0,15.0,5.0,2.0,4.0,8.0,33.0,5.0,,,,,,,,,
S003160,M00273,P0397,T023,,24.0,,,,5.0,,,,,,,,,,,,,,,,,,,,,3.0,13.0,8.0,7.0,1.0,1.0,12.0,69.0,0.0,,,,,,,,,
S003161,M00273,P0395,T023,,3.0,,,,5.0,,,,,,,,,,,,,,,,,,,,,4.0,8.0,11.0,23.0,3.0,6.0,20.0,58.0,2.0,,,,,,,,,
S003162,M00273,P0406,T023,,7.0,,,,3.0,,,,,,,,,,,,,,,,,,,,,3.0,30.0,2.0,8.0,2.0,8.0,12.0,49.0,3.0,,,,,,,,,
S003163,M00273,P0402,T023,,25.0,,,,2.0,,,,,,,,,,,,,,,,,,,,,5.0,13.0,6.0,22.0,0.0,10.0,8.0,73.0,0.0,,,,,,,,,
S003164,M00273,P0396,T023,,18.0,,,,3.0,,,,,,,,,,,,,,,,,,,,,1.0,10.0,14.0,8.0,4.0,11.0,1.0,60.0,8.0,,,,,,,,,
S003165,M00273,P0394,T023,,7.0,,,,5.0,,,,,,,,,,,,,,,,,,,,,4.0,5.0,15.0,11.0,4.0,0.0,1.0,45.0,4.0,,,,,,,,,
S003166,M00273,P0403,T023,,5.0,,,,2.0,,,,,,,,,,,,,,,,,,,,,2.0,28.0,11.0,17.0,1.0,0.0,10.0,73.0,5.0,,,,,,,,,
S003167,M00273,P0375,T021,,25.0,,,,7.0,,,,,,,,,,,,,,,,,,,,,4.0,16.0,13.0,22.0,5.0,7.0,7.0,68.0,3.0,,,,,,,,,
S003168,M00273,P0374,T021,,18.0,,,,3.0,,,,,,,,,,,,,,,,,,,,,5.0,29.0,6.0,7.0,0.0,11.0,2.0,64.0,8.0,,,,,,,,,
S003169,M00273,P0368,T021,,11.0,,,,8.0,,,,,,,,,,,,,,,,,,,,,5.0,29.0,9.0,19.0,4.0,5.0,16.0,90.0,0.0,,,,,,,,,
S003170,M00273,P0376,T021,,10.0,,,,8.0,,,,,,,,,,,,,,,,,,,,,5.0,20.0,4.0,12.0,4.0,14.0,16.0,42.0,0.0,,,,,,,,,
S003171,M00273,P0369,T021,,17.0,,,,6.0,,,,,,,,,,,,,,,,,,,,,1.0,24.0,10.0,16.0,5.0,9.0,12.0,78.0,0.0,,,,,,,,,
S003172,M00273,P0365,T021,,24.0,,,,6.0,,,,,,,,,,,,,,,,,,,,,4.0,14.0,7.0,10.0,5.0,10.0,12.0,70.0,7.0,,,,,,,,,
S003173,M00273,P0367,T021,,6.0,,,,1.0,,,,,,,,,,,,,,,,,,,,,1.0,10.0,9.0,22.0,5.0,14.0,11.0,63.0,7.0,,,,,,,,,
S003174,M00273,P0370,T021,,1.0,,,,8.0,,,,,,,,,,,,,,,,,,,,,3.0,30.0,11.0,6.0,5.0,4.0,1.0,61.0,5.0,,,,,,,,,
S003175,M00273,P0366,T021,,1.0,,,,0.0,,,,,,,,,,,,,,,,,,,,,2.0,13.0,8.0,19.0,2.0,6.0,18.0,31.0,6.0,,,,,,,,,
S003176,M00273,P0371,T021,,17.0,,,,7.0,,,,,,,,,,,,,,,,,,,,,3.0,13.0,9.0,11.0,4.0,5.0,1.0,39.0,4.0,,,,,,,,,
S003177,M00274,P0387,T022,,17.0,,,,0.0,,,,,,,,,,,,,,,,,,,,,1.0,25.0,11.0,8.0,0.0,5.0,1.0,78.0,3.0,,,,,,,,,
S003178,M00274,P0389,T022,,15.0,,,,1.0,,,,,,,,,,,,,,,,,,,,,4.0,10.0,11.0,17.0,4.0,8.0,4.0,87.0,6.0,,,,,,,,,
S003179,M00274,P0381,T022,,20.0,,,,6.0,,,,,,,,,,,,,,,,,,,,,1.0,29.0,8.0,18.0,2.0,15.0,2.0,31.0,7.0,,,,,,,,,
S003180,M00274,P0390,T022,,7.0,,,,7.0,,,,,,,,,,,,,,,,,,,,,5.0,16.0,4.0,15.0,3.0,11.0,4.0,74.0,0.0,,,,,,,,,
S003181,M00274,P0377,T022,,7.0,,,,3.0,,,,,,,,,,,,,,,,,,,,,5.0,8.0,12.0,5.0,5.0,0.0,2.0,77.0,6.0,,,,,,,,,
S003182,M00274,P0384,T022,,20.0,,,,2.0,,,,,,,,,,,,,,,,,,,,,1.0,21.0,5.0,7.0,2.0,5.0,18.0,89.0,0.0,,,,,,,,,
S003183,M00274,P0380,T022,,15.0,,,,6.0,,,,,,,,,,,,,,,,,,,,,1.0,14.0,3.0,17.0,5.0,8.0,6.0,90.0,0.0,,,,,,,,,
S003184,M00274,P0378,T022,,12.0,,,,4.0,,,,,,,,,,,,,,,,,,,,,5.0,5.0,14.0,9.0,4.0,7.0,3.0,55.0,7.0,,,,,,,,,
S003185,M00274,P0388,T022,,6.0,,,,4.0,,,,,,,,,,,,,,,,,,,,,2.0,9.0,15.0,17.0,5.0,8.0,8.0,60.0,1.0,,,,,,,,,
S003186,M00274,P0385,T022,,12.0,,,,6.0,,,,,,,,,,,,,,,,,,,,,1.0,6.0,14.0,6.0,3.0,14.0,20.0,45.0,7.0,,,,,,,,,
S003187,M00274,P0406,T023,,25.0,,,,8.0,,,,,,,,,,,,,,,,,,,,,2.0,24.0,2.0,13.0,3.0,1.0,3.0,71.0,1.0,,,,,,,,,
S003188,M00274,P0397,T023,,1.0,,,,6.0,,,,,,,,,,,,,,,,,,,,,4.0,28.0,7.0,13.0,3.0,13.0,10.0,64.0,5.0,,,,,,,,,
S003189,M00274,P0393,T023,,24.0,,,,0.0,,,,,,,,,,,,,,,,,,,,,4.0,16.0,9.0,12.0,5.0,7.0,12.0,70.0,7.0,,,,,,,,,
S003190,M00274,P0396,T023,,20.0,,,,4.0,,,,,,,,,,,,,,,,,,,,,3.0,23.0,14.0,20.0,4.0,2.0,0.0,82.0,3.0,,,,,,,,,
S003191,M00274,P0408,T023,,16.0,,,,6.0,,,,,,,,,,,,,,,,,,,,,4.0,14.0,10.0,15.0,1.0,6.0,1.0,64.0,0.0,,,,,,,,,
S003192,M00274,P0400,T023,,10.0,,,,4.0,,,,,,,,,,,,,,,,,,,,,3.0,11.0,5.0,11.0,0.0,8.0,19.0,82.0,8.0,,,,,,,,,
S003193,M00274,P0404,T023,,0.0,,,,0.0,,,,,,,,,,,,,,,,,,,,,2.0,30.0,9.0,5.0,0.0,4.0,12.0,90.0,7.0,,,,,,,,,
S003194,M00274,P0392,T023,,10.0,,,,5.0,,,,,,,,,,,,,,,,,,,,,3.0,13.0,9.0,11.0,5.0,13.0,9.0,80.0,1.0,,,,,,,,,
S003195,M00274,P0401,T023,,6.0,,,,5.0,,,,,,,,,,,,,,,,,,,,,4.0,21.0,4.0,7.0,0.0,15.0,4.0,82.0,3.0,,,,,,,,,
S003196,M00274,P0399,T023,,6.0,,,,8.0,,,,,,,,,,,,,,,,,,,,,1.0,30.0,7.0,10.0,0.0,15.0,5.0,54.0,3.0,,,,,,,,,
S003197,M00275,P0354,T020,,3.0,,,,5.0,,,,,,,,,,,,,,,,,,,,,1.0,10.0,14.0,21.0,0.0,9.0,9.0,74.0,3.0,,,,,,,,,
S003198,M00275,P0360,T020,,12.0,,,,7.0,,,,,,,,,,,,,,,,,,,,,1.0,15.0,12.0,20.0,1.0,2.0,3.0,38.0,7.0,,,,,,,,,
S003199,M00275,P0347,T020,,22.0,,,,1.0,,,,,,,,,,,,,,,,,,,,,1.0,17.0,10.0,5.0,4.0,3.0,14.0,56.0,6.0,,,,,,,,,
S003200,M00275,P0355,T020,,11.0,,,,5.0,,,,,,,,,,,,,,,,,,,,,2.0,9.0,3.0,9.0,3.0,15.0,6.0,82.0,7.0,,,,,,,,,
S003201,M00275,P0361,T020,,2.0,,,,0.0,,,,,,,,,,,,,,,,,,,,,1.0,5.0,9.0,17.0,4.0,13.0,16.0,71.0,6.0,,,,,,,,,
S003202,M00275,P0351,T020,,13.0,,,,4.0,,,,,,,,,,,,,,,,,,,,,3.0,28.0,15.0,8.0,2.0,15.0,7.0,52.0,4.0,,,,,,,,,
S003203,M00275,P0359,T020,,17.0,,,,3.0,,,,,,,,,,,,,,,,,,,,,4.0,23.0,7.0,25.0,3.0,9.0,5.0,51.0,2.0,,,,,,,,,
S003204,M00275,P0358,T020,,14.0,,,,8.0,,,,,,,,,,,,,,,,,,,,,3.0,19.0,8.0,23.0,4.0,15.0,15.0,81.0,3.0,,,,,,,,,
S003205,M00275,P0353,T020,,11.0,,,,6.0,,,,,,,,,,,,,,,,,,,,,5.0,7.0,8.0,6.0,1.0,5.0,20.0,45.0,7.0,,,,,,,,,
S003206,M00275,P0352,T020,,3.0,,,,0.0,,,,,,,,,,,,,,,,,,,,,1.0,13.0,12.0,24.0,2.0,1.0,14.0,80.0,1.0,,,,,,,,,
S003207,M00275,P0414,T024,,4.0,,,,6.0,,,,,,,,,,,,,,,,,,,,,4.0,15.0,13.0,7.0,5.0,2.0,11.0,70.0,5.0,,,,,,,,,
S003208,M00275,P0419,T024,,7.0,,,,8.0,,,,,,,,,,,,,,,,,,,,,2.0,30.0,14.0,14.0,0.0,12.0,4.0,89.0,0.0,,,,,,,,,
S003209,M00275,P0410,T024,,5.0,,,,8.0,,,,,,,,,,,,,,,,,,,,,4.0,22.0,13.0,7.0,2.0,13.0,12.0,33.0,3.0,,,,,,,,,
S003210,M00275,P0415,T024,,18.0,,,,5.0,,,,,,,,,,,,,,,,,,,,,1.0,22.0,2.0,7.0,5.0,6.0,8.0,89.0,3.0,,,,,,,,,
S003211,M00275,P0412,T024,,18.0,,,,3.0,,,,,,,,,,,,,,,,,,,,,3.0,11.0,8.0,15.0,3.0,1.0,16.0,61.0,7.0,,,,,,,,,
S003212,M00275,P0418,T024,,20.0,,,,4.0,,,,,,,,,,,,,,,,,,,,,5.0,29.0,5.0,20.0,1.0,9.0,8.0,36.0,6.0,,,,,,,,,
S003213,M00275,P0417,T024,,12.0,,,,8.0,,,,,,,,,,,,,,,,,,,,,4.0,9.0,3.0,20.0,5.0,9.0,7.0,31.0,6.0,,,,,,,,,
S003214,M00275,P0409,T024,,15.0,,,,3.0,,,,,,,,,,,,,,,,,,,,,3.0,14.0,4.0,9.0,3.0,7.0,9.0,63.0,7.0,,,,,,,,,
S003215,M00275,P0411,T024,,19.0,,,,2.0,,,,,,,,,,,,,,,,,,,,,1.0,28.0,12.0,23.0,2.0,3.0,13.0,73.0,2.0,,,,,,,,,
S003216,M00275,P0420,T024,,22.0,,,,8.0,,,,,,,,,,,,,,,,,,,,,5.0,23.0,2.0,14.0,2.0,8.0,16.0,80.0,2.0,,,,,,,,,
S003217,M00276,P0404,T023,,21.0,,,,8.0,,,,,,,,,,,,,,,,,,,,,2.0,29.0,15.0,19.0,3.0,12.0,7.0,47.0,0.0,,,,,,,,,
S003218,M00276,P0396,T023,,25.0,,,,7.0,,,,,,,,,,,,,,,,,,,,,3.0,8.0,11.0,13.0,2.0,14.0,13.0,51.0,2.0,,,,,,,,,
S003219,M00276,P0399,T023,,9.0,,,,6.0,,,,,,,,,,,,,,,,,,,,,2.0,17.0,15.0,21.0,2.0,3.0,13.0,67.0,2.0,,,,,,,,,
S003220,M00276,P0406,T023,,15.0,,,,7.0,,,,,,,,,,,,,,,,,,,,,1.0,16.0,3.0,8.0,1.0,11.0,4.0,70.0,8.0,,,,,,,,,
S003221,M00276,P0395,T023,,10.0,,,,7.0,,,,,,,,,,,,,,,,,,,,,3.0,13.0,12.0,5.0,5.0,10.0,0.0,70.0,0.0,,,,,,,,,
S003222,M00276,P0408,T023,,25.0,,,,5.0,,,,,,,,,,,,,,,,,,,,,3.0,19.0,6.0,21.0,0.0,15.0,13.0,56.0,4.0,,,,,,,,,
S003223,M00276,P0393,T023,,14.0,,,,1.0,,,,,,,,,,,,,,,,,,,,,5.0,21.0,6.0,12.0,4.0,7.0,3.0,41.0,7.0,,,,,,,,,
S003224,M00276,P0394,T023,,1.0,,,,3.0,,,,,,,,,,,,,,,,,,,,,4.0,20.0,10.0,11.0,2.0,9.0,17.0,41.0,2.0,,,,,,,,,
S003225,M00276,P0397,T023,,11.0,,,,8.0,,,,,,,,,,,,,,,,,,,,,3.0,9.0,6.0,22.0,0.0,12.0,0.0,72.0,3.0,,,,,,,,,
S003226,M00276,P0402,T023,,25.0,,,,1.0,,,,,,,,,,,,,,,,,,,,,3.0,12.0,6.0,20.0,3.0,11.0,9.0,56.0,1.0,,,,,,,,,
S003227,M00276,P0355,T020,,7.0,,,,1.0,,,,,,,,,,,,,,,,,,,,,4.0,23.0,12.0,25.0,1.0,7.0,10.0,63.0,4.0,,,,,,,,,
S003228,M00276,P0348,T020,,17.0,,,,1.0,,,,,,,,,,,,,,,,,,,,,3.0,27.0,2.0,9.0,3.0,15.0,2.0,38.0,7.0,,,,,,,,,
S003229,M00276,P0361,T020,,22.0,,,,6.0,,,,,,,,,,,,,,,,,,,,,4.0,8.0,7.0,25.0,4.0,10.0,6.0,82.0,0.0,,,,,,,,,
S003230,M00276,P0357,T020,,3.0,,,,4.0,,,,,,,,,,,,,,,,,,,,,5.0,26.0,9.0,13.0,3.0,8.0,0.0,88.0,8.0,,,,,,,,,
S003231,M00276,P0356,T020,,21.0,,,,8.0,,,,,,,,,,,,,,,,,,,,,1.0,11.0,2.0,24.0,5.0,5.0,5.0,66.0,0.0,,,,,,,,,
S003232,M00276,P0359,T020,,8.0,,,,6.0,,,,,,,,,,,,,,,,,,,,,4.0,8.0,11.0,15.0,4.0,9.0,1.0,39.0,3.0,,,,,,,,,
S003233,M00276,P0360,T020,,13.0,,,,2.0,,,,,,,,,,,,,,,,,,,,,4.0,13.0,7.0,18.0,5.0,10.0,17.0,58.0,2.0,,,,,,,,,
S003234,M00276,P0347,T020,,0.0,,,,8.0,,,,,,,,,,,,,,,,,,,,,5.0,10.0,5.0,17.0,2.0,13.0,5.0,56.0,0.0,,,,,,,,,
S003235,M00276,P0358,T020,,17.0,,,,8.0,,,,,,,,,,,,,,,,,,,,,1.0,5.0,7.0,5.0,5.0,3.0,16.0,79.0,8.0,,,,,,,,,
S003236,M00276,P0349,T020,,0.0,,,,3.0,,,,,,,,,,,,,,,,,,,,,5.0,5.0,13.0,5.0,0.0,10.0,6.0,59.0,8.0,,,,,,,,,
S003237,M00277,P0300,T017,,0.0,,,,0.0,,,,,,,,,,,,,,,,,,,,,2.0,19.0,3.0,22.0,0.0,13.0,18.0,77.0,2.0,,,,,,,,,
S003238,M00277,P0308,T017,,6.0,,,,7.0,,,,,,,,,,,,,,,,,,,,,2.0,27.0,11.0,17.0,5.0,12.0,5.0,37.0,5.0,,,,,,,,,
S003239,M00277,P0311,T017,,2.0,,,,1.0,,,,,,,,,,,,,,,,,,,,,3.0,16.0,15.0,23.0,4.0,1.0,14.0,30.0,2.0,,,,,,,,,
S003240,M00277,P0306,T017,,23.0,,,,2.0,,,,,,,,,,,,,,,,,,,,,4.0,9.0,11.0,24.0,2.0,4.0,17.0,56.0,3.0,,,,,,,,,
S003241,M00277,P0298,T017,,17.0,,,,3.0,,,,,,,,,,,,,,,,,,,,,3.0,29.0,15.0,14.0,4.0,5.0,12.0,42.0,8.0,,,,,,,,,
S003242,M00277,P0312,T017,,24.0,,,,8.0,,,,,,,,,,,,,,,,,,,,,5.0,25.0,15.0,20.0,5.0,8.0,19.0,50.0,5.0,,,,,,,,,
S003243,M00277,P0307,T017,,2.0,,,,2.0,,,,,,,,,,,,,,,,,,,,,5.0,6.0,11.0,12.0,1.0,11.0,11.0,84.0,8.0,,,,,,,,,
S003244,M00277,P0310,T017,,11.0,,,,2.0,,,,,,,,,,,,,,,,,,,,,5.0,19.0,15.0,21.0,5.0,7.0,8.0,55.0,3.0,,,,,,,,,
S003245,M00277,P0309,T017,,19.0,,,,1.0,,,,,,,,,,,,,,,,,,,,,5.0,8.0,8.0,24.0,0.0,11.0,10.0,88.0,8.0,,,,,,,,,
S003246,M00277,P0296,T017,,11.0,,,,2.0,,,,,,,,,,,,,,,,,,,,,4.0,11.0,2.0,23.0,3.0,2.0,8.0,76.0,0.0,,,,,,,,,
S003247,M00277,P0389,T022,,20.0,,,,7.0,,,,,,,,,,,,,,,,,,,,,2.0,6.0,4.0,24.0,4.0,3.0,8.0,51.0,4.0,,,,,,,,,
S003248,M00277,P0387,T022,,2.0,,,,8.0,,,,,,,,,,,,,,,,,,,,,5.0,30.0,3.0,24.0,0.0,15.0,20.0,40.0,8.0,,,,,,,,,
S003249,M00277,P0386,T022,,10.0,,,,4.0,,,,,,,,,,,,,,,,,,,,,3.0,30.0,10.0,22.0,5.0,15.0,8.0,67.0,4.0,,,,,,,,,
S003250,M00277,P0381,T022,,1.0,,,,2.0,,,,,,,,,,,,,,,,,,,,,1.0,23.0,15.0,18.0,1.0,12.0,11.0,77.0,8.0,,,,,,,,,
S003251,M00277,P0378,T022,,15.0,,,,0.0,,,,,,,,,,,,,,,,,,,,,1.0,26.0,4.0,6.0,4.0,0.0,11.0,59.0,0.0,,,,,,,,,
S003252,M00277,P0383,T022,,18.0,,,,3.0,,,,,,,,,,,,,,,,,,,,,1.0,20.0,6.0,15.0,3.0,10.0,4.0,72.0,2.0,,,,,,,,,
S003253,M00277,P0384,T022,,11.0,,,,5.0,,,,,,,,,,,,,,,,,,,,,3.0,27.0,14.0,25.0,3.0,0.0,17.0,47.0,6.0,,,,,,,,,
S003254,M00277,P0382,T022,,23.0,,,,1.0,,,,,,,,,,,,,,,,,,,,,5.0,5.0,2.0,15.0,5.0,3.0,4.0,79.0,3.0,,,,,,,,,
S003255,M00277,P0385,T022,,4.0,,,,2.0,,,,,,,,,,,,,,,,,,,,,4.0,13.0,13.0,14.0,4.0,9.0,15.0,73.0,0.0,,,,,,,,,
S003256,M00277,P0391,T022,,4.0,,,,0.0,,,,,,,,,,,,,,,,,,,,,1.0,16.0,3.0,17.0,5.0,14.0,4.0,49.0,4.0,,,,,,,,,
S003257,M00280,P0405,T023,,9.0,,,,3.0,,,,,,,,,,,,,,,,,,,,,4.0,19.0,8.0,6.0,5.0,6.0,10.0,58.0,2.0,,,,,,,,,
S003258,M00280,P0393,T023,,19.0,,,,1.0,,,,,,,,,,,,,,,,,,,,,5.0,5.0,11.0,6.0,0.0,13.0,7.0,47.0,7.0,,,,,,,,,
S003259,M00280,P0401,T023,,20.0,,,,1.0,,,,,,,,,,,,,,,,,,,,,3.0,29.0,12.0,21.0,0.0,8.0,4.0,32.0,2.0,,,,,,,,,
S003260,M00280,P0397,T023,,6.0,,,,7.0,,,,,,,,,,,,,,,,,,,,,2.0,5.0,7.0,16.0,3.0,7.0,6.0,79.0,6.0,,,,,,,,,
S003261,M00280,P0404,T023,,24.0,,,,2.0,,,,,,,,,,,,,,,,,,,,,5.0,25.0,14.0,21.0,3.0,12.0,11.0,58.0,5.0,,,,,,,,,
S003262,M00280,P0399,T023,,11.0,,,,8.0,,,,,,,,,,,,,,,,,,,,,3.0,9.0,7.0,18.0,4.0,10.0,12.0,86.0,8.0,,,,,,,,,
S003263,M00280,P0403,T023,,0.0,,,,6.0,,,,,,,,,,,,,,,,,,,,,3.0,28.0,8.0,13.0,4.0,15.0,16.0,40.0,6.0,,,,,,,,,
S003264,M00280,P0394,T023,,16.0,,,,3.0,,,,,,,,,,,,,,,,,,,,,3.0,20.0,3.0,6.0,0.0,1.0,5.0,51.0,5.0,,,,,,,,,
S003265,M00280,P0396,T023,,12.0,,,,5.0,,,,,,,,,,,,,,,,,,,,,3.0,25.0,6.0,12.0,1.0,9.0,14.0,69.0,8.0,,,,,,,,,
S003266,M00280,P0402,T023,,4.0,,,,8.0,,,,,,,,,,,,,,,,,,,,,3.0,23.0,6.0,14.0,2.0,14.0,0.0,48.0,1.0,,,,,,,,,
S003267,M00280,P0323,T018,,19.0,,,,1.0,,,,,,,,,,,,,,,,,,,,,4.0,15.0,12.0,7.0,4.0,3.0,18.0,55.0,1.0,,,,,,,,,
S003268,M00280,P0319,T018,,17.0,,,,5.0,,,,,,,,,,,,,,,,,,,,,2.0,25.0,9.0,25.0,4.0,11.0,10.0,66.0,4.0,,,,,,,,,
S003269,M00280,P0314,T018,,5.0,,,,1.0,,,,,,,,,,,,,,,,,,,,,2.0,23.0,10.0,11.0,1.0,4.0,9.0,34.0,7.0,,,,,,,,,
S003270,M00280,P0328,T018,,23.0,,,,8.0,,,,,,,,,,,,,,,,,,,,,4.0,7.0,3.0,5.0,0.0,12.0,14.0,74.0,7.0,,,,,,,,,
S003271,M00280,P0324,T018,,6.0,,,,4.0,,,,,,,,,,,,,,,,,,,,,3.0,17.0,2.0,22.0,4.0,0.0,18.0,63.0,5.0,,,,,,,,,
S003272,M00280,P0320,T018,,4.0,,,,4.0,,,,,,,,,,,,,,,,,,,,,5.0,19.0,3.0,12.0,5.0,13.0,18.0,79.0,4.0,,,,,,,,,
S003273,M00280,P0317,T018,,8.0,,,,4.0,,,,,,,,,,,,,,,,,,,,,4.0,24.0,5.0,20.0,3.0,6.0,16.0,56.0,1.0,,,,,,,,,
S003274,M00280,P0329,T018,,20.0,,,,8.0,,,,,,,,,,,,,,,,,,,,,4.0,28.0,3.0,20.0,3.0,12.0,9.0,76.0,5.0,,,,,,,,,
S003275,M00280,P0321,T018,,21.0,,,,4.0,,,,,,,,,,,,,,,,,,,,,5.0,6.0,10.0,11.0,0.0,13.0,20.0,50.0,2.0,,,,,,,,,
S003276,M00280,P0327,T018,,22.0,,,,0.0,,,,,,,,,,,,,,,,,,,,,1.0,19.0,15.0,25.0,0.0,10.0,6.0,72.0,1.0,,,,,,,,,
S003277,M00281,P0411,T024,,24.0,,,,5.0,,,,,,,,,,,,,,,,,,,,,5.0,14.0,7.0,22.0,3.0,13.0,18.0,50.0,5.0,,,,,,,,,
S003278,M00281,P0415,T024,,3.0,,,,6.0,,,,,,,,,,,,,,,,,,,,,5.0,25.0,4.0,21.0,0.0,7.0,1.0,61.0,8.0,,,,,,,,,
S003279,M00281,P0409,T024,,14.0,,,,8.0,,,,,,,,,,,,,,,,,,,,,2.0,11.0,3.0,12.0,2.0,9.0,3.0,40.0,3.0,,,,,,,,,
S003280,M00281,P0414,T024,,10.0,,,,2.0,,,,,,,,,,,,,,,,,,,,,3.0,23.0,13.0,11.0,1.0,11.0,16.0,33.0,2.0,,,,,,,,,
S003281,M00281,P0417,T024,,11.0,,,,7.0,,,,,,,,,,,,,,,,,,,,,3.0,15.0,15.0,7.0,0.0,12.0,5.0,81.0,7.0,,,,,,,,,
S003282,M00281,P0416,T024,,24.0,,,,1.0,,,,,,,,,,,,,,,,,,,,,3.0,11.0,7.0,14.0,4.0,4.0,16.0,82.0,6.0,,,,,,,,,
S003283,M00281,P0412,T024,,4.0,,,,0.0,,,,,,,,,,,,,,,,,,,,,2.0,20.0,13.0,9.0,1.0,3.0,14.0,46.0,0.0,,,,,,,,,
S003284,M00281,P0420,T024,,16.0,,,,0.0,,,,,,,,,,,,,,,,,,,,,2.0,28.0,3.0,17.0,0.0,15.0,12.0,44.0,4.0,,,,,,,,,
S003285,M00281,P0418,T024,,6.0,,,,6.0,,,,,,,,,,,,,,,,,,,,,3.0,11.0,6.0,5.0,1.0,12.0,6.0,45.0,5.0,,,,,,,,,
S003286,M00281,P0419,T024,,8.0,,,,6.0,,,,,,,,,,,,,,,,,,,,,4.0,7.0,13.0,25.0,1.0,15.0,1.0,81.0,2.0,,,,,,,,,
S003287,M00281,P0368,T021,,20.0,,,,6.0,,,,,,,,,,,,,,,,,,,,,2.0,11.0,12.0,21.0,2.0,1.0,8.0,76.0,4.0,,,,,,,,,
S003288,M00281,P0365,T021,,11.0,,,,0.0,,,,,,,,,,,,,,,,,,,,,5.0,10.0,8.0,25.0,1.0,7.0,10.0,48.0,7.0,,,,,,,,,
S003289,M00281,P0364,T021,,5.0,,,,5.0,,,,,,,,,,,,,,,,,,,,,2.0,13.0,2.0,16.0,1.0,1.0,12.0,87.0,1.0,,,,,,,,,
S003290,M00281,P0376,T021,,7.0,,,,0.0,,,,,,,,,,,,,,,,,,,,,1.0,24.0,2.0,13.0,2.0,4.0,15.0,53.0,2.0,,,,,,,,,
S003291,M00281,P0374,T021,,8.0,,,,7.0,,,,,,,,,,,,,,,,,,,,,2.0,6.0,10.0,6.0,2.0,13.0,17.0,80.0,3.0,,,,,,,,,
S003292,M00281,P0367,T021,,10.0,,,,6.0,,,,,,,,,,,,,,,,,,,,,2.0,16.0,7.0,12.0,4.0,11.0,18.0,65.0,1.0,,,,,,,,,
S003293,M00281,P0366,T021,,24.0,,,,4.0,,,,,,,,,,,,,,,,,,,,,5.0,9.0,10.0,11.0,4.0,14.0,9.0,63.0,6.0,,,,,,,,,
S003294,M00281,P0375,T021,,17.0,,,,5.0,,,,,,,,,,,,,,,,,,,,,5.0,6.0,2.0,16.0,3.0,6.0,6.0,88.0,8.0,,,,,,,,,
S003295,M00281,P0363,T021,,14.0,,,,2.0,,,,,,,,,,,,,,,,,,,,,1.0,24.0,13.0,17.0,5.0,12.0,0.0,66.0,4.0,,,,,,,,,
S003296,M00281,P0370,T021,,9.0,,,,5.0,,,,,,,,,,,,,,,,,,,,,1.0,13.0,9.0,5.0,0.0,14.0,10.0,30.0,5.0,,,,,,,,,
S003297,M00282,P0383,T022,,18.0,,,,2.0,,,,,,,,,,,,,,,,,,,,,4.0,20.0,15.0,10.0,1.0,5.0,9.0,41.0,0.0,,,,,,,,,
S003298,M00282,P0387,T022,,7.0,,,,6.0,,,,,,,,,,,,,,,,,,,,,3.0,5.0,2.0,12.0,5.0,2.0,18.0,36.0,0.0,,,,,,,,,
S003299,M00282,P0391,T022,,18.0,,,,1.0,,,,,,,,,,,,,,,,,,,,,4.0,20.0,15.0,12.0,3.0,7.0,10.0,67.0,1.0,,,,,,,,,
S003300,M00282,P0382,T022,,9.0,,,,0.0,,,,,,,,,,,,,,,,,,,,,1.0,27.0,4.0,9.0,4.0,12.0,3.0,38.0,2.0,,,,,,,,,
S003301,M00282,P0388,T022,,5.0,,,,1.0,,,,,,,,,,,,,,,,,,,,,2.0,22.0,8.0,13.0,0.0,4.0,20.0,48.0,5.0,,,,,,,,,
S003302,M00282,P0385,T022,,4.0,,,,2.0,,,,,,,,,,,,,,,,,,,,,3.0,9.0,6.0,10.0,2.0,7.0,0.0,39.0,3.0,,,,,,,,,
S003303,M00282,P0377,T022,,24.0,,,,0.0,,,,,,,,,,,,,,,,,,,,,2.0,27.0,2.0,5.0,0.0,6.0,4.0,58.0,8.0,,,,,,,,,
S003304,M00282,P0389,T022,,5.0,,,,2.0,,,,,,,,,,,,,,,,,,,,,5.0,22.0,12.0,13.0,5.0,7.0,10.0,33.0,7.0,,,,,,,,,
S003305,M00282,P0379,T022,,3.0,,,,5.0,,,,,,,,,,,,,,,,,,,,,5.0,27.0,5.0,12.0,1.0,10.0,12.0,37.0,7.0,,,,,,,,,
S003306,M00282,P0381,T022,,5.0,,,,8.0,,,,,,,,,,,,,,,,,,,,,4.0,23.0,6.0,13.0,3.0,15.0,12.0,48.0,0.0,,,,,,,,,
S003307,M00282,P0361,T020,,0.0,,,,0.0,,,,,,,,,,,,,,,,,,,,,2.0,25.0,9.0,24.0,0.0,12.0,7.0,87.0,3.0,,,,,,,,,
S003308,M00282,P0354,T020,,1.0,,,,3.0,,,,,,,,,,,,,,,,,,,,,4.0,9.0,9.0,8.0,5.0,10.0,13.0,60.0,2.0,,,,,,,,,
S003309,M00282,P0356,T020,,2.0,,,,3.0,,,,,,,,,,,,,,,,,,,,,4.0,20.0,13.0,18.0,1.0,4.0,9.0,50.0,8.0,,,,,,,,,
S003310,M00282,P0352,T020,,15.0,,,,7.0,,,,,,,,,,,,,,,,,,,,,5.0,27.0,9.0,11.0,4.0,5.0,9.0,42.0,8.0,,,,,,,,,
S003311,M00282,P0350,T020,,2.0,,,,2.0,,,,,,,,,,,,,,,,,,,,,2.0,13.0,8.0,24.0,1.0,5.0,5.0,40.0,8.0,,,,,,,,,
S003312,M00282,P0353,T020,,6.0,,,,1.0,,,,,,,,,,,,,,,,,,,,,2.0,21.0,13.0,11.0,4.0,10.0,5.0,76.0,2.0,,,,,,,,,
S003313,M00282,P0348,T020,,10.0,,,,6.0,,,,,,,,,,,,,,,,,,,,,2.0,24.0,2.0,9.0,3.0,0.0,18.0,85.0,4.0,,,,,,,,,
S003314,M00282,P0351,T020,,23.0,,,,4.0,,,,,,,,,,,,,,,,,,,,,1.0,26.0,3.0,14.0,0.0,5.0,9.0,51.0,2.0,,,,,,,,,
S003315,M00282,P0347,T020,,18.0,,,,5.0,,,,,,,,,,,,,,,,,,,,,2.0,9.0,6.0,17.0,3.0,0.0,16.0,72.0,3.0,,,,,,,,,
S003316,M00282,P0355,T020,,22.0,,,,5.0,,,,,,,,,,,,,,,,,,,,,5.0,12.0,15.0,6.0,2.0,13.0,5.0,74.0,3.0,,,,,,,,,
S003317,M00283,P0366,T021,,6.0,,,,7.0,,,,,,,,,,,,,,,,,,,,,2.0,27.0,10.0,21.0,5.0,11.0,19.0,35.0,0.0,,,,,,,,,
S003318,M00283,P0373,T021,,7.0,,,,4.0,,,,,,,,,,,,,,,,,,,,,3.0,29.0,2.0,15.0,4.0,15.0,11.0,66.0,5.0,,,,,,,,,
S003319,M00283,P0370,T021,,16.0,,,,5.0,,,,,,,,,,,,,,,,,,,,,1.0,27.0,4.0,20.0,1.0,7.0,5.0,77.0,3.0,,,,,,,,,
S003320,M00283,P0367,T021,,0.0,,,,8.0,,,,,,,,,,,,,,,,,,,,,1.0,20.0,2.0,18.0,0.0,13.0,19.0,82.0,4.0,,,,,,,,,
S003321,M00283,P0364,T021,,9.0,,,,7.0,,,,,,,,,,,,,,,,,,,,,5.0,17.0,12.0,14.0,3.0,11.0,5.0,77.0,1.0,,,,,,,,,
S003322,M00283,P0368,T021,,17.0,,,,5.0,,,,,,,,,,,,,,,,,,,,,3.0,12.0,13.0,25.0,3.0,11.0,1.0,65.0,6.0,,,,,,,,,
S003323,M00283,P0376,T021,,4.0,,,,2.0,,,,,,,,,,,,,,,,,,,,,5.0,26.0,15.0,19.0,5.0,0.0,5.0,51.0,2.0,,,,,,,,,
S003324,M00283,P0369,T021,,25.0,,,,4.0,,,,,,,,,,,,,,,,,,,,,3.0,30.0,12.0,25.0,0.0,3.0,1.0,87.0,5.0,,,,,,,,,
S003325,M00283,P0365,T021,,23.0,,,,4.0,,,,,,,,,,,,,,,,,,,,,3.0,18.0,4.0,7.0,1.0,13.0,13.0,58.0,6.0,,,,,,,,,
S003326,M00283,P0375,T021,,0.0,,,,4.0,,,,,,,,,,,,,,,,,,,,,5.0,30.0,12.0,6.0,5.0,10.0,18.0,55.0,4.0,,,,,,,,,
S003327,M00283,P0416,T024,,22.0,,,,6.0,,,,,,,,,,,,,,,,,,,,,2.0,9.0,2.0,15.0,2.0,7.0,4.0,56.0,1.0,,,,,,,,,
S003328,M00283,P0409,T024,,7.0,,,,0.0,,,,,,,,,,,,,,,,,,,,,3.0,14.0,15.0,11.0,3.0,2.0,11.0,39.0,4.0,,,,,,,,,
S003329,M00283,P0412,T024,,25.0,,,,1.0,,,,,,,,,,,,,,,,,,,,,2.0,8.0,2.0,15.0,5.0,13.0,17.0,45.0,0.0,,,,,,,,,
S003330,M00283,P0418,T024,,23.0,,,,1.0,,,,,,,,,,,,,,,,,,,,,5.0,16.0,5.0,10.0,1.0,11.0,5.0,77.0,6.0,,,,,,,,,
S003331,M00283,P0415,T024,,18.0,,,,7.0,,,,,,,,,,,,,,,,,,,,,3.0,19.0,6.0,22.0,3.0,1.0,13.0,58.0,6.0,,,,,,,,,
S003332,M00283,P0420,T024,,9.0,,,,6.0,,,,,,,,,,,,,,,,,,,,,3.0,10.0,10.0,25.0,1.0,1.0,14.0,72.0,0.0,,,,,,,,,
S003333,M00283,P0411,T024,,16.0,,,,0.0,,,,,,,,,,,,,,,,,,,,,4.0,7.0,13.0,7.0,5.0,1.0,3.0,38.0,4.0,,,,,,,,,
S003334,M00283,P0410,T024,,16.0,,,,5.0,,,,,,,,,,,,,,,,,,,,,3.0,29.0,2.0,17.0,4.0,9.0,4.0,36.0,1.0,,,,,,,,,
S003335,M00283,P0414,T024,,15.0,,,,0.0,,,,,,,,,,,,,,,,,,,,,5.0,14.0,13.0,5.0,2.0,8.0,18.0,34.0,0.0,,,,,,,,,
S003336,M00283,P0413,T024,,14.0,,,,3.0,,,,,,,,,,,,,,,,,,,,,1.0,10.0,13.0,7.0,5.0,9.0,18.0,41.0,0.0,,,,,,,,,
S003337,M00284,P0305,T017,,1.0,,,,4.0,,,,,,,,,,,,,,,,,,,,,1.0,19.0,2.0,11.0,0.0,0.0,11.0,53.0,0.0,,,,,,,,,
S003338,M00284,P0302,T017,,2.0,,,,8.0,,,,,,,,,,,,,,,,,,,,,2.0,16.0,13.0,21.0,3.0,10.0,1.0,54.0,6.0,,,,,,,,,
S003339,M00284,P0296,T017,,24.0,,,,5.0,,,,,,,,,,,,,,,,,,,,,1.0,18.0,9.0,25.0,0.0,8.0,3.0,46.0,8.0,,,,,,,,,
S003340,M00284,P0307,T017,,11.0,,,,6.0,,,,,,,,,,,,,,,,,,,,,2.0,7.0,7.0,5.0,4.0,11.0,3.0,47.0,2.0,,,,,,,,,
S003341,M00284,P0312,T017,,15.0,,,,2.0,,,,,,,,,,,,,,,,,,,,,4.0,6.0,12.0,7.0,2.0,7.0,17.0,54.0,1.0,,,,,,,,,
S003342,M00284,P0300,T017,,10.0,,,,1.0,,,,,,,,,,,,,,,,,,,,,1.0,8.0,3.0,18.0,1.0,15.0,3.0,46.0,3.0,,,,,,,,,
S003343,M00284,P0311,T017,,19.0,,,,1.0,,,,,,,,,,,,,,,,,,,,,3.0,11.0,6.0,6.0,3.0,3.0,20.0,84.0,6.0,,,,,,,,,
S003344,M00284,P0308,T017,,0.0,,,,7.0,,,,,,,,,,,,,,,,,,,,,3.0,25.0,6.0,10.0,2.0,11.0,6.0,37.0,0.0,,,,,,,,,
S003345,M00284,P0297,T017,,6.0,,,,2.0,,,,,,,,,,,,,,,,,,,,,4.0,20.0,3.0,9.0,0.0,14.0,4.0,50.0,0.0,,,,,,,,,
S003346,M00284,P0298,T017,,20.0,,,,2.0,,,,,,,,,,,,,,,,,,,,,5.0,14.0,7.0,14.0,0.0,13.0,1.0,77.0,6.0,,,,,,,,,
S003347,M00284,P0351,T020,,18.0,,,,1.0,,,,,,,,,,,,,,,,,,,,,5.0,12.0,14.0,23.0,0.0,8.0,1.0,31.0,8.0,,,,,,,,,
S003348,M00284,P0352,T020,,5.0,,,,7.0,,,,,,,,,,,,,,,,,,,,,1.0,28.0,15.0,8.0,4.0,4.0,20.0,41.0,8.0,,,,,,,,,
S003349,M00284,P0359,T020,,14.0,,,,1.0,,,,,,,,,,,,,,,,,,,,,5.0,14.0,13.0,15.0,5.0,8.0,19.0,39.0,5.0,,,,,,,,,
S003350,M00284,P0350,T020,,20.0,,,,5.0,,,,,,,,,,,,,,,,,,,,,3.0,11.0,6.0,6.0,1.0,12.0,13.0,46.0,2.0,,,,,,,,,
S003351,M00284,P0360,T020,,7.0,,,,6.0,,,,,,,,,,,,,,,,,,,,,4.0,22.0,13.0,25.0,4.0,12.0,13.0,87.0,4.0,,,,,,,,,
S003352,M00284,P0353,T020,,2.0,,,,5.0,,,,,,,,,,,,,,,,,,,,,5.0,7.0,2.0,7.0,1.0,4.0,14.0,39.0,4.0,,,,,,,,,
S003353,M00284,P0347,T020,,0.0,,,,7.0,,,,,,,,,,,,,,,,,,,,,2.0,28.0,8.0,20.0,3.0,7.0,12.0,59.0,7.0,,,,,,,,,
S003354,M00284,P0348,T020,,2.0,,,,0.0,,,,,,,,,,,,,,,,,,,,,5.0,5.0,9.0,21.0,5.0,4.0,8.0,33.0,8.0,,,,,,,,,
S003355,M00284,P0356,T020,,25.0,,,,5.0,,,,,,,,,,,,,,,,,,,,,5.0,12.0,12.0,7.0,5.0,7.0,6.0,77.0,1.0,,,,,,,,,
S003356,M00284,P0362,T020,,14.0,,,,0.0,,,,,,,,,,,,,,,,,,,,,3.0,23.0,4.0,22.0,1.0,7.0,13.0,54.0,1.0,,,,,,,,,
S003357,M00287,P0308,T017,,20.0,,,,8.0,,,,,,,,,,,,,,,,,,,,,4.0,17.0,2.0,18.0,4.0,13.0,3.0,35.0,0.0,,,,,,,,,
S003358,M00287,P0301,T017,,8.0,,,,3.0,,,,,,,,,,,,,,,,,,,,,5.0,5.0,12.0,24.0,0.0,5.0,20.0,72.0,7.0,,,,,,,,,
S003359,M00287,P0296,T017,,15.0,,,,6.0,,,,,,,,,,,,,,,,,,,,,4.0,11.0,14.0,5.0,4.0,13.0,7.0,86.0,3.0,,,,,,,,,
S003360,M00287,P0297,T017,,18.0,,,,5.0,,,,,,,,,,,,,,,,,,,,,2.0,24.0,12.0,6.0,3.0,12.0,12.0,71.0,7.0,,,,,,,,,
S003361,M00287,P0303,T017,,0.0,,,,5.0,,,,,,,,,,,,,,,,,,,,,4.0,30.0,13.0,16.0,0.0,0.0,20.0,32.0,5.0,,,,,,,,,
S003362,M00287,P0298,T017,,21.0,,,,8.0,,,,,,,,,,,,,,,,,,,,,1.0,24.0,2.0,11.0,0.0,13.0,20.0,69.0,2.0,,,,,,,,,
S003363,M00287,P0305,T017,,1.0,,,,8.0,,,,,,,,,,,,,,,,,,,,,3.0,27.0,13.0,6.0,2.0,11.0,13.0,89.0,4.0,,,,,,,,,
S003364,M00287,P0312,T017,,25.0,,,,4.0,,,,,,,,,,,,,,,,,,,,,3.0,7.0,11.0,7.0,1.0,8.0,6.0,56.0,1.0,,,,,,,,,
S003365,M00287,P0310,T017,,1.0,,,,2.0,,,,,,,,,,,,,,,,,,,,,4.0,16.0,2.0,24.0,5.0,1.0,14.0,55.0,1.0,,,,,,,,,
S003366,M00287,P0313,T017,,3.0,,,,8.0,,,,,,,,,,,,,,,,,,,,,5.0,29.0,12.0,8.0,5.0,9.0,19.0,86.0,8.0,,,,,,,,,
S003367,M00287,P0398,T023,,14.0,,,,1.0,,,,,,,,,,,,,,,,,,,,,4.0,13.0,11.0,8.0,3.0,13.0,14.0,51.0,5.0,,,,,,,,,
S003368,M00287,P0405,T023,,22.0,,,,0.0,,,,,,,,,,,,,,,,,,,,,1.0,26.0,14.0,13.0,1.0,15.0,10.0,71.0,3.0,,,,,,,,,
S003369,M00287,P0399,T023,,10.0,,,,2.0,,,,,,,,,,,,,,,,,,,,,1.0,19.0,7.0,10.0,4.0,10.0,1.0,75.0,8.0,,,,,,,,,
S003370,M00287,P0400,T023,,17.0,,,,3.0,,,,,,,,,,,,,,,,,,,,,2.0,17.0,2.0,23.0,0.0,6.0,13.0,61.0,4.0,,,,,,,,,
S003371,M00287,P0396,T023,,13.0,,,,5.0,,,,,,,,,,,,,,,,,,,,,5.0,19.0,15.0,17.0,3.0,11.0,6.0,79.0,5.0,,,,,,,,,
S003372,M00287,P0401,T023,,10.0,,,,7.0,,,,,,,,,,,,,,,,,,,,,1.0,12.0,6.0,14.0,1.0,4.0,15.0,30.0,8.0,,,,,,,,,
S003373,M00287,P0392,T023,,5.0,,,,8.0,,,,,,,,,,,,,,,,,,,,,1.0,6.0,9.0,6.0,5.0,0.0,6.0,61.0,8.0,,,,,,,,,
S003374,M00287,P0395,T023,,0.0,,,,3.0,,,,,,,,,,,,,,,,,,,,,1.0,8.0,2.0,25.0,1.0,0.0,16.0,39.0,3.0,,,,,,,,,
S003375,M00287,P0394,T023,,3.0,,,,0.0,,,,,,,,,,,,,,,,,,,,,3.0,29.0,8.0,24.0,5.0,0.0,18.0,59.0,5.0,,,,,,,,,
S003376,M00287,P0393,T023,,22.0,,,,5.0,,,,,,,,,,,,,,,,,,,,,4.0,21.0,10.0,8.0,3.0,12.0,2.0,66.0,0.0,,,,,,,,,
S003377,M00290,P0362,T020,,9.0,,,,6.0,,,,,,,,,,,,,,,,,,,,,5.0,28.0,12.0,7.0,3.0,4.0,4.0,74.0,2.0,,,,,,,,,
S003378,M00290,P0361,T020,,22.0,,,,6.0,,,,,,,,,,,,,,,,,,,,,4.0,19.0,4.0,8.0,0.0,10.0,8.0,79.0,0.0,,,,,,,,,
S003379,M00290,P0353,T020,,23.0,,,,2.0,,,,,,,,,,,,,,,,,,,,,2.0,17.0,2.0,21.0,5.0,9.0,13.0,52.0,5.0,,,,,,,,,
S003380,M00290,P0351,T020,,4.0,,,,8.0,,,,,,,,,,,,,,,,,,,,,5.0,7.0,13.0,23.0,2.0,12.0,17.0,62.0,6.0,,,,,,,,,
S003381,M00290,P0359,T020,,19.0,,,,3.0,,,,,,,,,,,,,,,,,,,,,3.0,23.0,5.0,23.0,3.0,8.0,11.0,42.0,1.0,,,,,,,,,
S003382,M00290,P0358,T020,,1.0,,,,8.0,,,,,,,,,,,,,,,,,,,,,5.0,10.0,5.0,14.0,4.0,14.0,13.0,35.0,4.0,,,,,,,,,
S003383,M00290,P0356,T020,,8.0,,,,3.0,,,,,,,,,,,,,,,,,,,,,3.0,12.0,13.0,19.0,1.0,12.0,20.0,71.0,0.0,,,,,,,,,
S003384,M00290,P0347,T020,,1.0,,,,7.0,,,,,,,,,,,,,,,,,,,,,5.0,21.0,7.0,15.0,1.0,14.0,19.0,49.0,7.0,,,,,,,,,
S003385,M00290,P0357,T020,,24.0,,,,8.0,,,,,,,,,,,,,,,,,,,,,4.0,11.0,3.0,11.0,5.0,8.0,5.0,75.0,0.0,,,,,,,,,
S003386,M00290,P0348,T020,,5.0,,,,2.0,,,,,,,,,,,,,,,,,,,,,1.0,14.0,11.0,25.0,3.0,10.0,5.0,84.0,3.0,,,,,,,,,
S003387,M00290,P0305,T017,,23.0,,,,8.0,,,,,,,,,,,,,,,,,,,,,4.0,5.0,15.0,24.0,3.0,1.0,2.0,31.0,6.0,,,,,,,,,
S003388,M00290,P0308,T017,,10.0,,,,7.0,,,,,,,,,,,,,,,,,,,,,4.0,21.0,11.0,21.0,5.0,5.0,9.0,38.0,5.0,,,,,,,,,
S003389,M00290,P0298,T017,,11.0,,,,3.0,,,,,,,,,,,,,,,,,,,,,4.0,22.0,4.0,22.0,2.0,8.0,20.0,88.0,0.0,,,,,,,,,
S003390,M00290,P0301,T017,,23.0,,,,5.0,,,,,,,,,,,,,,,,,,,,,3.0,14.0,12.0,5.0,5.0,7.0,18.0,65.0,6.0,,,,,,,,,
S003391,M00290,P0297,T017,,16.0,,,,4.0,,,,,,,,,,,,,,,,,,,,,2.0,11.0,13.0,17.0,3.0,0.0,16.0,37.0,4.0,,,,,,,,,
S003392,M00290,P0312,T017,,19.0,,,,0.0,,,,,,,,,,,,,,,,,,,,,3.0,21.0,8.0,9.0,4.0,12.0,10.0,44.0,2.0,,,,,,,,,
S003393,M00290,P0311,T017,,22.0,,,,1.0,,,,,,,,,,,,,,,,,,,,,5.0,12.0,15.0,16.0,5.0,6.0,0.0,60.0,0.0,,,,,,,,,
S003394,M00290,P0309,T017,,19.0,,,,0.0,,,,,,,,,,,,,,,,,,,,,4.0,30.0,3.0,14.0,5.0,15.0,16.0,57.0,0.0,,,,,,,,,
S003395,M00290,P0302,T017,,11.0,,,,3.0,,,,,,,,,,,,,,,,,,,,,1.0,6.0,10.0,12.0,2.0,10.0,2.0,41.0,8.0,,,,,,,,,
S003396,M00290,P0303,T017,,19.0,,,,4.0,,,,,,,,,,,,,,,,,,,,,2.0,25.0,13.0,16.0,2.0,2.0,16.0,43.0,3.0,,,,,,,,,
S003397,M00291,P0407,T023,,25.0,,,,8.0,,,,,,,,,,,,,,,,,,,,,4.0,14.0,5.0,9.0,0.0,6.0,19.0,52.0,0.0,,,,,,,,,
S003398,M00291,P0395,T023,,14.0,,,,7.0,,,,,,,,,,,,,,,,,,,,,1.0,21.0,8.0,19.0,2.0,10.0,0.0,32.0,5.0,,,,,,,,,
S003399,M00291,P0396,T023,,23.0,,,,6.0,,,,,,,,,,,,,,,,,,,,,2.0,15.0,9.0,6.0,5.0,7.0,12.0,84.0,7.0,,,,,,,,,
S003400,M00291,P0402,T023,,6.0,,,,4.0,,,,,,,,,,,,,,,,,,,,,2.0,17.0,3.0,10.0,2.0,15.0,8.0,35.0,5.0,,,,,,,,,
S003401,M00291,P0399,T023,,13.0,,,,2.0,,,,,,,,,,,,,,,,,,,,,1.0,28.0,5.0,24.0,2.0,13.0,13.0,75.0,1.0,,,,,,,,,
S003402,M00291,P0403,T023,,16.0,,,,2.0,,,,,,,,,,,,,,,,,,,,,3.0,29.0,14.0,13.0,5.0,7.0,13.0,49.0,8.0,,,,,,,,,
S003403,M00291,P0406,T023,,2.0,,,,2.0,,,,,,,,,,,,,,,,,,,,,3.0,19.0,10.0,19.0,5.0,11.0,15.0,60.0,3.0,,,,,,,,,
S003404,M00291,P0394,T023,,24.0,,,,4.0,,,,,,,,,,,,,,,,,,,,,1.0,17.0,3.0,17.0,0.0,2.0,15.0,72.0,4.0,,,,,,,,,
S003405,M00291,P0397,T023,,19.0,,,,0.0,,,,,,,,,,,,,,,,,,,,,1.0,17.0,6.0,6.0,0.0,4.0,10.0,56.0,8.0,,,,,,,,,
S003406,M00291,P0392,T023,,21.0,,,,6.0,,,,,,,,,,,,,,,,,,,,,2.0,15.0,11.0,9.0,3.0,7.0,20.0,81.0,8.0,,,,,,,,,
S003407,M00291,P0370,T021,,24.0,,,,5.0,,,,,,,,,,,,,,,,,,,,,4.0,8.0,6.0,8.0,1.0,14.0,8.0,72.0,0.0,,,,,,,,,
S003408,M00291,P0376,T021,,17.0,,,,2.0,,,,,,,,,,,,,,,,,,,,,2.0,25.0,14.0,18.0,2.0,13.0,10.0,41.0,3.0,,,,,,,,,
S003409,M00291,P0375,T021,,15.0,,,,2.0,,,,,,,,,,,,,,,,,,,,,4.0,16.0,8.0,19.0,2.0,8.0,10.0,73.0,4.0,,,,,,,,,
S003410,M00291,P0369,T021,,7.0,,,,8.0,,,,,,,,,,,,,,,,,,,,,1.0,29.0,6.0,23.0,1.0,14.0,11.0,69.0,5.0,,,,,,,,,
S003411,M00291,P0368,T021,,7.0,,,,4.0,,,,,,,,,,,,,,,,,,,,,3.0,17.0,12.0,25.0,1.0,5.0,1.0,84.0,4.0,,,,,,,,,
S003412,M00291,P0367,T021,,1.0,,,,4.0,,,,,,,,,,,,,,,,,,,,,4.0,15.0,6.0,20.0,3.0,11.0,16.0,86.0,3.0,,,,,,,,,
S003413,M00291,P0363,T021,,21.0,,,,0.0,,,,,,,,,,,,,,,,,,,,,5.0,29.0,13.0,7.0,4.0,14.0,12.0,79.0,2.0,,,,,,,,,
S003414,M00291,P0364,T021,,1.0,,,,3.0,,,,,,,,,,,,,,,,,,,,,4.0,13.0,15.0,21.0,4.0,10.0,4.0,85.0,8.0,,,,,,,,,
S003415,M00291,P0373,T021,,2.0,,,,8.0,,,,,,,,,,,,,,,,,,,,,4.0,16.0,14.0,12.0,2.0,8.0,7.0,31.0,2.0,,,,,,,,,
S003416,M00291,P0365,T021,,19.0,,,,7.0,,,,,,,,,,,,,,,,,,,,,5.0,27.0,12.0,12.0,4.0,10.0,9.0,47.0,2.0,,,,,,,,,
S003417,M00292,P0413,T024,,22.0,,,,0.0,,,,,,,,,,,,,,,,,,,,,5.0,22.0,12.0,22.0,5.0,14.0,12.0,42.0,4.0,,,,,,,,,
S003418,M00292,P0409,T024,,15.0,,,,7.0,,,,,,,,,,,,,,,,,,,,,2.0,10.0,6.0,19.0,0.0,3.0,11.0,58.0,8.0,,,,,,,,,
S003419,M00292,P0411,T024,,6.0,,,,8.0,,,,,,,,,,,,,,,,,,,,,4.0,20.0,14.0,7.0,2.0,13.0,3.0,83.0,6.0,,,,,,,,,
S003420,M00292,P0420,T024,,2.0,,,,3.0,,,,,,,,,,,,,,,,,,,,,2.0,28.0,9.0,17.0,3.0,2.0,7.0,77.0,8.0,,,,,,,,,
S003421,M00292,P0419,T024,,6.0,,,,0.0,,,,,,,,,,,,,,,,,,,,,4.0,7.0,6.0,25.0,1.0,2.0,18.0,74.0,1.0,,,,,,,,,
S003422,M00292,P0418,T024,,13.0,,,,1.0,,,,,,,,,,,,,,,,,,,,,4.0,18.0,15.0,18.0,1.0,9.0,12.0,69.0,8.0,,,,,,,,,
S003423,M00292,P0414,T024,,23.0,,,,6.0,,,,,,,,,,,,,,,,,,,,,5.0,23.0,12.0,20.0,3.0,5.0,2.0,62.0,2.0,,,,,,,,,
S003424,M00292,P0412,T024,,9.0,,,,2.0,,,,,,,,,,,,,,,,,,,,,2.0,19.0,11.0,9.0,2.0,15.0,12.0,71.0,8.0,,,,,,,,,
S003425,M00292,P0417,T024,,14.0,,,,7.0,,,,,,,,,,,,,,,,,,,,,4.0,6.0,12.0,8.0,3.0,14.0,2.0,70.0,4.0,,,,,,,,,
S003426,M00292,P0415,T024,,21.0,,,,7.0,,,,,,,,,,,,,,,,,,,,,5.0,23.0,7.0,24.0,1.0,10.0,14.0,64.0,5.0,,,,,,,,,
S003427,M00292,P0397,T023,,7.0,,,,3.0,,,,,,,,,,,,,,,,,,,,,1.0,29.0,9.0,13.0,2.0,8.0,4.0,48.0,7.0,,,,,,,,,
S003428,M00292,P0398,T023,,2.0,,,,8.0,,,,,,,,,,,,,,,,,,,,,1.0,16.0,7.0,10.0,1.0,2.0,17.0,37.0,5.0,,,,,,,,,
S003429,M00292,P0408,T023,,14.0,,,,0.0,,,,,,,,,,,,,,,,,,,,,1.0,7.0,14.0,19.0,0.0,13.0,14.0,60.0,6.0,,,,,,,,,
S003430,M00292,P0394,T023,,6.0,,,,1.0,,,,,,,,,,,,,,,,,,,,,5.0,8.0,5.0,17.0,2.0,10.0,7.0,65.0,3.0,,,,,,,,,
S003431,M00292,P0401,T023,,12.0,,,,5.0,,,,,,,,,,,,,,,,,,,,,2.0,14.0,4.0,15.0,0.0,7.0,11.0,45.0,3.0,,,,,,,,,
S003432,M00292,P0400,T023,,23.0,,,,1.0,,,,,,,,,,,,,,,,,,,,,2.0,7.0,2.0,10.0,2.0,9.0,12.0,58.0,5.0,,,,,,,,,
S003433,M00292,P0392,T023,,2.0,,,,5.0,,,,,,,,,,,,,,,,,,,,,5.0,14.0,11.0,23.0,3.0,15.0,1.0,44.0,1.0,,,,,,,,,
S003434,M00292,P0402,T023,,0.0,,,,8.0,,,,,,,,,,,,,,,,,,,,,4.0,16.0,8.0,9.0,2.0,6.0,5.0,32.0,1.0,,,,,,,,,
S003435,M00292,P0395,T023,,25.0,,,,4.0,,,,,,,,,,,,,,,,,,,,,3.0,11.0,7.0,16.0,3.0,6.0,12.0,85.0,7.0,,,,,,,,,
S003436,M00292,P0396,T023,,16.0,,,,3.0,,,,,,,,,,,,,,,,,,,,,5.0,21.0,12.0,18.0,4.0,13.0,7.0,56.0,4.0,,,,,,,,,
S003437,M00294,P0356,T020,,25.0,,,,7.0,,,,,,,,,,,,,,,,,,,,,2.0,18.0,15.0,11.0,4.0,4.0,20.0,31.0,6.0,,,,,,,,,
S003438,M00294,P0358,T020,,8.0,,,,4.0,,,,,,,,,,,,,,,,,,,,,1.0,9.0,15.0,9.0,4.0,4.0,2.0,35.0,2.0,,,,,,,,,
S003439,M00294,P0351,T020,,14.0,,,,5.0,,,,,,,,,,,,,,,,,,,,,3.0,13.0,5.0,6.0,3.0,15.0,17.0,87.0,2.0,,,,,,,,,
S003440,M00294,P0362,T020,,18.0,,,,3.0,,,,,,,,,,,,,,,,,,,,,1.0,23.0,13.0,21.0,3.0,4.0,3.0,36.0,2.0,,,,,,,,,
S003441,M00294,P0355,T020,,6.0,,,,8.0,,,,,,,,,,,,,,,,,,,,,1.0,21.0,4.0,11.0,4.0,1.0,3.0,53.0,0.0,,,,,,,,,
S003442,M00294,P0348,T020,,19.0,,,,7.0,,,,,,,,,,,,,,,,,,,,,3.0,16.0,6.0,18.0,0.0,13.0,17.0,78.0,0.0,,,,,,,,,
S003443,M00294,P0347,T020,,16.0,,,,0.0,,,,,,,,,,,,,,,,,,,,,4.0,6.0,5.0,14.0,5.0,0.0,0.0,85.0,5.0,,,,,,,,,
S003444,M00294,P0353,T020,,13.0,,,,1.0,,,,,,,,,,,,,,,,,,,,,3.0,21.0,2.0,11.0,0.0,8.0,6.0,88.0,3.0,,,,,,,,,
S003445,M00294,P0350,T020,,0.0,,,,4.0,,,,,,,,,,,,,,,,,,,,,4.0,16.0,9.0,11.0,1.0,3.0,3.0,37.0,5.0,,,,,,,,,
S003446,M00294,P0361,T020,,18.0,,,,2.0,,,,,,,,,,,,,,,,,,,,,3.0,15.0,11.0,23.0,0.0,15.0,19.0,77.0,1.0,,,,,,,,,
S003447,M00294,P0418,T024,,10.0,,,,2.0,,,,,,,,,,,,,,,,,,,,,4.0,27.0,11.0,5.0,2.0,9.0,17.0,70.0,3.0,,,,,,,,,
S003448,M00294,P0415,T024,,0.0,,,,1.0,,,,,,,,,,,,,,,,,,,,,4.0,23.0,2.0,18.0,4.0,0.0,3.0,78.0,1.0,,,,,,,,,
S003449,M00294,P0420,T024,,21.0,,,,6.0,,,,,,,,,,,,,,,,,,,,,3.0,11.0,13.0,5.0,4.0,12.0,9.0,43.0,4.0,,,,,,,,,
S003450,M00294,P0409,T024,,20.0,,,,4.0,,,,,,,,,,,,,,,,,,,,,3.0,11.0,12.0,24.0,3.0,6.0,4.0,33.0,0.0,,,,,,,,,
S003451,M00294,P0410,T024,,13.0,,,,5.0,,,,,,,,,,,,,,,,,,,,,5.0,6.0,3.0,11.0,2.0,6.0,20.0,80.0,0.0,,,,,,,,,
S003452,M00294,P0416,T024,,7.0,,,,5.0,,,,,,,,,,,,,,,,,,,,,3.0,10.0,14.0,18.0,5.0,5.0,9.0,73.0,8.0,,,,,,,,,
S003453,M00294,P0412,T024,,23.0,,,,8.0,,,,,,,,,,,,,,,,,,,,,5.0,22.0,12.0,5.0,2.0,15.0,1.0,46.0,6.0,,,,,,,,,
S003454,M00294,P0411,T024,,17.0,,,,5.0,,,,,,,,,,,,,,,,,,,,,3.0,27.0,7.0,16.0,0.0,12.0,18.0,76.0,3.0,,,,,,,,,
S003455,M00294,P0417,T024,,22.0,,,,5.0,,,,,,,,,,,,,,,,,,,,,2.0,14.0,2.0,25.0,3.0,9.0,3.0,35.0,3.0,,,,,,,,,
S003456,M00294,P0419,T024,,6.0,,,,0.0,,,,,,,,,,,,,,,,,,,,,3.0,23.0,3.0,12.0,4.0,2.0,12.0,82.0,6.0,,,,,,,,,
S003457,M00295,P0384,T022,,12.0,,,,0.0,,,,,,,,,,,,,,,,,,,,,5.0,21.0,13.0,13.0,5.0,6.0,19.0,46.0,2.0,,,,,,,,,
S003458,M00295,P0391,T022,,0.0,,,,8.0,,,,,,,,,,,,,,,,,,,,,5.0,6.0,14.0,21.0,4.0,4.0,10.0,79.0,8.0,,,,,,,,,
S003459,M00295,P0387,T022,,15.0,,,,3.0,,,,,,,,,,,,,,,,,,,,,3.0,21.0,14.0,24.0,5.0,1.0,6.0,60.0,0.0,,,,,,,,,
S003460,M00295,P0377,T022,,14.0,,,,1.0,,,,,,,,,,,,,,,,,,,,,2.0,20.0,5.0,9.0,0.0,11.0,17.0,80.0,8.0,,,,,,,,,
S003461,M00295,P0386,T022,,18.0,,,,4.0,,,,,,,,,,,,,,,,,,,,,4.0,25.0,13.0,21.0,2.0,6.0,1.0,59.0,4.0,,,,,,,,,
S003462,M00295,P0382,T022,,14.0,,,,3.0,,,,,,,,,,,,,,,,,,,,,5.0,22.0,3.0,13.0,0.0,11.0,20.0,37.0,4.0,,,,,,,,,
S003463,M00295,P0379,T022,,10.0,,,,1.0,,,,,,,,,,,,,,,,,,,,,1.0,6.0,13.0,22.0,0.0,7.0,12.0,34.0,7.0,,,,,,,,,
S003464,M00295,P0378,T022,,0.0,,,,8.0,,,,,,,,,,,,,,,,,,,,,1.0,6.0,6.0,16.0,2.0,3.0,4.0,73.0,3.0,,,,,,,,,
S003465,M00295,P0381,T022,,16.0,,,,4.0,,,,,,,,,,,,,,,,,,,,,3.0,8.0,2.0,15.0,1.0,10.0,10.0,86.0,3.0,,,,,,,,,
S003466,M00295,P0385,T022,,12.0,,,,5.0,,,,,,,,,,,,,,,,,,,,,5.0,9.0,7.0,18.0,0.0,8.0,8.0,36.0,2.0,,,,,,,,,
S003467,M00295,P0373,T021,,21.0,,,,5.0,,,,,,,,,,,,,,,,,,,,,2.0,9.0,3.0,9.0,4.0,8.0,3.0,61.0,6.0,,,,,,,,,
S003468,M00295,P0374,T021,,3.0,,,,4.0,,,,,,,,,,,,,,,,,,,,,1.0,8.0,15.0,21.0,1.0,5.0,8.0,78.0,0.0,,,,,,,,,
S003469,M00295,P0375,T021,,12.0,,,,2.0,,,,,,,,,,,,,,,,,,,,,5.0,28.0,7.0,18.0,0.0,4.0,3.0,54.0,6.0,,,,,,,,,
S003470,M00295,P0372,T021,,9.0,,,,0.0,,,,,,,,,,,,,,,,,,,,,5.0,21.0,3.0,5.0,0.0,2.0,5.0,75.0,3.0,,,,,,,,,
S003471,M00295,P0371,T021,,22.0,,,,6.0,,,,,,,,,,,,,,,,,,,,,2.0,5.0,3.0,19.0,4.0,12.0,10.0,53.0,6.0,,,,,,,,,
S003472,M00295,P0370,T021,,7.0,,,,8.0,,,,,,,,,,,,,,,,,,,,,4.0,10.0,5.0,25.0,1.0,12.0,16.0,49.0,1.0,,,,,,,,,
S003473,M00295,P0363,T021,,7.0,,,,6.0,,,,,,,,,,,,,,,,,,,,,3.0,14.0,6.0,10.0,1.0,0.0,15.0,46.0,0.0,,,,,,,,,
S003474,M00295,P0376,T021,,6.0,,,,0.0,,,,,,,,,,,,,,,,,,,,,3.0,21.0,12.0,15.0,5.0,11.0,0.0,69.0,4.0,,,,,,,,,
S003475,M00295,P0369,T021,,16.0,,,,6.0,,,,,,,,,,,,,,,,,,,,,2.0,25.0,3.0,22.0,1.0,12.0,4.0,51.0,7.0,,,,,,,,,
S003476,M00295,P0367,T021,,5.0,,,,8.0,,,,,,,,,,,,,,,,,,,,,4.0,7.0,2.0,20.0,1.0,14.0,9.0,89.0,1.0,,,,,,,,,
S003477,M00296,P0393,T023,,10.0,,,,8.0,,,,,,,,,,,,,,,,,,,,,3.0,15.0,3.0,14.0,4.0,11.0,11.0,40.0,6.0,,,,,,,,,
S003478,M00296,P0403,T023,,7.0,,,,2.0,,,,,,,,,,,,,,,,,,,,,3.0,25.0,7.0,9.0,0.0,15.0,6.0,38.0,8.0,,,,,,,,,
S003479,M00296,P0401,T023,,4.0,,,,8.0,,,,,,,,,,,,,,,,,,,,,3.0,13.0,14.0,20.0,5.0,5.0,18.0,64.0,0.0,,,,,,,,,
S003480,M00296,P0408,T023,,0.0,,,,1.0,,,,,,,,,,,,,,,,,,,,,2.0,9.0,11.0,25.0,3.0,5.0,12.0,50.0,1.0,,,,,,,,,
S003481,M00296,P0397,T023,,23.0,,,,0.0,,,,,,,,,,,,,,,,,,,,,2.0,13.0,4.0,14.0,5.0,10.0,15.0,63.0,1.0,,,,,,,,,
S003482,M00296,P0407,T023,,3.0,,,,6.0,,,,,,,,,,,,,,,,,,,,,2.0,14.0,7.0,9.0,5.0,11.0,7.0,33.0,3.0,,,,,,,,,
S003483,M00296,P0399,T023,,4.0,,,,1.0,,,,,,,,,,,,,,,,,,,,,1.0,13.0,15.0,12.0,0.0,0.0,3.0,37.0,3.0,,,,,,,,,
S003484,M00296,P0406,T023,,9.0,,,,4.0,,,,,,,,,,,,,,,,,,,,,1.0,18.0,6.0,10.0,0.0,9.0,7.0,59.0,7.0,,,,,,,,,
S003485,M00296,P0400,T023,,21.0,,,,5.0,,,,,,,,,,,,,,,,,,,,,5.0,26.0,2.0,15.0,5.0,4.0,4.0,87.0,7.0,,,,,,,,,
S003486,M00296,P0405,T023,,0.0,,,,6.0,,,,,,,,,,,,,,,,,,,,,4.0,26.0,4.0,6.0,5.0,9.0,18.0,59.0,6.0,,,,,,,,,
S003487,M00296,P0386,T022,,13.0,,,,4.0,,,,,,,,,,,,,,,,,,,,,5.0,25.0,14.0,7.0,0.0,6.0,11.0,30.0,7.0,,,,,,,,,
S003488,M00296,P0387,T022,,25.0,,,,6.0,,,,,,,,,,,,,,,,,,,,,4.0,14.0,11.0,19.0,1.0,14.0,12.0,42.0,3.0,,,,,,,,,
S003489,M00296,P0384,T022,,13.0,,,,0.0,,,,,,,,,,,,,,,,,,,,,5.0,21.0,2.0,19.0,0.0,3.0,19.0,85.0,4.0,,,,,,,,,
S003490,M00296,P0391,T022,,10.0,,,,5.0,,,,,,,,,,,,,,,,,,,,,4.0,6.0,12.0,25.0,1.0,4.0,1.0,36.0,1.0,,,,,,,,,
S003491,M00296,P0388,T022,,25.0,,,,0.0,,,,,,,,,,,,,,,,,,,,,2.0,20.0,15.0,14.0,1.0,4.0,11.0,89.0,3.0,,,,,,,,,
S003492,M00296,P0385,T022,,20.0,,,,3.0,,,,,,,,,,,,,,,,,,,,,2.0,27.0,4.0,22.0,0.0,9.0,7.0,43.0,1.0,,,,,,,,,
S003493,M00296,P0389,T022,,2.0,,,,7.0,,,,,,,,,,,,,,,,,,,,,4.0,18.0,8.0,14.0,5.0,9.0,13.0,67.0,7.0,,,,,,,,,
S003494,M00296,P0379,T022,,15.0,,,,8.0,,,,,,,,,,,,,,,,,,,,,1.0,8.0,3.0,23.0,2.0,2.0,3.0,37.0,5.0,,,,,,,,,
S003495,M00296,P0390,T022,,17.0,,,,3.0,,,,,,,,,,,,,,,,,,,,,4.0,19.0,4.0,23.0,0.0,6.0,15.0,37.0,5.0,,,,,,,,,
S003496,M00296,P0380,T022,,16.0,,,,2.0,,,,,,,,,,,,,,,,,,,,,3.0,17.0,2.0,17.0,2.0,4.0,6.0,55.0,2.0,,,,,,,,,
S003497,M00297,P0305,T017,,14.0,,,,7.0,,,,,,,,,,,,,,,,,,,,,3.0,25.0,10.0,16.0,0.0,0.0,11.0,71.0,7.0,,,,,,,,,
S003498,M00297,P0306,T017,,2.0,,,,4.0,,,,,,,,,,,,,,,,,,,,,1.0,20.0,10.0,25.0,2.0,8.0,1.0,33.0,2.0,,,,,,,,,
S003499,M00297,P0313,T017,,8.0,,,,4.0,,,,,,,,,,,,,,,,,,,,,4.0,29.0,10.0,10.0,2.0,9.0,7.0,58.0,3.0,,,,,,,,,
S003500,M00297,P0307,T017,,12.0,,,,4.0,,,,,,,,,,,,,,,,,,,,,4.0,18.0,2.0,14.0,4.0,12.0,14.0,37.0,1.0,,,,,,,,,
S003501,M00297,P0302,T017,,16.0,,,,1.0,,,,,,,,,,,,,,,,,,,,,5.0,7.0,8.0,21.0,1.0,15.0,14.0,71.0,3.0,,,,,,,,,
S003502,M00297,P0310,T017,,14.0,,,,6.0,,,,,,,,,,,,,,,,,,,,,3.0,19.0,6.0,19.0,4.0,9.0,11.0,74.0,2.0,,,,,,,,,
S003503,M00297,P0311,T017,,7.0,,,,1.0,,,,,,,,,,,,,,,,,,,,,4.0,27.0,5.0,25.0,4.0,3.0,10.0,56.0,7.0,,,,,,,,,
S003504,M00297,P0299,T017,,9.0,,,,3.0,,,,,,,,,,,,,,,,,,,,,3.0,8.0,15.0,15.0,2.0,11.0,10.0,72.0,7.0,,,,,,,,,
S003505,M00297,P0303,T017,,14.0,,,,0.0,,,,,,,,,,,,,,,,,,,,,5.0,25.0,14.0,19.0,4.0,1.0,15.0,87.0,7.0,,,,,,,,,
S003506,M00297,P0297,T017,,9.0,,,,5.0,,,,,,,,,,,,,,,,,,,,,1.0,25.0,12.0,15.0,1.0,0.0,0.0,34.0,7.0,,,,,,,,,
S003507,M00297,P0412,T024,,18.0,,,,5.0,,,,,,,,,,,,,,,,,,,,,2.0,25.0,10.0,17.0,3.0,4.0,8.0,33.0,5.0,,,,,,,,,
S003508,M00297,P0410,T024,,10.0,,,,2.0,,,,,,,,,,,,,,,,,,,,,3.0,30.0,12.0,15.0,0.0,15.0,15.0,48.0,8.0,,,,,,,,,
S003509,M00297,P0413,T024,,13.0,,,,6.0,,,,,,,,,,,,,,,,,,,,,3.0,15.0,4.0,14.0,1.0,8.0,6.0,58.0,4.0,,,,,,,,,
S003510,M00297,P0419,T024,,16.0,,,,2.0,,,,,,,,,,,,,,,,,,,,,2.0,28.0,4.0,5.0,1.0,4.0,1.0,47.0,1.0,,,,,,,,,
S003511,M00297,P0411,T024,,13.0,,,,6.0,,,,,,,,,,,,,,,,,,,,,1.0,14.0,11.0,6.0,3.0,5.0,12.0,51.0,2.0,,,,,,,,,
S003512,M00297,P0420,T024,,21.0,,,,4.0,,,,,,,,,,,,,,,,,,,,,1.0,8.0,13.0,21.0,3.0,13.0,1.0,69.0,6.0,,,,,,,,,
S003513,M00297,P0417,T024,,7.0,,,,5.0,,,,,,,,,,,,,,,,,,,,,4.0,19.0,4.0,6.0,0.0,7.0,5.0,37.0,5.0,,,,,,,,,
S003514,M00297,P0416,T024,,23.0,,,,2.0,,,,,,,,,,,,,,,,,,,,,4.0,24.0,5.0,6.0,2.0,0.0,13.0,76.0,5.0,,,,,,,,,
S003515,M00297,P0414,T024,,12.0,,,,1.0,,,,,,,,,,,,,,,,,,,,,1.0,23.0,8.0,15.0,4.0,8.0,8.0,72.0,5.0,,,,,,,,,
S003516,M00297,P0409,T024,,6.0,,,,4.0,,,,,,,,,,,,,,,,,,,,,2.0,17.0,6.0,7.0,0.0,0.0,1.0,80.0,2.0,,,,,,,,,
S003517,M00298,P0331,T019,,5.0,,,,5.0,,,,,,,,,,,,,,,,,,,,,2.0,8.0,15.0,8.0,5.0,14.0,10.0,37.0,6.0,,,,,,,,,
S003518,M00298,P0342,T019,,18.0,,,,6.0,,,,,,,,,,,,,,,,,,,,,4.0,30.0,4.0,5.0,2.0,13.0,11.0,44.0,1.0,,,,,,,,,
S003519,M00298,P0337,T019,,21.0,,,,4.0,,,,,,,,,,,,,,,,,,,,,3.0,30.0,5.0,10.0,1.0,1.0,15.0,82.0,0.0,,,,,,,,,
S003520,M00298,P0336,T019,,6.0,,,,0.0,,,,,,,,,,,,,,,,,,,,,3.0,7.0,14.0,19.0,3.0,5.0,5.0,39.0,8.0,,,,,,,,,
S003521,M00298,P0341,T019,,8.0,,,,5.0,,,,,,,,,,,,,,,,,,,,,4.0,24.0,11.0,21.0,4.0,6.0,12.0,61.0,4.0,,,,,,,,,
S003522,M00298,P0330,T019,,17.0,,,,0.0,,,,,,,,,,,,,,,,,,,,,2.0,28.0,8.0,7.0,3.0,12.0,20.0,60.0,8.0,,,,,,,,,
S003523,M00298,P0334,T019,,6.0,,,,8.0,,,,,,,,,,,,,,,,,,,,,4.0,21.0,14.0,6.0,0.0,3.0,2.0,81.0,3.0,,,,,,,,,
S003524,M00298,P0345,T019,,20.0,,,,2.0,,,,,,,,,,,,,,,,,,,,,1.0,16.0,4.0,11.0,4.0,7.0,11.0,89.0,2.0,,,,,,,,,
S003525,M00298,P0343,T019,,6.0,,,,5.0,,,,,,,,,,,,,,,,,,,,,2.0,19.0,9.0,6.0,2.0,9.0,16.0,81.0,0.0,,,,,,,,,
S003526,M00298,P0332,T019,,20.0,,,,2.0,,,,,,,,,,,,,,,,,,,,,4.0,12.0,12.0,13.0,2.0,12.0,17.0,46.0,6.0,,,,,,,,,
S003527,M00298,P0409,T024,,4.0,,,,3.0,,,,,,,,,,,,,,,,,,,,,3.0,19.0,11.0,11.0,5.0,15.0,1.0,38.0,1.0,,,,,,,,,
S003528,M00298,P0413,T024,,21.0,,,,6.0,,,,,,,,,,,,,,,,,,,,,3.0,17.0,3.0,24.0,5.0,1.0,9.0,60.0,6.0,,,,,,,,,
S003529,M00298,P0410,T024,,1.0,,,,6.0,,,,,,,,,,,,,,,,,,,,,1.0,9.0,11.0,25.0,5.0,11.0,8.0,48.0,1.0,,,,,,,,,
S003530,M00298,P0411,T024,,23.0,,,,4.0,,,,,,,,,,,,,,,,,,,,,5.0,6.0,14.0,11.0,3.0,14.0,1.0,40.0,6.0,,,,,,,,,
S003531,M00298,P0415,T024,,1.0,,,,3.0,,,,,,,,,,,,,,,,,,,,,4.0,15.0,2.0,15.0,3.0,5.0,7.0,90.0,7.0,,,,,,,,,
S003532,M00298,P0420,T024,,24.0,,,,4.0,,,,,,,,,,,,,,,,,,,,,2.0,13.0,8.0,15.0,3.0,0.0,9.0,64.0,5.0,,,,,,,,,
S003533,M00298,P0412,T024,,2.0,,,,0.0,,,,,,,,,,,,,,,,,,,,,1.0,23.0,11.0,17.0,2.0,12.0,7.0,41.0,2.0,,,,,,,,,
S003534,M00298,P0417,T024,,15.0,,,,1.0,,,,,,,,,,,,,,,,,,,,,4.0,24.0,3.0,7.0,3.0,10.0,3.0,41.0,5.0,,,,,,,,,
S003535,M00298,P0419,T024,,22.0,,,,7.0,,,,,,,,,,,,,,,,,,,,,5.0,10.0,12.0,10.0,4.0,2.0,12.0,68.0,4.0,,,,,,,,,
S003536,M00298,P0414,T024,,24.0,,,,2.0,,,,,,,,,,,,,,,,,,,,,2.0,9.0,4.0,16.0,1.0,8.0,2.0,65.0,7.0,,,,,,,,,
S003537,M00299,P0340,T019,,21.0,,,,5.0,,,,,,,,,,,,,,,,,,,,,2.0,13.0,15.0,21.0,4.0,7.0,13.0,57.0,0.0,,,,,,,,,
S003538,M00299,P0345,T019,,18.0,,,,3.0,,,,,,,,,,,,,,,,,,,,,4.0,22.0,5.0,14.0,0.0,6.0,6.0,60.0,8.0,,,,,,,,,
S003539,M00299,P0344,T019,,12.0,,,,5.0,,,,,,,,,,,,,,,,,,,,,2.0,25.0,3.0,25.0,4.0,5.0,12.0,56.0,8.0,,,,,,,,,
S003540,M00299,P0336,T019,,12.0,,,,0.0,,,,,,,,,,,,,,,,,,,,,4.0,25.0,10.0,22.0,0.0,15.0,18.0,53.0,6.0,,,,,,,,,
S003541,M00299,P0331,T019,,7.0,,,,0.0,,,,,,,,,,,,,,,,,,,,,3.0,6.0,2.0,10.0,1.0,15.0,11.0,30.0,3.0,,,,,,,,,
S003542,M00299,P0337,T019,,21.0,,,,7.0,,,,,,,,,,,,,,,,,,,,,4.0,5.0,6.0,5.0,4.0,4.0,17.0,32.0,3.0,,,,,,,,,
S003543,M00299,P0343,T019,,14.0,,,,4.0,,,,,,,,,,,,,,,,,,,,,2.0,30.0,3.0,9.0,5.0,3.0,6.0,81.0,7.0,,,,,,,,,
S003544,M00299,P0335,T019,,14.0,,,,3.0,,,,,,,,,,,,,,,,,,,,,3.0,10.0,9.0,23.0,1.0,4.0,13.0,76.0,8.0,,,,,,,,,
S003545,M00299,P0341,T019,,8.0,,,,4.0,,,,,,,,,,,,,,,,,,,,,5.0,23.0,7.0,10.0,3.0,13.0,4.0,69.0,3.0,,,,,,,,,
S003546,M00299,P0332,T019,,12.0,,,,8.0,,,,,,,,,,,,,,,,,,,,,2.0,28.0,11.0,11.0,1.0,9.0,0.0,73.0,7.0,,,,,,,,,
S003547,M00299,P0411,T024,,0.0,,,,8.0,,,,,,,,,,,,,,,,,,,,,5.0,23.0,14.0,5.0,4.0,1.0,8.0,31.0,3.0,,,,,,,,,
S003548,M00299,P0417,T024,,12.0,,,,7.0,,,,,,,,,,,,,,,,,,,,,2.0,28.0,4.0,9.0,2.0,9.0,10.0,83.0,2.0,,,,,,,,,
S003549,M00299,P0410,T024,,15.0,,,,4.0,,,,,,,,,,,,,,,,,,,,,2.0,16.0,11.0,9.0,3.0,15.0,7.0,81.0,2.0,,,,,,,,,
S003550,M00299,P0414,T024,,5.0,,,,1.0,,,,,,,,,,,,,,,,,,,,,4.0,10.0,4.0,15.0,2.0,7.0,4.0,50.0,0.0,,,,,,,,,
S003551,M00299,P0418,T024,,12.0,,,,3.0,,,,,,,,,,,,,,,,,,,,,1.0,24.0,15.0,10.0,4.0,14.0,8.0,53.0,1.0,,,,,,,,,
S003552,M00299,P0419,T024,,22.0,,,,5.0,,,,,,,,,,,,,,,,,,,,,1.0,26.0,8.0,7.0,3.0,0.0,17.0,55.0,2.0,,,,,,,,,
S003553,M00299,P0415,T024,,18.0,,,,1.0,,,,,,,,,,,,,,,,,,,,,3.0,30.0,7.0,12.0,1.0,13.0,13.0,82.0,0.0,,,,,,,,,
S003554,M00299,P0412,T024,,14.0,,,,2.0,,,,,,,,,,,,,,,,,,,,,3.0,15.0,15.0,25.0,4.0,12.0,12.0,77.0,4.0,,,,,,,,,
S003555,M00299,P0409,T024,,2.0,,,,8.0,,,,,,,,,,,,,,,,,,,,,4.0,26.0,3.0,7.0,1.0,4.0,0.0,59.0,2.0,,,,,,,,,
S003556,M00299,P0420,T024,,23.0,,,,1.0,,,,,,,,,,,,,,,,,,,,,2.0,23.0,3.0,22.0,2.0,12.0,10.0,89.0,5.0,,,,,,,,,
S003557,M00301,P0409,T024,,20.0,,,,1.0,,,,,,,,,,,,,,,,,,,,,4.0,16.0,7.0,24.0,3.0,13.0,18.0,58.0,6.0,,,,,,,,,
S003558,M00301,P0415,T024,,23.0,,,,3.0,,,,,,,,,,,,,,,,,,,,,1.0,10.0,4.0,17.0,2.0,9.0,18.0,75.0,5.0,,,,,,,,,
S003559,M00301,P0412,T024,,9.0,,,,0.0,,,,,,,,,,,,,,,,,,,,,1.0,12.0,9.0,13.0,1.0,8.0,4.0,48.0,1.0,,,,,,,,,
S003560,M00301,P0419,T024,,4.0,,,,1.0,,,,,,,,,,,,,,,,,,,,,4.0,18.0,5.0,20.0,3.0,15.0,8.0,75.0,4.0,,,,,,,,,
S003561,M00301,P0414,T024,,5.0,,,,2.0,,,,,,,,,,,,,,,,,,,,,2.0,9.0,3.0,14.0,1.0,3.0,18.0,83.0,7.0,,,,,,,,,
S003562,M00301,P0417,T024,,16.0,,,,0.0,,,,,,,,,,,,,,,,,,,,,2.0,7.0,12.0,12.0,2.0,14.0,6.0,36.0,7.0,,,,,,,,,
S003563,M00301,P0420,T024,,3.0,,,,2.0,,,,,,,,,,,,,,,,,,,,,3.0,6.0,12.0,23.0,2.0,7.0,17.0,50.0,0.0,,,,,,,,,
S003564,M00301,P0418,T024,,23.0,,,,2.0,,,,,,,,,,,,,,,,,,,,,5.0,11.0,5.0,20.0,0.0,0.0,9.0,50.0,3.0,,,,,,,,,
S003565,M00301,P0413,T024,,2.0,,,,6.0,,,,,,,,,,,,,,,,,,,,,3.0,11.0,7.0,11.0,5.0,9.0,7.0,34.0,7.0,,,,,,,,,
S003566,M00301,P0411,T024,,19.0,,,,1.0,,,,,,,,,,,,,,,,,,,,,1.0,26.0,12.0,17.0,1.0,6.0,11.0,46.0,7.0,,,,,,,,,
S003567,M00301,P0298,T017,,9.0,,,,6.0,,,,,,,,,,,,,,,,,,,,,3.0,8.0,9.0,22.0,4.0,4.0,4.0,32.0,6.0,,,,,,,,,
S003568,M00301,P0307,T017,,4.0,,,,4.0,,,,,,,,,,,,,,,,,,,,,5.0,23.0,12.0,15.0,4.0,1.0,5.0,89.0,8.0,,,,,,,,,
S003569,M00301,P0304,T017,,11.0,,,,8.0,,,,,,,,,,,,,,,,,,,,,3.0,19.0,3.0,18.0,4.0,3.0,18.0,72.0,8.0,,,,,,,,,
S003570,M00301,P0309,T017,,13.0,,,,5.0,,,,,,,,,,,,,,,,,,,,,1.0,28.0,4.0,14.0,4.0,6.0,3.0,88.0,4.0,,,,,,,,,
S003571,M00301,P0299,T017,,7.0,,,,5.0,,,,,,,,,,,,,,,,,,,,,3.0,28.0,8.0,8.0,1.0,6.0,16.0,57.0,1.0,,,,,,,,,
S003572,M00301,P0310,T017,,13.0,,,,4.0,,,,,,,,,,,,,,,,,,,,,2.0,19.0,13.0,17.0,0.0,13.0,3.0,57.0,0.0,,,,,,,,,
S003573,M00301,P0306,T017,,8.0,,,,7.0,,,,,,,,,,,,,,,,,,,,,3.0,12.0,5.0,5.0,3.0,7.0,12.0,60.0,1.0,,,,,,,,,
S003574,M00301,P0312,T017,,15.0,,,,7.0,,,,,,,,,,,,,,,,,,,,,2.0,27.0,6.0,5.0,3.0,11.0,7.0,81.0,1.0,,,,,,,,,
S003575,M00301,P0311,T017,,3.0,,,,8.0,,,,,,,,,,,,,,,,,,,,,2.0,19.0,14.0,24.0,2.0,0.0,12.0,69.0,7.0,,,,,,,,,
S003576,M00301,P0313,T017,,19.0,,,,2.0,,,,,,,,,,,,,,,,,,,,,2.0,18.0,9.0,6.0,2.0,2.0,17.0,57.0,2.0,,,,,,,,,
S003577,M00303,P0320,T018,,12.0,,,,7.0,,,,,,,,,,,,,,,,,,,,,5.0,27.0,6.0,13.0,0.0,3.0,19.0,82.0,2.0,,,,,,,,,
S003578,M00303,P0315,T018,,11.0,,,,7.0,,,,,,,,,,,,,,,,,,,,,3.0,12.0,3.0,15.0,2.0,0.0,8.0,55.0,1.0,,,,,,,,,
S003579,M00303,P0323,T018,,3.0,,,,3.0,,,,,,,,,,,,,,,,,,,,,4.0,14.0,13.0,22.0,5.0,8.0,1.0,44.0,7.0,,,,,,,,,
S003580,M00303,P0326,T018,,12.0,,,,4.0,,,,,,,,,,,,,,,,,,,,,2.0,20.0,7.0,16.0,3.0,13.0,18.0,70.0,0.0,,,,,,,,,
S003581,M00303,P0328,T018,,9.0,,,,2.0,,,,,,,,,,,,,,,,,,,,,5.0,7.0,6.0,16.0,5.0,1.0,19.0,52.0,6.0,,,,,,,,,
S003582,M00303,P0324,T018,,13.0,,,,0.0,,,,,,,,,,,,,,,,,,,,,2.0,26.0,13.0,11.0,4.0,10.0,20.0,50.0,2.0,,,,,,,,,
S003583,M00303,P0329,T018,,24.0,,,,3.0,,,,,,,,,,,,,,,,,,,,,5.0,21.0,4.0,8.0,1.0,4.0,19.0,69.0,6.0,,,,,,,,,
S003584,M00303,P0321,T018,,16.0,,,,4.0,,,,,,,,,,,,,,,,,,,,,4.0,11.0,15.0,11.0,2.0,11.0,19.0,67.0,1.0,,,,,,,,,
S003585,M00303,P0322,T018,,14.0,,,,6.0,,,,,,,,,,,,,,,,,,,,,5.0,29.0,9.0,12.0,4.0,11.0,16.0,89.0,6.0,,,,,,,,,
S003586,M00303,P0316,T018,,4.0,,,,4.0,,,,,,,,,,,,,,,,,,,,,5.0,9.0,7.0,12.0,3.0,13.0,6.0,56.0,6.0,,,,,,,,,
S003587,M00303,P0335,T019,,24.0,,,,3.0,,,,,,,,,,,,,,,,,,,,,5.0,15.0,7.0,24.0,2.0,11.0,1.0,57.0,8.0,,,,,,,,,
S003588,M00303,P0345,T019,,10.0,,,,2.0,,,,,,,,,,,,,,,,,,,,,5.0,21.0,14.0,24.0,2.0,13.0,7.0,80.0,0.0,,,,,,,,,
S003589,M00303,P0331,T019,,18.0,,,,2.0,,,,,,,,,,,,,,,,,,,,,5.0,28.0,9.0,21.0,2.0,10.0,20.0,47.0,1.0,,,,,,,,,
S003590,M00303,P0344,T019,,18.0,,,,4.0,,,,,,,,,,,,,,,,,,,,,4.0,11.0,13.0,12.0,0.0,9.0,18.0,75.0,1.0,,,,,,,,,
S003591,M00303,P0337,T019,,5.0,,,,4.0,,,,,,,,,,,,,,,,,,,,,3.0,7.0,7.0,14.0,5.0,1.0,18.0,55.0,7.0,,,,,,,,,
S003592,M00303,P0343,T019,,4.0,,,,8.0,,,,,,,,,,,,,,,,,,,,,4.0,14.0,4.0,16.0,3.0,8.0,1.0,49.0,0.0,,,,,,,,,
S003593,M00303,P0336,T019,,5.0,,,,7.0,,,,,,,,,,,,,,,,,,,,,3.0,28.0,12.0,25.0,5.0,14.0,0.0,42.0,5.0,,,,,,,,,
S003594,M00303,P0346,T019,,14.0,,,,3.0,,,,,,,,,,,,,,,,,,,,,3.0,18.0,8.0,6.0,3.0,14.0,18.0,81.0,7.0,,,,,,,,,
S003595,M00303,P0333,T019,,2.0,,,,0.0,,,,,,,,,,,,,,,,,,,,,3.0,26.0,12.0,23.0,0.0,12.0,20.0,52.0,1.0,,,,,,,,,
S003596,M00303,P0339,T019,,9.0,,,,2.0,,,,,,,,,,,,,,,,,,,,,5.0,5.0,9.0,12.0,2.0,13.0,3.0,53.0,0.0,,,,,,,,,
S003597,M00305,P0304,T017,,18.0,,,,5.0,,,,,,,,,,,,,,,,,,,,,1.0,9.0,15.0,7.0,5.0,6.0,19.0,31.0,0.0,,,,,,,,,
S003598,M00305,P0299,T017,,18.0,,,,0.0,,,,,,,,,,,,,,,,,,,,,2.0,27.0,7.0,7.0,5.0,2.0,9.0,58.0,4.0,,,,,,,,,
S003599,M00305,P0298,T017,,5.0,,,,0.0,,,,,,,,,,,,,,,,,,,,,4.0,24.0,11.0,16.0,2.0,10.0,4.0,45.0,7.0,,,,,,,,,
S003600,M00305,P0303,T017,,6.0,,,,0.0,,,,,,,,,,,,,,,,,,,,,5.0,27.0,11.0,13.0,4.0,15.0,11.0,60.0,4.0,,,,,,,,,
S003601,M00305,P0296,T017,,12.0,,,,4.0,,,,,,,,,,,,,,,,,,,,,3.0,22.0,6.0,9.0,3.0,7.0,6.0,43.0,3.0,,,,,,,,,
S003602,M00305,P0313,T017,,17.0,,,,6.0,,,,,,,,,,,,,,,,,,,,,5.0,14.0,13.0,15.0,0.0,1.0,6.0,75.0,4.0,,,,,,,,,
S003603,M00305,P0311,T017,,6.0,,,,8.0,,,,,,,,,,,,,,,,,,,,,5.0,30.0,2.0,9.0,2.0,2.0,6.0,32.0,1.0,,,,,,,,,
S003604,M00305,P0305,T017,,25.0,,,,4.0,,,,,,,,,,,,,,,,,,,,,4.0,6.0,8.0,13.0,4.0,1.0,6.0,53.0,3.0,,,,,,,,,
S003605,M00305,P0307,T017,,3.0,,,,7.0,,,,,,,,,,,,,,,,,,,,,3.0,20.0,12.0,25.0,1.0,6.0,9.0,75.0,3.0,,,,,,,,,
S003606,M00305,P0306,T017,,24.0,,,,7.0,,,,,,,,,,,,,,,,,,,,,1.0,27.0,15.0,8.0,4.0,4.0,3.0,70.0,8.0,,,,,,,,,
S003607,M00305,P0335,T019,,16.0,,,,8.0,,,,,,,,,,,,,,,,,,,,,1.0,17.0,9.0,8.0,5.0,2.0,0.0,64.0,0.0,,,,,,,,,
S003608,M00305,P0332,T019,,7.0,,,,3.0,,,,,,,,,,,,,,,,,,,,,2.0,22.0,10.0,17.0,4.0,15.0,0.0,79.0,2.0,,,,,,,,,
S003609,M00305,P0342,T019,,14.0,,,,3.0,,,,,,,,,,,,,,,,,,,,,3.0,24.0,7.0,16.0,3.0,9.0,8.0,72.0,1.0,,,,,,,,,
S003610,M00305,P0336,T019,,19.0,,,,3.0,,,,,,,,,,,,,,,,,,,,,1.0,25.0,12.0,16.0,2.0,14.0,5.0,63.0,6.0,,,,,,,,,
S003611,M00305,P0340,T019,,18.0,,,,6.0,,,,,,,,,,,,,,,,,,,,,2.0,23.0,13.0,10.0,2.0,0.0,5.0,44.0,8.0,,,,,,,,,
S003612,M00305,P0330,T019,,19.0,,,,3.0,,,,,,,,,,,,,,,,,,,,,3.0,9.0,2.0,7.0,3.0,11.0,19.0,34.0,4.0,,,,,,,,,
S003613,M00305,P0343,T019,,0.0,,,,0.0,,,,,,,,,,,,,,,,,,,,,3.0,24.0,2.0,25.0,1.0,11.0,15.0,38.0,8.0,,,,,,,,,
S003614,M00305,P0333,T019,,19.0,,,,5.0,,,,,,,,,,,,,,,,,,,,,4.0,12.0,11.0,12.0,4.0,2.0,0.0,54.0,7.0,,,,,,,,,
S003615,M00305,P0345,T019,,7.0,,,,2.0,,,,,,,,,,,,,,,,,,,,,2.0,11.0,10.0,19.0,3.0,10.0,6.0,90.0,4.0,,,,,,,,,
S003616,M00305,P0339,T019,,21.0,,,,2.0,,,,,,,,,,,,,,,,,,,,,5.0,6.0,15.0,14.0,4.0,12.0,12.0,63.0,2.0,,,,,,,,,
S003617,M00306,P0412,T024,,21.0,,,,5.0,,,,,,,,,,,,,,,,,,,,,1.0,8.0,12.0,14.0,2.0,9.0,17.0,84.0,4.0,,,,,,,,,
S003618,M00306,P0417,T024,,19.0,,,,7.0,,,,,,,,,,,,,,,,,,,,,4.0,9.0,2.0,13.0,0.0,11.0,3.0,81.0,8.0,,,,,,,,,
S003619,M00306,P0414,T024,,0.0,,,,2.0,,,,,,,,,,,,,,,,,,,,,4.0,11.0,12.0,10.0,0.0,14.0,14.0,51.0,0.0,,,,,,,,,
S003620,M00306,P0419,T024,,11.0,,,,8.0,,,,,,,,,,,,,,,,,,,,,2.0,29.0,6.0,12.0,4.0,2.0,0.0,43.0,2.0,,,,,,,,,
S003621,M00306,P0418,T024,,22.0,,,,0.0,,,,,,,,,,,,,,,,,,,,,1.0,13.0,3.0,12.0,5.0,15.0,4.0,62.0,1.0,,,,,,,,,
S003622,M00306,P0416,T024,,4.0,,,,7.0,,,,,,,,,,,,,,,,,,,,,1.0,29.0,11.0,10.0,4.0,10.0,14.0,50.0,5.0,,,,,,,,,
S003623,M00306,P0411,T024,,4.0,,,,7.0,,,,,,,,,,,,,,,,,,,,,1.0,18.0,5.0,6.0,5.0,1.0,15.0,78.0,6.0,,,,,,,,,
S003624,M00306,P0410,T024,,6.0,,,,2.0,,,,,,,,,,,,,,,,,,,,,2.0,27.0,2.0,10.0,2.0,3.0,14.0,54.0,6.0,,,,,,,,,
S003625,M00306,P0409,T024,,17.0,,,,2.0,,,,,,,,,,,,,,,,,,,,,4.0,24.0,11.0,8.0,1.0,15.0,9.0,56.0,2.0,,,,,,,,,
S003626,M00306,P0420,T024,,6.0,,,,5.0,,,,,,,,,,,,,,,,,,,,,1.0,11.0,6.0,23.0,5.0,11.0,17.0,41.0,5.0,,,,,,,,,
S003627,M00306,P0404,T023,,23.0,,,,4.0,,,,,,,,,,,,,,,,,,,,,5.0,23.0,6.0,7.0,2.0,15.0,11.0,88.0,3.0,,,,,,,,,
S003628,M00306,P0403,T023,,13.0,,,,7.0,,,,,,,,,,,,,,,,,,,,,4.0,11.0,14.0,22.0,5.0,5.0,11.0,56.0,4.0,,,,,,,,,
S003629,M00306,P0398,T023,,11.0,,,,4.0,,,,,,,,,,,,,,,,,,,,,5.0,22.0,8.0,20.0,3.0,13.0,18.0,52.0,5.0,,,,,,,,,
S003630,M00306,P0394,T023,,15.0,,,,5.0,,,,,,,,,,,,,,,,,,,,,4.0,28.0,2.0,8.0,4.0,13.0,11.0,90.0,0.0,,,,,,,,,
S003631,M00306,P0393,T023,,14.0,,,,6.0,,,,,,,,,,,,,,,,,,,,,4.0,24.0,13.0,13.0,2.0,2.0,3.0,53.0,0.0,,,,,,,,,
S003632,M00306,P0401,T023,,19.0,,,,5.0,,,,,,,,,,,,,,,,,,,,,3.0,9.0,15.0,18.0,4.0,14.0,0.0,49.0,2.0,,,,,,,,,
S003633,M00306,P0405,T023,,8.0,,,,7.0,,,,,,,,,,,,,,,,,,,,,4.0,17.0,11.0,24.0,2.0,1.0,17.0,33.0,4.0,,,,,,,,,
S003634,M00306,P0407,T023,,13.0,,,,6.0,,,,,,,,,,,,,,,,,,,,,4.0,5.0,13.0,12.0,4.0,5.0,16.0,53.0,0.0,,,,,,,,,
S003635,M00306,P0397,T023,,3.0,,,,7.0,,,,,,,,,,,,,,,,,,,,,3.0,18.0,4.0,15.0,0.0,5.0,0.0,70.0,2.0,,,,,,,,,
S003636,M00306,P0392,T023,,10.0,,,,2.0,,,,,,,,,,,,,,,,,,,,,2.0,10.0,3.0,12.0,4.0,0.0,5.0,67.0,4.0,,,,,,,,,
S003637,M00307,P0413,T024,,8.0,,,,7.0,,,,,,,,,,,,,,,,,,,,,4.0,23.0,15.0,25.0,0.0,10.0,3.0,38.0,5.0,,,,,,,,,
S003638,M00307,P0415,T024,,11.0,,,,8.0,,,,,,,,,,,,,,,,,,,,,3.0,29.0,14.0,24.0,1.0,10.0,7.0,87.0,3.0,,,,,,,,,
S003639,M00307,P0411,T024,,16.0,,,,1.0,,,,,,,,,,,,,,,,,,,,,3.0,26.0,6.0,18.0,4.0,11.0,7.0,90.0,5.0,,,,,,,,,
S003640,M00307,P0416,T024,,22.0,,,,2.0,,,,,,,,,,,,,,,,,,,,,5.0,15.0,4.0,22.0,5.0,15.0,20.0,73.0,5.0,,,,,,,,,
S003641,M00307,P0419,T024,,4.0,,,,0.0,,,,,,,,,,,,,,,,,,,,,1.0,5.0,11.0,7.0,4.0,2.0,15.0,72.0,4.0,,,,,,,,,
S003642,M00307,P0410,T024,,14.0,,,,1.0,,,,,,,,,,,,,,,,,,,,,5.0,12.0,14.0,8.0,0.0,9.0,19.0,57.0,3.0,,,,,,,,,
S003643,M00307,P0418,T024,,13.0,,,,8.0,,,,,,,,,,,,,,,,,,,,,2.0,5.0,11.0,24.0,5.0,3.0,1.0,50.0,0.0,,,,,,,,,
S003644,M00307,P0409,T024,,21.0,,,,6.0,,,,,,,,,,,,,,,,,,,,,3.0,29.0,7.0,25.0,0.0,14.0,20.0,47.0,0.0,,,,,,,,,
S003645,M00307,P0414,T024,,22.0,,,,7.0,,,,,,,,,,,,,,,,,,,,,1.0,16.0,11.0,16.0,4.0,6.0,8.0,88.0,4.0,,,,,,,,,
S003646,M00307,P0412,T024,,19.0,,,,2.0,,,,,,,,,,,,,,,,,,,,,3.0,28.0,6.0,7.0,0.0,9.0,5.0,31.0,8.0,,,,,,,,,
S003647,M00307,P0339,T019,,1.0,,,,7.0,,,,,,,,,,,,,,,,,,,,,5.0,19.0,10.0,10.0,2.0,10.0,1.0,75.0,5.0,,,,,,,,,
S003648,M00307,P0332,T019,,3.0,,,,0.0,,,,,,,,,,,,,,,,,,,,,3.0,15.0,3.0,23.0,1.0,14.0,11.0,83.0,7.0,,,,,,,,,
S003649,M00307,P0344,T019,,0.0,,,,6.0,,,,,,,,,,,,,,,,,,,,,4.0,19.0,15.0,5.0,5.0,12.0,2.0,88.0,6.0,,,,,,,,,
S003650,M00307,P0338,T019,,8.0,,,,5.0,,,,,,,,,,,,,,,,,,,,,5.0,8.0,5.0,8.0,1.0,8.0,17.0,43.0,6.0,,,,,,,,,
S003651,M00307,P0345,T019,,10.0,,,,5.0,,,,,,,,,,,,,,,,,,,,,5.0,29.0,14.0,23.0,2.0,5.0,15.0,59.0,0.0,,,,,,,,,
S003652,M00307,P0343,T019,,18.0,,,,2.0,,,,,,,,,,,,,,,,,,,,,4.0,24.0,15.0,9.0,3.0,3.0,11.0,54.0,4.0,,,,,,,,,
S003653,M00307,P0340,T019,,0.0,,,,8.0,,,,,,,,,,,,,,,,,,,,,5.0,18.0,2.0,25.0,1.0,15.0,13.0,37.0,0.0,,,,,,,,,
S003654,M00307,P0336,T019,,5.0,,,,5.0,,,,,,,,,,,,,,,,,,,,,1.0,27.0,5.0,7.0,5.0,4.0,0.0,89.0,4.0,,,,,,,,,
S003655,M00307,P0335,T019,,18.0,,,,6.0,,,,,,,,,,,,,,,,,,,,,3.0,27.0,14.0,23.0,0.0,10.0,15.0,43.0,4.0,,,,,,,,,
S003656,M00307,P0334,T019,,8.0,,,,5.0,,,,,,,,,,,,,,,,,,,,,5.0,11.0,10.0,25.0,5.0,13.0,6.0,43.0,7.0,,,,,,,,,
S003657,M00308,P0403,T023,,3.0,,,,1.0,,,,,,,,,,,,,,,,,,,,,1.0,22.0,10.0,25.0,5.0,2.0,3.0,76.0,3.0,,,,,,,,,
S003658,M00308,P0400,T023,,25.0,,,,5.0,,,,,,,,,,,,,,,,,,,,,2.0,20.0,11.0,10.0,1.0,6.0,3.0,47.0,3.0,,,,,,,,,
S003659,M00308,P0401,T023,,8.0,,,,7.0,,,,,,,,,,,,,,,,,,,,,2.0,7.0,12.0,5.0,5.0,14.0,3.0,39.0,7.0,,,,,,,,,
S003660,M00308,P0408,T023,,15.0,,,,6.0,,,,,,,,,,,,,,,,,,,,,5.0,29.0,11.0,12.0,1.0,15.0,19.0,71.0,0.0,,,,,,,,,
S003661,M00308,P0393,T023,,23.0,,,,2.0,,,,,,,,,,,,,,,,,,,,,5.0,7.0,5.0,10.0,5.0,1.0,16.0,90.0,2.0,,,,,,,,,
S003662,M00308,P0395,T023,,1.0,,,,8.0,,,,,,,,,,,,,,,,,,,,,2.0,14.0,6.0,14.0,5.0,7.0,10.0,37.0,7.0,,,,,,,,,
S003663,M00308,P0407,T023,,24.0,,,,1.0,,,,,,,,,,,,,,,,,,,,,5.0,29.0,10.0,18.0,2.0,11.0,15.0,37.0,0.0,,,,,,,,,
S003664,M00308,P0399,T023,,4.0,,,,5.0,,,,,,,,,,,,,,,,,,,,,3.0,26.0,15.0,24.0,4.0,0.0,0.0,75.0,2.0,,,,,,,,,
S003665,M00308,P0402,T023,,9.0,,,,4.0,,,,,,,,,,,,,,,,,,,,,5.0,10.0,4.0,8.0,3.0,1.0,3.0,64.0,3.0,,,,,,,,,
S003666,M00308,P0406,T023,,7.0,,,,4.0,,,,,,,,,,,,,,,,,,,,,1.0,20.0,9.0,11.0,2.0,1.0,7.0,86.0,0.0,,,,,,,,,
S003667,M00308,P0306,T017,,7.0,,,,1.0,,,,,,,,,,,,,,,,,,,,,2.0,16.0,10.0,12.0,3.0,5.0,5.0,33.0,1.0,,,,,,,,,
S003668,M00308,P0311,T017,,4.0,,,,7.0,,,,,,,,,,,,,,,,,,,,,3.0,24.0,13.0,24.0,3.0,11.0,9.0,55.0,2.0,,,,,,,,,
S003669,M00308,P0301,T017,,2.0,,,,0.0,,,,,,,,,,,,,,,,,,,,,1.0,17.0,9.0,25.0,0.0,13.0,5.0,32.0,8.0,,,,,,,,,
S003670,M00308,P0312,T017,,3.0,,,,0.0,,,,,,,,,,,,,,,,,,,,,2.0,9.0,6.0,19.0,5.0,12.0,13.0,48.0,5.0,,,,,,,,,
S003671,M00308,P0307,T017,,12.0,,,,2.0,,,,,,,,,,,,,,,,,,,,,2.0,9.0,15.0,8.0,5.0,7.0,10.0,32.0,1.0,,,,,,,,,
S003672,M00308,P0308,T017,,7.0,,,,6.0,,,,,,,,,,,,,,,,,,,,,1.0,13.0,6.0,22.0,5.0,10.0,0.0,67.0,2.0,,,,,,,,,
S003673,M00308,P0313,T017,,2.0,,,,8.0,,,,,,,,,,,,,,,,,,,,,5.0,21.0,6.0,23.0,4.0,8.0,11.0,47.0,4.0,,,,,,,,,
S003674,M00308,P0297,T017,,14.0,,,,4.0,,,,,,,,,,,,,,,,,,,,,5.0,9.0,7.0,19.0,1.0,1.0,9.0,61.0,4.0,,,,,,,,,
S003675,M00308,P0303,T017,,4.0,,,,7.0,,,,,,,,,,,,,,,,,,,,,3.0,26.0,3.0,16.0,3.0,7.0,18.0,46.0,0.0,,,,,,,,,
S003676,M00308,P0299,T017,,12.0,,,,4.0,,,,,,,,,,,,,,,,,,,,,3.0,15.0,3.0,14.0,2.0,9.0,13.0,74.0,5.0,,,,,,,,,
S003677,M00309,P0370,T021,,17.0,,,,6.0,,,,,,,,,,,,,,,,,,,,,5.0,26.0,14.0,14.0,3.0,10.0,0.0,86.0,8.0,,,,,,,,,
S003678,M00309,P0367,T021,,7.0,,,,3.0,,,,,,,,,,,,,,,,,,,,,5.0,5.0,6.0,7.0,3.0,9.0,4.0,34.0,3.0,,,,,,,,,
S003679,M00309,P0371,T021,,3.0,,,,6.0,,,,,,,,,,,,,,,,,,,,,5.0,12.0,14.0,24.0,4.0,15.0,10.0,46.0,8.0,,,,,,,,,
S003680,M00309,P0364,T021,,19.0,,,,7.0,,,,,,,,,,,,,,,,,,,,,2.0,11.0,9.0,20.0,1.0,14.0,3.0,53.0,4.0,,,,,,,,,
S003681,M00309,P0375,T021,,5.0,,,,2.0,,,,,,,,,,,,,,,,,,,,,2.0,13.0,3.0,15.0,0.0,6.0,16.0,73.0,3.0,,,,,,,,,
S003682,M00309,P0368,T021,,24.0,,,,4.0,,,,,,,,,,,,,,,,,,,,,3.0,8.0,4.0,20.0,1.0,5.0,7.0,85.0,7.0,,,,,,,,,
S003683,M00309,P0365,T021,,1.0,,,,1.0,,,,,,,,,,,,,,,,,,,,,2.0,19.0,6.0,24.0,3.0,11.0,6.0,82.0,7.0,,,,,,,,,
S003684,M00309,P0376,T021,,21.0,,,,6.0,,,,,,,,,,,,,,,,,,,,,1.0,6.0,15.0,12.0,1.0,7.0,19.0,88.0,8.0,,,,,,,,,
S003685,M00309,P0373,T021,,15.0,,,,3.0,,,,,,,,,,,,,,,,,,,,,5.0,19.0,5.0,16.0,1.0,3.0,0.0,63.0,5.0,,,,,,,,,
S003686,M00309,P0372,T021,,6.0,,,,5.0,,,,,,,,,,,,,,,,,,,,,5.0,25.0,9.0,16.0,5.0,5.0,13.0,90.0,3.0,,,,,,,,,
S003687,M00309,P0379,T022,,24.0,,,,8.0,,,,,,,,,,,,,,,,,,,,,3.0,21.0,11.0,7.0,4.0,3.0,3.0,81.0,4.0,,,,,,,,,
S003688,M00309,P0378,T022,,17.0,,,,8.0,,,,,,,,,,,,,,,,,,,,,2.0,8.0,9.0,12.0,2.0,4.0,20.0,30.0,6.0,,,,,,,,,
S003689,M00309,P0385,T022,,6.0,,,,5.0,,,,,,,,,,,,,,,,,,,,,3.0,11.0,12.0,15.0,1.0,9.0,6.0,42.0,4.0,,,,,,,,,
S003690,M00309,P0386,T022,,21.0,,,,1.0,,,,,,,,,,,,,,,,,,,,,5.0,19.0,13.0,24.0,3.0,4.0,20.0,30.0,4.0,,,,,,,,,
S003691,M00309,P0381,T022,,18.0,,,,2.0,,,,,,,,,,,,,,,,,,,,,1.0,26.0,5.0,14.0,1.0,8.0,6.0,82.0,0.0,,,,,,,,,
S003692,M00309,P0382,T022,,19.0,,,,7.0,,,,,,,,,,,,,,,,,,,,,1.0,25.0,3.0,12.0,0.0,12.0,6.0,44.0,2.0,,,,,,,,,
S003693,M00309,P0390,T022,,20.0,,,,8.0,,,,,,,,,,,,,,,,,,,,,3.0,12.0,2.0,25.0,5.0,15.0,5.0,49.0,4.0,,,,,,,,,
S003694,M00309,P0377,T022,,16.0,,,,0.0,,,,,,,,,,,,,,,,,,,,,4.0,12.0,15.0,20.0,0.0,4.0,2.0,88.0,2.0,,,,,,,,,
S003695,M00309,P0387,T022,,15.0,,,,8.0,,,,,,,,,,,,,,,,,,,,,3.0,24.0,14.0,23.0,3.0,2.0,1.0,39.0,4.0,,,,,,,,,
S003696,M00309,P0383,T022,,18.0,,,,2.0,,,,,,,,,,,,,,,,,,,,,1.0,21.0,15.0,20.0,1.0,8.0,9.0,71.0,5.0,,,,,,,,,
S003697,M00312,P0335,T019,,6.0,,,,7.0,,,,,,,,,,,,,,,,,,,,,5.0,7.0,3.0,20.0,4.0,11.0,3.0,57.0,6.0,,,,,,,,,
S003698,M00312,P0331,T019,,1.0,,,,0.0,,,,,,,,,,,,,,,,,,,,,3.0,8.0,10.0,6.0,2.0,8.0,9.0,31.0,2.0,,,,,,,,,
S003699,M00312,P0337,T019,,14.0,,,,1.0,,,,,,,,,,,,,,,,,,,,,4.0,17.0,2.0,9.0,1.0,3.0,12.0,38.0,5.0,,,,,,,,,
S003700,M00312,P0336,T019,,11.0,,,,0.0,,,,,,,,,,,,,,,,,,,,,4.0,7.0,2.0,5.0,1.0,12.0,13.0,78.0,8.0,,,,,,,,,
S003701,M00312,P0339,T019,,15.0,,,,7.0,,,,,,,,,,,,,,,,,,,,,3.0,14.0,5.0,25.0,1.0,8.0,14.0,70.0,1.0,,,,,,,,,
S003702,M00312,P0342,T019,,8.0,,,,8.0,,,,,,,,,,,,,,,,,,,,,5.0,30.0,7.0,7.0,3.0,7.0,1.0,89.0,2.0,,,,,,,,,
S003703,M00312,P0340,T019,,5.0,,,,1.0,,,,,,,,,,,,,,,,,,,,,1.0,23.0,14.0,22.0,1.0,6.0,13.0,42.0,7.0,,,,,,,,,
S003704,M00312,P0345,T019,,10.0,,,,2.0,,,,,,,,,,,,,,,,,,,,,2.0,8.0,3.0,24.0,5.0,1.0,6.0,78.0,1.0,,,,,,,,,
S003705,M00312,P0346,T019,,4.0,,,,3.0,,,,,,,,,,,,,,,,,,,,,1.0,17.0,4.0,19.0,0.0,11.0,1.0,54.0,7.0,,,,,,,,,
S003706,M00312,P0332,T019,,17.0,,,,5.0,,,,,,,,,,,,,,,,,,,,,3.0,28.0,4.0,10.0,1.0,5.0,10.0,48.0,6.0,,,,,,,,,
S003707,M00312,P0357,T020,,13.0,,,,4.0,,,,,,,,,,,,,,,,,,,,,1.0,24.0,3.0,16.0,2.0,1.0,6.0,54.0,5.0,,,,,,,,,
S003708,M00312,P0360,T020,,11.0,,,,4.0,,,,,,,,,,,,,,,,,,,,,2.0,28.0,15.0,10.0,1.0,14.0,5.0,46.0,6.0,,,,,,,,,
S003709,M00312,P0359,T020,,14.0,,,,2.0,,,,,,,,,,,,,,,,,,,,,4.0,17.0,13.0,10.0,3.0,15.0,12.0,34.0,7.0,,,,,,,,,
S003710,M00312,P0358,T020,,20.0,,,,0.0,,,,,,,,,,,,,,,,,,,,,3.0,19.0,11.0,13.0,2.0,10.0,5.0,78.0,2.0,,,,,,,,,
S003711,M00312,P0362,T020,,23.0,,,,0.0,,,,,,,,,,,,,,,,,,,,,3.0,29.0,4.0,16.0,4.0,13.0,8.0,39.0,5.0,,,,,,,,,
S003712,M00312,P0351,T020,,19.0,,,,0.0,,,,,,,,,,,,,,,,,,,,,3.0,19.0,10.0,17.0,2.0,7.0,15.0,35.0,6.0,,,,,,,,,
S003713,M00312,P0354,T020,,22.0,,,,4.0,,,,,,,,,,,,,,,,,,,,,1.0,25.0,5.0,21.0,4.0,15.0,7.0,34.0,1.0,,,,,,,,,
S003714,M00312,P0353,T020,,1.0,,,,6.0,,,,,,,,,,,,,,,,,,,,,4.0,8.0,7.0,15.0,1.0,11.0,5.0,89.0,1.0,,,,,,,,,
S003715,M00312,P0350,T020,,24.0,,,,5.0,,,,,,,,,,,,,,,,,,,,,1.0,28.0,12.0,13.0,1.0,8.0,0.0,35.0,5.0,,,,,,,,,
S003716,M00312,P0355,T020,,21.0,,,,3.0,,,,,,,,,,,,,,,,,,,,,1.0,28.0,6.0,25.0,3.0,1.0,16.0,56.0,8.0,,,,,,,,,
S003717,M00314,P0409,T024,,13.0,,,,4.0,,,,,,,,,,,,,,,,,,,,,2.0,13.0,7.0,25.0,4.0,14.0,11.0,78.0,7.0,,,,,,,,,
S003718,M00314,P0417,T024,,18.0,,,,7.0,,,,,,,,,,,,,,,,,,,,,5.0,29.0,14.0,13.0,1.0,11.0,9.0,89.0,2.0,,,,,,,,,
S003719,M00314,P0419,T024,,20.0,,,,4.0,,,,,,,,,,,,,,,,,,,,,5.0,6.0,13.0,11.0,3.0,5.0,15.0,50.0,6.0,,,,,,,,,
S003720,M00314,P0412,T024,,8.0,,,,8.0,,,,,,,,,,,,,,,,,,,,,5.0,23.0,9.0,15.0,0.0,14.0,16.0,85.0,6.0,,,,,,,,,
S003721,M00314,P0414,T024,,5.0,,,,3.0,,,,,,,,,,,,,,,,,,,,,4.0,29.0,7.0,6.0,4.0,3.0,10.0,63.0,0.0,,,,,,,,,
S003722,M00314,P0413,T024,,12.0,,,,4.0,,,,,,,,,,,,,,,,,,,,,5.0,19.0,10.0,16.0,0.0,3.0,19.0,87.0,3.0,,,,,,,,,
S003723,M00314,P0416,T024,,25.0,,,,7.0,,,,,,,,,,,,,,,,,,,,,2.0,14.0,8.0,7.0,5.0,4.0,14.0,51.0,2.0,,,,,,,,,
S003724,M00314,P0411,T024,,14.0,,,,0.0,,,,,,,,,,,,,,,,,,,,,2.0,8.0,2.0,9.0,5.0,11.0,19.0,71.0,6.0,,,,,,,,,
S003725,M00314,P0415,T024,,10.0,,,,8.0,,,,,,,,,,,,,,,,,,,,,2.0,7.0,14.0,20.0,2.0,14.0,1.0,53.0,3.0,,,,,,,,,
S003726,M00314,P0418,T024,,1.0,,,,3.0,,,,,,,,,,,,,,,,,,,,,2.0,23.0,13.0,17.0,0.0,7.0,20.0,31.0,1.0,,,,,,,,,
S003727,M00314,P0381,T022,,2.0,,,,3.0,,,,,,,,,,,,,,,,,,,,,3.0,26.0,2.0,18.0,3.0,10.0,16.0,90.0,0.0,,,,,,,,,
S003728,M00314,P0391,T022,,18.0,,,,3.0,,,,,,,,,,,,,,,,,,,,,4.0,29.0,13.0,9.0,5.0,8.0,1.0,34.0,1.0,,,,,,,,,
S003729,M00314,P0389,T022,,2.0,,,,3.0,,,,,,,,,,,,,,,,,,,,,4.0,11.0,2.0,20.0,0.0,14.0,3.0,63.0,4.0,,,,,,,,,
S003730,M00314,P0383,T022,,14.0,,,,8.0,,,,,,,,,,,,,,,,,,,,,4.0,23.0,2.0,19.0,3.0,7.0,15.0,43.0,1.0,,,,,,,,,
S003731,M00314,P0390,T022,,25.0,,,,2.0,,,,,,,,,,,,,,,,,,,,,4.0,23.0,14.0,19.0,2.0,5.0,15.0,49.0,6.0,,,,,,,,,
S003732,M00314,P0378,T022,,2.0,,,,6.0,,,,,,,,,,,,,,,,,,,,,1.0,6.0,2.0,25.0,4.0,14.0,15.0,48.0,0.0,,,,,,,,,
S003733,M00314,P0384,T022,,19.0,,,,0.0,,,,,,,,,,,,,,,,,,,,,1.0,27.0,9.0,7.0,4.0,6.0,4.0,53.0,6.0,,,,,,,,,
S003734,M00314,P0379,T022,,23.0,,,,0.0,,,,,,,,,,,,,,,,,,,,,4.0,7.0,10.0,17.0,0.0,0.0,16.0,88.0,5.0,,,,,,,,,
S003735,M00314,P0382,T022,,25.0,,,,0.0,,,,,,,,,,,,,,,,,,,,,2.0,19.0,2.0,20.0,0.0,0.0,3.0,30.0,2.0,,,,,,,,,
S003736,M00314,P0387,T022,,4.0,,,,2.0,,,,,,,,,,,,,,,,,,,,,2.0,28.0,3.0,17.0,4.0,6.0,19.0,32.0,5.0,,,,,,,,,
S003737,M00315,P0333,T019,,3.0,,,,6.0,,,,,,,,,,,,,,,,,,,,,5.0,5.0,14.0,19.0,3.0,15.0,2.0,32.0,1.0,,,,,,,,,
S003738,M00315,P0331,T019,,19.0,,,,1.0,,,,,,,,,,,,,,,,,,,,,3.0,14.0,3.0,18.0,1.0,5.0,17.0,39.0,2.0,,,,,,,,,
S003739,M00315,P0345,T019,,3.0,,,,4.0,,,,,,,,,,,,,,,,,,,,,3.0,23.0,8.0,9.0,4.0,10.0,16.0,70.0,6.0,,,,,,,,,
S003740,M00315,P0343,T019,,13.0,,,,1.0,,,,,,,,,,,,,,,,,,,,,1.0,19.0,4.0,7.0,3.0,0.0,4.0,82.0,5.0,,,,,,,,,
S003741,M00315,P0344,T019,,9.0,,,,6.0,,,,,,,,,,,,,,,,,,,,,3.0,30.0,15.0,15.0,2.0,1.0,5.0,75.0,4.0,,,,,,,,,
S003742,M00315,P0338,T019,,22.0,,,,8.0,,,,,,,,,,,,,,,,,,,,,2.0,7.0,15.0,9.0,2.0,8.0,20.0,63.0,0.0,,,,,,,,,
S003743,M00315,P0342,T019,,22.0,,,,5.0,,,,,,,,,,,,,,,,,,,,,3.0,19.0,7.0,5.0,1.0,9.0,4.0,46.0,2.0,,,,,,,,,
S003744,M00315,P0336,T019,,6.0,,,,2.0,,,,,,,,,,,,,,,,,,,,,4.0,12.0,7.0,12.0,0.0,14.0,20.0,50.0,4.0,,,,,,,,,
S003745,M00315,P0346,T019,,14.0,,,,3.0,,,,,,,,,,,,,,,,,,,,,5.0,20.0,3.0,9.0,0.0,4.0,0.0,55.0,1.0,,,,,,,,,
S003746,M00315,P0334,T019,,19.0,,,,2.0,,,,,,,,,,,,,,,,,,,,,2.0,30.0,12.0,5.0,1.0,3.0,16.0,56.0,7.0,,,,,,,,,
S003747,M00315,P0405,T023,,6.0,,,,0.0,,,,,,,,,,,,,,,,,,,,,4.0,24.0,2.0,14.0,4.0,13.0,7.0,32.0,6.0,,,,,,,,,
S003748,M00315,P0406,T023,,12.0,,,,6.0,,,,,,,,,,,,,,,,,,,,,4.0,19.0,14.0,10.0,4.0,12.0,1.0,70.0,2.0,,,,,,,,,
S003749,M00315,P0396,T023,,13.0,,,,1.0,,,,,,,,,,,,,,,,,,,,,5.0,25.0,6.0,25.0,0.0,8.0,15.0,37.0,6.0,,,,,,,,,
S003750,M00315,P0407,T023,,19.0,,,,4.0,,,,,,,,,,,,,,,,,,,,,3.0,15.0,15.0,15.0,5.0,8.0,9.0,88.0,6.0,,,,,,,,,
S003751,M00315,P0400,T023,,14.0,,,,1.0,,,,,,,,,,,,,,,,,,,,,3.0,19.0,13.0,12.0,5.0,14.0,3.0,52.0,3.0,,,,,,,,,
S003752,M00315,P0394,T023,,5.0,,,,3.0,,,,,,,,,,,,,,,,,,,,,3.0,19.0,10.0,25.0,1.0,14.0,6.0,39.0,2.0,,,,,,,,,
S003753,M00315,P0403,T023,,24.0,,,,5.0,,,,,,,,,,,,,,,,,,,,,4.0,17.0,8.0,13.0,5.0,9.0,4.0,61.0,4.0,,,,,,,,,
S003754,M00315,P0404,T023,,24.0,,,,6.0,,,,,,,,,,,,,,,,,,,,,5.0,30.0,6.0,14.0,2.0,8.0,20.0,33.0,3.0,,,,,,,,,
S003755,M00315,P0399,T023,,23.0,,,,1.0,,,,,,,,,,,,,,,,,,,,,1.0,5.0,4.0,14.0,1.0,12.0,13.0,50.0,4.0,,,,,,,,,
S003756,M00315,P0392,T023,,6.0,,,,2.0,,,,,,,,,,,,,,,,,,,,,3.0,22.0,10.0,11.0,1.0,7.0,9.0,80.0,5.0,,,,,,,,,
S003757,M00316,P0420,T024,,23.0,,,,5.0,,,,,,,,,,,,,,,,,,,,,5.0,29.0,8.0,20.0,5.0,11.0,9.0,68.0,2.0,,,,,,,,,
S003758,M00316,P0412,T024,,25.0,,,,8.0,,,,,,,,,,,,,,,,,,,,,1.0,12.0,15.0,5.0,0.0,6.0,7.0,81.0,7.0,,,,,,,,,
S003759,M00316,P0419,T024,,2.0,,,,1.0,,,,,,,,,,,,,,,,,,,,,4.0,30.0,11.0,16.0,5.0,14.0,15.0,30.0,1.0,,,,,,,,,
S003760,M00316,P0414,T024,,2.0,,,,5.0,,,,,,,,,,,,,,,,,,,,,3.0,8.0,3.0,21.0,0.0,12.0,4.0,43.0,1.0,,,,,,,,,
S003761,M00316,P0415,T024,,7.0,,,,2.0,,,,,,,,,,,,,,,,,,,,,3.0,24.0,6.0,22.0,0.0,3.0,11.0,64.0,7.0,,,,,,,,,
S003762,M00316,P0418,T024,,10.0,,,,1.0,,,,,,,,,,,,,,,,,,,,,4.0,6.0,11.0,17.0,1.0,14.0,20.0,53.0,0.0,,,,,,,,,
S003763,M00316,P0413,T024,,14.0,,,,2.0,,,,,,,,,,,,,,,,,,,,,3.0,28.0,11.0,8.0,2.0,2.0,1.0,71.0,8.0,,,,,,,,,
S003764,M00316,P0410,T024,,1.0,,,,4.0,,,,,,,,,,,,,,,,,,,,,1.0,5.0,12.0,14.0,1.0,0.0,1.0,38.0,7.0,,,,,,,,,
S003765,M00316,P0417,T024,,7.0,,,,0.0,,,,,,,,,,,,,,,,,,,,,4.0,9.0,14.0,17.0,2.0,12.0,18.0,48.0,2.0,,,,,,,,,
S003766,M00316,P0411,T024,,20.0,,,,3.0,,,,,,,,,,,,,,,,,,,,,4.0,18.0,12.0,22.0,0.0,5.0,12.0,85.0,3.0,,,,,,,,,
S003767,M00316,P0365,T021,,14.0,,,,8.0,,,,,,,,,,,,,,,,,,,,,1.0,15.0,5.0,20.0,0.0,8.0,3.0,47.0,2.0,,,,,,,,,
S003768,M00316,P0369,T021,,23.0,,,,3.0,,,,,,,,,,,,,,,,,,,,,4.0,14.0,4.0,5.0,3.0,8.0,12.0,86.0,1.0,,,,,,,,,
S003769,M00316,P0370,T021,,6.0,,,,3.0,,,,,,,,,,,,,,,,,,,,,3.0,21.0,13.0,21.0,5.0,2.0,13.0,61.0,4.0,,,,,,,,,
S003770,M00316,P0375,T021,,22.0,,,,5.0,,,,,,,,,,,,,,,,,,,,,2.0,22.0,13.0,14.0,0.0,11.0,17.0,48.0,7.0,,,,,,,,,
S003771,M00316,P0366,T021,,7.0,,,,4.0,,,,,,,,,,,,,,,,,,,,,3.0,22.0,14.0,20.0,2.0,4.0,16.0,90.0,7.0,,,,,,,,,
S003772,M00316,P0364,T021,,20.0,,,,7.0,,,,,,,,,,,,,,,,,,,,,2.0,14.0,7.0,23.0,4.0,5.0,5.0,89.0,4.0,,,,,,,,,
S003773,M00316,P0371,T021,,11.0,,,,0.0,,,,,,,,,,,,,,,,,,,,,3.0,27.0,6.0,25.0,2.0,4.0,3.0,31.0,0.0,,,,,,,,,
S003774,M00316,P0376,T021,,9.0,,,,6.0,,,,,,,,,,,,,,,,,,,,,1.0,25.0,11.0,8.0,0.0,15.0,14.0,63.0,5.0,,,,,,,,,
S003775,M00316,P0374,T021,,11.0,,,,0.0,,,,,,,,,,,,,,,,,,,,,3.0,11.0,11.0,16.0,3.0,12.0,12.0,89.0,2.0,,,,,,,,,
S003776,M00316,P0363,T021,,19.0,,,,3.0,,,,,,,,,,,,,,,,,,,,,4.0,10.0,15.0,12.0,4.0,10.0,7.0,89.0,0.0,,,,,,,,,
S003777,M00318,P0409,T024,,12.0,,,,7.0,,,,,,,,,,,,,,,,,,,,,3.0,27.0,5.0,20.0,5.0,6.0,3.0,41.0,5.0,,,,,,,,,
S003778,M00318,P0419,T024,,9.0,,,,7.0,,,,,,,,,,,,,,,,,,,,,2.0,16.0,10.0,6.0,0.0,7.0,3.0,77.0,1.0,,,,,,,,,
S003779,M00318,P0411,T024,,14.0,,,,7.0,,,,,,,,,,,,,,,,,,,,,1.0,16.0,3.0,12.0,5.0,6.0,11.0,65.0,3.0,,,,,,,,,
S003780,M00318,P0414,T024,,4.0,,,,2.0,,,,,,,,,,,,,,,,,,,,,4.0,14.0,15.0,8.0,2.0,2.0,10.0,57.0,4.0,,,,,,,,,
S003781,M00318,P0417,T024,,7.0,,,,8.0,,,,,,,,,,,,,,,,,,,,,3.0,22.0,9.0,20.0,0.0,14.0,2.0,44.0,5.0,,,,,,,,,
S003782,M00318,P0410,T024,,6.0,,,,8.0,,,,,,,,,,,,,,,,,,,,,5.0,16.0,13.0,23.0,0.0,1.0,11.0,80.0,4.0,,,,,,,,,
S003783,M00318,P0413,T024,,24.0,,,,5.0,,,,,,,,,,,,,,,,,,,,,5.0,29.0,4.0,18.0,1.0,15.0,6.0,69.0,6.0,,,,,,,,,
S003784,M00318,P0418,T024,,6.0,,,,3.0,,,,,,,,,,,,,,,,,,,,,3.0,26.0,14.0,8.0,3.0,2.0,4.0,30.0,2.0,,,,,,,,,
S003785,M00318,P0415,T024,,13.0,,,,7.0,,,,,,,,,,,,,,,,,,,,,5.0,26.0,10.0,22.0,2.0,4.0,15.0,60.0,5.0,,,,,,,,,
S003786,M00318,P0416,T024,,10.0,,,,7.0,,,,,,,,,,,,,,,,,,,,,1.0,12.0,8.0,9.0,0.0,14.0,11.0,32.0,6.0,,,,,,,,,
S003787,M00318,P0342,T019,,8.0,,,,6.0,,,,,,,,,,,,,,,,,,,,,5.0,14.0,3.0,14.0,4.0,7.0,6.0,36.0,1.0,,,,,,,,,
S003788,M00318,P0333,T019,,10.0,,,,8.0,,,,,,,,,,,,,,,,,,,,,1.0,17.0,14.0,15.0,2.0,0.0,5.0,54.0,2.0,,,,,,,,,
S003789,M00318,P0340,T019,,16.0,,,,0.0,,,,,,,,,,,,,,,,,,,,,1.0,6.0,8.0,12.0,3.0,7.0,5.0,44.0,5.0,,,,,,,,,
S003790,M00318,P0344,T019,,17.0,,,,2.0,,,,,,,,,,,,,,,,,,,,,1.0,15.0,15.0,9.0,4.0,2.0,13.0,82.0,5.0,,,,,,,,,
S003791,M00318,P0332,T019,,2.0,,,,0.0,,,,,,,,,,,,,,,,,,,,,4.0,11.0,13.0,19.0,5.0,7.0,19.0,62.0,7.0,,,,,,,,,
S003792,M00318,P0341,T019,,20.0,,,,8.0,,,,,,,,,,,,,,,,,,,,,1.0,26.0,6.0,14.0,5.0,10.0,8.0,49.0,3.0,,,,,,,,,
S003793,M00318,P0338,T019,,0.0,,,,4.0,,,,,,,,,,,,,,,,,,,,,1.0,19.0,12.0,15.0,5.0,14.0,15.0,60.0,4.0,,,,,,,,,
S003794,M00318,P0335,T019,,20.0,,,,5.0,,,,,,,,,,,,,,,,,,,,,1.0,14.0,8.0,8.0,4.0,6.0,3.0,55.0,3.0,,,,,,,,,
S003795,M00318,P0336,T019,,24.0,,,,3.0,,,,,,,,,,,,,,,,,,,,,2.0,10.0,7.0,12.0,5.0,13.0,6.0,32.0,5.0,,,,,,,,,
S003796,M00318,P0339,T019,,23.0,,,,8.0,,,,,,,,,,,,,,,,,,,,,4.0,16.0,9.0,17.0,3.0,1.0,14.0,33.0,2.0,,,,,,,,,
S003797,M00320,P0357,T020,,0.0,,,,2.0,,,,,,,,,,,,,,,,,,,,,3.0,21.0,7.0,18.0,0.0,1.0,13.0,62.0,6.0,,,,,,,,,
S003798,M00320,P0347,T020,,11.0,,,,2.0,,,,,,,,,,,,,,,,,,,,,3.0,28.0,5.0,17.0,2.0,15.0,8.0,85.0,1.0,,,,,,,,,
S003799,M00320,P0354,T020,,2.0,,,,4.0,,,,,,,,,,,,,,,,,,,,,3.0,10.0,12.0,5.0,5.0,8.0,6.0,66.0,6.0,,,,,,,,,
S003800,M00320,P0358,T020,,9.0,,,,3.0,,,,,,,,,,,,,,,,,,,,,5.0,21.0,15.0,15.0,4.0,12.0,1.0,30.0,0.0,,,,,,,,,
S003801,M00320,P0353,T020,,17.0,,,,2.0,,,,,,,,,,,,,,,,,,,,,1.0,26.0,12.0,5.0,4.0,15.0,3.0,54.0,3.0,,,,,,,,,
S003802,M00320,P0359,T020,,17.0,,,,3.0,,,,,,,,,,,,,,,,,,,,,5.0,8.0,11.0,23.0,5.0,4.0,15.0,35.0,1.0,,,,,,,,,
S003803,M00320,P0362,T020,,18.0,,,,3.0,,,,,,,,,,,,,,,,,,,,,5.0,23.0,14.0,22.0,0.0,15.0,19.0,38.0,1.0,,,,,,,,,
S003804,M00320,P0361,T020,,10.0,,,,8.0,,,,,,,,,,,,,,,,,,,,,4.0,5.0,3.0,7.0,3.0,11.0,14.0,56.0,0.0,,,,,,,,,
S003805,M00320,P0356,T020,,16.0,,,,6.0,,,,,,,,,,,,,,,,,,,,,1.0,6.0,10.0,19.0,5.0,10.0,4.0,38.0,6.0,,,,,,,,,
S003806,M00320,P0351,T020,,9.0,,,,1.0,,,,,,,,,,,,,,,,,,,,,2.0,24.0,14.0,15.0,1.0,7.0,5.0,62.0,1.0,,,,,,,,,
S003807,M00320,P0308,T017,,2.0,,,,7.0,,,,,,,,,,,,,,,,,,,,,2.0,24.0,14.0,14.0,4.0,7.0,3.0,45.0,5.0,,,,,,,,,
S003808,M00320,P0309,T017,,22.0,,,,7.0,,,,,,,,,,,,,,,,,,,,,2.0,30.0,13.0,18.0,1.0,11.0,10.0,69.0,3.0,,,,,,,,,
S003809,M00320,P0306,T017,,13.0,,,,1.0,,,,,,,,,,,,,,,,,,,,,4.0,26.0,7.0,7.0,4.0,4.0,10.0,57.0,6.0,,,,,,,,,
S003810,M00320,P0313,T017,,3.0,,,,1.0,,,,,,,,,,,,,,,,,,,,,3.0,17.0,5.0,19.0,1.0,15.0,3.0,79.0,5.0,,,,,,,,,
S003811,M00320,P0307,T017,,17.0,,,,6.0,,,,,,,,,,,,,,,,,,,,,3.0,27.0,5.0,10.0,4.0,2.0,6.0,48.0,1.0,,,,,,,,,
S003812,M00320,P0297,T017,,25.0,,,,3.0,,,,,,,,,,,,,,,,,,,,,2.0,15.0,2.0,11.0,2.0,12.0,0.0,75.0,7.0,,,,,,,,,
S003813,M00320,P0303,T017,,18.0,,,,8.0,,,,,,,,,,,,,,,,,,,,,3.0,18.0,15.0,19.0,2.0,14.0,9.0,71.0,4.0,,,,,,,,,
S003814,M00320,P0312,T017,,22.0,,,,4.0,,,,,,,,,,,,,,,,,,,,,4.0,15.0,6.0,22.0,1.0,3.0,16.0,84.0,7.0,,,,,,,,,
S003815,M00320,P0299,T017,,19.0,,,,2.0,,,,,,,,,,,,,,,,,,,,,2.0,22.0,12.0,8.0,1.0,10.0,10.0,62.0,8.0,,,,,,,,,
S003816,M00320,P0310,T017,,15.0,,,,0.0,,,,,,,,,,,,,,,,,,,,,4.0,13.0,15.0,16.0,0.0,6.0,2.0,51.0,1.0,,,,,,,,,
S003817,M00325,P0439,T027,,,,,,,,,,,,,,,,,,,,,,,,,,,,,,,,,,,,3.0,23.0,49.0,13.0,7.0,2.0,14.0,16.0,79.0
S003818,M00325,P0440,T027,,,,,,,,,,,,,,,,,,,,,,,,,,,,,,,,,,,,5.0,47.0,29.0,10.0,8.0,2.0,7.0,18.0,71.0
S003819,M00325,P0442,T027,,,,,,,,,,,,,,,,,,,,,,,,,,,,,,,,,,,,1.0,34.0,34.0,3.0,3.0,2.0,14.0,10.0,73.0
S003820,M00325,P0475,T032,,,,,,,,,,,,,,,,,,,,,,,,,,,,,,,,,,,,1.0,47.0,38.0,14.0,8.0,1.0,12.0,22.0,68.0
S003821,M00325,P0476,T032,,,,,,,,,,,,,,,,,,,,,,,,,,,,,,,,,,,,4.0,44.0,38.0,8.0,3.0,5.0,15.0,4.0,66.0
S003822,M00325,P0473,T032,,,,,,,,,,,,,,,,,,,,,,,,,,,,,,,,,,,,4.0,60.0,18.0,15.0,4.0,4.0,6.0,9.0,64.0
S003823,M00326,P0479,T032,,,,,,,,,,,,,,,,,,,,,,,,,,,,,,,,,,,,3.0,39.0,21.0,2.0,9.0,2.0,6.0,21.0,70.0
S003824,M00326,P0481,T032,,,,,,,,,,,,,,,,,,,,,,,,,,,,,,,,,,,,1.0,27.0,48.0,4.0,1.0,0.0,6.0,24.0,57.0
S003825,M00326,P0480,T032,,,,,,,,,,,,,,,,,,,,,,,,,,,,,,,,,,,,1.0,59.0,30.0,7.0,9.0,1.0,10.0,24.0,47.0
S003826,M00326,P0435,T026,,,,,,,,,,,,,,,,,,,,,,,,,,,,,,,,,,,,2.0,23.0,28.0,3.0,1.0,3.0,9.0,15.0,58.0
S003827,M00326,P0429,T026,,,,,,,,,,,,,,,,,,,,,,,,,,,,,,,,,,,,4.0,43.0,21.0,15.0,9.0,2.0,10.0,19.0,72.0
S003828,M00326,P0433,T026,,,,,,,,,,,,,,,,,,,,,,,,,,,,,,,,,,,,4.0,59.0,44.0,10.0,9.0,4.0,7.0,14.0,72.0
S003829,M00328,P0453,T028,,,,,,,,,,,,,,,,,,,,,,,,,,,,,,,,,,,,3.0,49.0,45.0,3.0,2.0,2.0,12.0,5.0,69.0
S003830,M00328,P0450,T028,,,,,,,,,,,,,,,,,,,,,,,,,,,,,,,,,,,,5.0,38.0,41.0,3.0,10.0,0.0,9.0,21.0,51.0
S003831,M00328,P0451,T028,,,,,,,,,,,,,,,,,,,,,,,,,,,,,,,,,,,,2.0,60.0,37.0,3.0,1.0,4.0,13.0,9.0,48.0
S003832,M00328,P0457,T029,,,,,,,,,,,,,,,,,,,,,,,,,,,,,,,,,,,,5.0,47.0,49.0,12.0,10.0,4.0,11.0,12.0,49.0
S003833,M00328,P0458,T029,,,,,,,,,,,,,,,,,,,,,,,,,,,,,,,,,,,,1.0,21.0,29.0,4.0,7.0,2.0,3.0,23.0,54.0
S003834,M00328,P0455,T029,,,,,,,,,,,,,,,,,,,,,,,,,,,,,,,,,,,,1.0,40.0,23.0,6.0,2.0,0.0,7.0,8.0,42.0
S003835,M00329,P0426,T025,,,,,,,,,,,,,,,,,,,,,,,,,,,,,,,,,,,,3.0,26.0,29.0,5.0,6.0,1.0,12.0,12.0,78.0
S003836,M00329,P0424,T025,,,,,,,,,,,,,,,,,,,,,,,,,,,,,,,,,,,,3.0,50.0,42.0,2.0,4.0,5.0,13.0,21.0,66.0
S003837,M00329,P0427,T025,,,,,,,,,,,,,,,,,,,,,,,,,,,,,,,,,,,,1.0,21.0,49.0,6.0,10.0,1.0,15.0,25.0,77.0
S003838,M00329,P0469,T031,,,,,,,,,,,,,,,,,,,,,,,,,,,,,,,,,,,,3.0,33.0,48.0,8.0,9.0,3.0,9.0,5.0,49.0
S003839,M00329,P0466,T031,,,,,,,,,,,,,,,,,,,,,,,,,,,,,,,,,,,,5.0,48.0,41.0,9.0,7.0,1.0,4.0,23.0,52.0
S003840,M00329,P0468,T031,,,,,,,,,,,,,,,,,,,,,,,,,,,,,,,,,,,,3.0,39.0,35.0,8.0,2.0,2.0,14.0,10.0,47.0
S003841,M00331,P0423,T025,,,,,,,,,,,,,,,,,,,,,,,,,,,,,,,,,,,,5.0,60.0,27.0,12.0,5.0,4.0,13.0,21.0,77.0
S003842,M00331,P0426,T025,,,,,,,,,,,,,,,,,,,,,,,,,,,,,,,,,,,,3.0,35.0,19.0,4.0,1.0,0.0,11.0,13.0,76.0
S003843,M00331,P0422,T025,,,,,,,,,,,,,,,,,,,,,,,,,,,,,,,,,,,,1.0,39.0,18.0,14.0,1.0,1.0,7.0,6.0,68.0
S003844,M00331,P0446,T028,,,,,,,,,,,,,,,,,,,,,,,,,,,,,,,,,,,,3.0,31.0,30.0,14.0,8.0,5.0,6.0,9.0,44.0
S003845,M00331,P0447,T028,,,,,,,,,,,,,,,,,,,,,,,,,,,,,,,,,,,,2.0,39.0,24.0,6.0,2.0,2.0,13.0,17.0,47.0
S003846,M00331,P0449,T028,,,,,,,,,,,,,,,,,,,,,,,,,,,,,,,,,,,,5.0,56.0,45.0,15.0,7.0,1.0,4.0,18.0,70.0
S003847,M00332,P0432,T026,,,,,,,,,,,,,,,,,,,,,,,,,,,,,,,,,,,,5.0,31.0,21.0,2.0,2.0,3.0,5.0,18.0,57.0
S003848,M00332,P0433,T026,,,,,,,,,,,,,,,,,,,,,,,,,,,,,,,,,,,,5.0,28.0,20.0,13.0,6.0,0.0,10.0,13.0,41.0
S003849,M00332,P0429,T026,,,,,,,,,,,,,,,,,,,,,,,,,,,,,,,,,,,,4.0,56.0,41.0,5.0,2.0,1.0,5.0,11.0,43.0
S003850,M00332,P0476,T032,,,,,,,,,,,,,,,,,,,,,,,,,,,,,,,,,,,,5.0,46.0,35.0,3.0,10.0,3.0,9.0,8.0,70.0
S003851,M00332,P0478,T032,,,,,,,,,,,,,,,,,,,,,,,,,,,,,,,,,,,,1.0,37.0,37.0,9.0,1.0,3.0,8.0,25.0,74.0
S003852,M00332,P0473,T032,,,,,,,,,,,,,,,,,,,,,,,,,,,,,,,,,,,,4.0,52.0,42.0,4.0,4.0,3.0,11.0,14.0,68.0
S003853,M00333,P0479,T032,,,,,,,,,,,,,,,,,,,,,,,,,,,,,,,,,,,,1.0,31.0,19.0,11.0,10.0,4.0,6.0,25.0,78.0
S003854,M00333,P0473,T032,,,,,,,,,,,,,,,,,,,,,,,,,,,,,,,,,,,,1.0,51.0,39.0,13.0,8.0,0.0,13.0,18.0,80.0
S003855,M00333,P0481,T032,,,,,,,,,,,,,,,,,,,,,,,,,,,,,,,,,,,,1.0,20.0,23.0,4.0,8.0,4.0,9.0,8.0,57.0
S003856,M00333,P0461,T030,,,,,,,,,,,,,,,,,,,,,,,,,,,,,,,,,,,,4.0,52.0,33.0,5.0,1.0,5.0,3.0,10.0,78.0
S003857,M00333,P0465,T030,,,,,,,,,,,,,,,,,,,,,,,,,,,,,,,,,,,,5.0,51.0,47.0,12.0,1.0,3.0,15.0,12.0,67.0
S003858,M00333,P0460,T030,,,,,,,,,,,,,,,,,,,,,,,,,,,,,,,,,,,,3.0,56.0,34.0,13.0,10.0,0.0,13.0,20.0,66.0
S003859,M00334,P0470,T031,,,,,,,,,,,,,,,,,,,,,,,,,,,,,,,,,,,,3.0,58.0,27.0,13.0,3.0,0.0,6.0,21.0,49.0
S003860,M00334,P0468,T031,,,,,,,,,,,,,,,,,,,,,,,,,,,,,,,,,,,,2.0,44.0,50.0,15.0,7.0,4.0,10.0,3.0,53.0
S003861,M00334,P0469,T031,,,,,,,,,,,,,,,,,,,,,,,,,,,,,,,,,,,,4.0,43.0,38.0,13.0,8.0,4.0,8.0,12.0,60.0
S003862,M00334,P0479,T032,,,,,,,,,,,,,,,,,,,,,,,,,,,,,,,,,,,,2.0,20.0,24.0,6.0,7.0,2.0,6.0,3.0,72.0
S003863,M00334,P0478,T032,,,,,,,,,,,,,,,,,,,,,,,,,,,,,,,,,,,,1.0,34.0,23.0,4.0,3.0,2.0,10.0,14.0,41.0
S003864,M00334,P0477,T032,,,,,,,,,,,,,,,,,,,,,,,,,,,,,,,,,,,,3.0,24.0,23.0,4.0,7.0,3.0,7.0,10.0,63.0
S003865,M00335,P0471,T031,,,,,,,,,,,,,,,,,,,,,,,,,,,,,,,,,,,,3.0,43.0,43.0,5.0,2.0,2.0,15.0,21.0,49.0
S003866,M00335,P0466,T031,,,,,,,,,,,,,,,,,,,,,,,,,,,,,,,,,,,,4.0,47.0,26.0,4.0,5.0,3.0,10.0,16.0,40.0
S003867,M00335,P0468,T031,,,,,,,,,,,,,,,,,,,,,,,,,,,,,,,,,,,,2.0,55.0,24.0,14.0,9.0,0.0,10.0,5.0,43.0
S003868,M00335,P0436,T027,,,,,,,,,,,,,,,,,,,,,,,,,,,,,,,,,,,,3.0,53.0,48.0,12.0,7.0,2.0,4.0,23.0,69.0
S003869,M00335,P0438,T027,,,,,,,,,,,,,,,,,,,,,,,,,,,,,,,,,,,,5.0,35.0,39.0,11.0,8.0,4.0,6.0,24.0,80.0
S003870,M00335,P0440,T027,,,,,,,,,,,,,,,,,,,,,,,,,,,,,,,,,,,,2.0,59.0,27.0,5.0,9.0,1.0,14.0,9.0,73.0
S003871,M00336,P0469,T031,,,,,,,,,,,,,,,,,,,,,,,,,,,,,,,,,,,,5.0,45.0,48.0,11.0,9.0,1.0,8.0,19.0,47.0
S003872,M00336,P0471,T031,,,,,,,,,,,,,,,,,,,,,,,,,,,,,,,,,,,,4.0,33.0,50.0,15.0,7.0,4.0,4.0,15.0,62.0
S003873,M00336,P0467,T031,,,,,,,,,,,,,,,,,,,,,,,,,,,,,,,,,,,,2.0,29.0,30.0,7.0,1.0,3.0,15.0,23.0,78.0
S003874,M00336,P0449,T028,,,,,,,,,,,,,,,,,,,,,,,,,,,,,,,,,,,,4.0,34.0,38.0,4.0,2.0,4.0,12.0,19.0,41.0
S003875,M00336,P0453,T028,,,,,,,,,,,,,,,,,,,,,,,,,,,,,,,,,,,,4.0,53.0,31.0,11.0,7.0,0.0,13.0,9.0,53.0
S003876,M00336,P0450,T028,,,,,,,,,,,,,,,,,,,,,,,,,,,,,,,,,,,,3.0,31.0,37.0,2.0,9.0,3.0,10.0,7.0,49.0
S003877,M00342,P0457,T029,,,,,,,,,,,,,,,,,,,,,,,,,,,,,,,,,,,,5.0,25.0,18.0,9.0,7.0,3.0,10.0,17.0,74.0
S003878,M00342,P0458,T029,,,,,,,,,,,,,,,,,,,,,,,,,,,,,,,,,,,,4.0,48.0,29.0,13.0,10.0,3.0,4.0,20.0,44.0
S003879,M00342,P0454,T029,,,,,,,,,,,,,,,,,,,,,,,,,,,,,,,,,,,,5.0,22.0,37.0,12.0,10.0,3.0,7.0,16.0,72.0
S003880,M00342,P0465,T030,,,,,,,,,,,,,,,,,,,,,,,,,,,,,,,,,,,,2.0,33.0,17.0,7.0,4.0,5.0,10.0,11.0,42.0
S003881,M00342,P0463,T030,,,,,,,,,,,,,,,,,,,,,,,,,,,,,,,,,,,,4.0,30.0,31.0,4.0,7.0,0.0,3.0,25.0,55.0
S003882,M00342,P0464,T030,,,,,,,,,,,,,,,,,,,,,,,,,,,,,,,,,,,,2.0,29.0,32.0,10.0,8.0,3.0,6.0,15.0,62.0
S003883,M00344,P0447,T028,,,,,,,,,,,,,,,,,,,,,,,,,,,,,,,,,,,,3.0,58.0,22.0,11.0,9.0,3.0,15.0,15.0,45.0
S003884,M00344,P0450,T028,,,,,,,,,,,,,,,,,,,,,,,,,,,,,,,,,,,,2.0,29.0,34.0,2.0,7.0,1.0,8.0,18.0,51.0
S003885,M00344,P0452,T028,,,,,,,,,,,,,,,,,,,,,,,,,,,,,,,,,,,,3.0,49.0,40.0,15.0,4.0,4.0,11.0,14.0,70.0
S003886,M00344,P0438,T027,,,,,,,,,,,,,,,,,,,,,,,,,,,,,,,,,,,,1.0,20.0,44.0,4.0,9.0,5.0,14.0,12.0,54.0
S003887,M00344,P0442,T027,,,,,,,,,,,,,,,,,,,,,,,,,,,,,,,,,,,,5.0,42.0,48.0,14.0,1.0,0.0,12.0,22.0,77.0
S003888,M00344,P0441,T027,,,,,,,,,,,,,,,,,,,,,,,,,,,,,,,,,,,,5.0,47.0,42.0,12.0,10.0,1.0,15.0,25.0,57.0
S003889,M00347,P0471,T031,,,,,,,,,,,,,,,,,,,,,,,,,,,,,,,,,,,,3.0,24.0,32.0,11.0,1.0,2.0,11.0,17.0,54.0
S003890,M00347,P0468,T031,,,,,,,,,,,,,,,,,,,,,,,,,,,,,,,,,,,,3.0,58.0,46.0,7.0,5.0,1.0,7.0,13.0,55.0
S003891,M00347,P0466,T031,,,,,,,,,,,,,,,,,,,,,,,,,,,,,,,,,,,,4.0,38.0,40.0,3.0,1.0,3.0,10.0,21.0,78.0
S003892,M00347,P0479,T032,,,,,,,,,,,,,,,,,,,,,,,,,,,,,,,,,,,,2.0,30.0,24.0,13.0,7.0,2.0,9.0,24.0,45.0
S003893,M00347,P0481,T032,,,,,,,,,,,,,,,,,,,,,,,,,,,,,,,,,,,,3.0,35.0,30.0,2.0,1.0,1.0,10.0,3.0,48.0
S003894,M00347,P0474,T032,,,,,,,,,,,,,,,,,,,,,,,,,,,,,,,,,,,,4.0,43.0,18.0,15.0,8.0,3.0,15.0,22.0,70.0
S003895,M00348,P0478,T032,,,,,,,,,,,,,,,,,,,,,,,,,,,,,,,,,,,,3.0,26.0,31.0,7.0,4.0,4.0,9.0,23.0,78.0
S003896,M00348,P0475,T032,,,,,,,,,,,,,,,,,,,,,,,,,,,,,,,,,,,,1.0,27.0,42.0,10.0,2.0,1.0,15.0,4.0,71.0
S003897,M00348,P0472,T032,,,,,,,,,,,,,,,,,,,,,,,,,,,,,,,,,,,,3.0,20.0,18.0,2.0,7.0,4.0,15.0,22.0,45.0
S003898,M00348,P0461,T030,,,,,,,,,,,,,,,,,,,,,,,,,,,,,,,,,,,,3.0,56.0,29.0,15.0,10.0,5.0,5.0,7.0,56.0
S003899,M00348,P0465,T030,,,,,,,,,,,,,,,,,,,,,,,,,,,,,,,,,,,,3.0,40.0,37.0,8.0,6.0,1.0,6.0,8.0,48.0
S003900,M00348,P0463,T030,,,,,,,,,,,,,,,,,,,,,,,,,,,,,,,,,,,,1.0,39.0,49.0,11.0,5.0,2.0,15.0,5.0,52.0
S003901,M00349,P0463,T030,,,,,,,,,,,,,,,,,,,,,,,,,,,,,,,,,,,,3.0,25.0,43.0,8.0,10.0,4.0,6.0,9.0,43.0
S003902,M00349,P0465,T030,,,,,,,,,,,,,,,,,,,,,,,,,,,,,,,,,,,,2.0,55.0,20.0,7.0,7.0,4.0,8.0,21.0,42.0
S003903,M00349,P0464,T030,,,,,,,,,,,,,,,,,,,,,,,,,,,,,,,,,,,,4.0,20.0,37.0,13.0,7.0,4.0,8.0,25.0,44.0
S003904,M00349,P0421,T025,,,,,,,,,,,,,,,,,,,,,,,,,,,,,,,,,,,,4.0,27.0,19.0,14.0,3.0,4.0,10.0,12.0,42.0
S003905,M00349,P0424,T025,,,,,,,,,,,,,,,,,,,,,,,,,,,,,,,,,,,,5.0,27.0,19.0,9.0,4.0,0.0,13.0,15.0,76.0
S003906,M00349,P0422,T025,,,,,,,,,,,,,,,,,,,,,,,,,,,,,,,,,,,,5.0,34.0,48.0,4.0,2.0,2.0,8.0,7.0,74.0
S003907,M00350,P0435,T026,,,,,,,,,,,,,,,,,,,,,,,,,,,,,,,,,,,,5.0,58.0,40.0,4.0,9.0,4.0,6.0,3.0,51.0
S003908,M00350,P0434,T026,,,,,,,,,,,,,,,,,,,,,,,,,,,,,,,,,,,,5.0,38.0,18.0,7.0,3.0,0.0,11.0,14.0,43.0
S003909,M00350,P0432,T026,,,,,,,,,,,,,,,,,,,,,,,,,,,,,,,,,,,,3.0,44.0,18.0,10.0,4.0,5.0,4.0,21.0,46.0
S003910,M00350,P0438,T027,,,,,,,,,,,,,,,,,,,,,,,,,,,,,,,,,,,,3.0,54.0,37.0,13.0,9.0,4.0,9.0,13.0,56.0
S003911,M00350,P0442,T027,,,,,,,,,,,,,,,,,,,,,,,,,,,,,,,,,,,,5.0,55.0,19.0,10.0,5.0,2.0,3.0,22.0,55.0
S003912,M00350,P0436,T027,,,,,,,,,,,,,,,,,,,,,,,,,,,,,,,,,,,,5.0,47.0,37.0,6.0,8.0,0.0,12.0,8.0,71.0
S003913,M00353,P0436,T027,,,,,,,,,,,,,,,,,,,,,,,,,,,,,,,,,,,,5.0,49.0,34.0,10.0,8.0,0.0,8.0,15.0,64.0
S003914,M00353,P0441,T027,,,,,,,,,,,,,,,,,,,,,,,,,,,,,,,,,,,,2.0,34.0,16.0,15.0,1.0,2.0,9.0,3.0,77.0
S003915,M00353,P0440,T027,,,,,,,,,,,,,,,,,,,,,,,,,,,,,,,,,,,,3.0,37.0,40.0,15.0,2.0,2.0,3.0,6.0,48.0
S003916,M00353,P0471,T031,,,,,,,,,,,,,,,,,,,,,,,,,,,,,,,,,,,,1.0,46.0,40.0,12.0,6.0,3.0,9.0,4.0,63.0
S003917,M00353,P0467,T031,,,,,,,,,,,,,,,,,,,,,,,,,,,,,,,,,,,,1.0,42.0,16.0,15.0,9.0,2.0,13.0,14.0,69.0
S003918,M00353,P0468,T031,,,,,,,,,,,,,,,,,,,,,,,,,,,,,,,,,,,,4.0,41.0,46.0,10.0,10.0,1.0,15.0,18.0,76.0
S003919,M00356,P0449,T028,,,,,,,,,,,,,,,,,,,,,,,,,,,,,,,,,,,,5.0,39.0,46.0,6.0,4.0,3.0,5.0,21.0,77.0
S003920,M00356,P0450,T028,,,,,,,,,,,,,,,,,,,,,,,,,,,,,,,,,,,,1.0,32.0,35.0,15.0,3.0,0.0,14.0,21.0,64.0
S003921,M00356,P0446,T028,,,,,,,,,,,,,,,,,,,,,,,,,,,,,,,,,,,,1.0,57.0,22.0,2.0,3.0,3.0,9.0,11.0,71.0
S003922,M00356,P0466,T031,,,,,,,,,,,,,,,,,,,,,,,,,,,,,,,,,,,,3.0,34.0,25.0,3.0,2.0,0.0,13.0,21.0,43.0
S003923,M00356,P0468,T031,,,,,,,,,,,,,,,,,,,,,,,,,,,,,,,,,,,,2.0,47.0,41.0,14.0,3.0,1.0,10.0,17.0,52.0
S003924,M00356,P0467,T031,,,,,,,,,,,,,,,,,,,,,,,,,,,,,,,,,,,,5.0,26.0,29.0,15.0,4.0,0.0,12.0,20.0,55.0
S003925,M00357,P0473,T032,,,,,,,,,,,,,,,,,,,,,,,,,,,,,,,,,,,,2.0,35.0,46.0,10.0,1.0,1.0,7.0,15.0,53.0
S003926,M00357,P0476,T032,,,,,,,,,,,,,,,,,,,,,,,,,,,,,,,,,,,,2.0,31.0,47.0,9.0,5.0,5.0,5.0,14.0,66.0
S003927,M00357,P0477,T032,,,,,,,,,,,,,,,,,,,,,,,,,,,,,,,,,,,,3.0,45.0,50.0,8.0,7.0,4.0,3.0,24.0,61.0
S003928,M00357,P0425,T025,,,,,,,,,,,,,,,,,,,,,,,,,,,,,,,,,,,,1.0,43.0,50.0,11.0,6.0,5.0,15.0,9.0,74.0
S003929,M00357,P0421,T025,,,,,,,,,,,,,,,,,,,,,,,,,,,,,,,,,,,,1.0,40.0,45.0,15.0,6.0,0.0,4.0,13.0,57.0
S003930,M00357,P0426,T025,,,,,,,,,,,,,,,,,,,,,,,,,,,,,,,,,,,,2.0,54.0,36.0,9.0,9.0,0.0,11.0,23.0,43.0
S003931,M00358,P0469,T031,,,,,,,,,,,,,,,,,,,,,,,,,,,,,,,,,,,,5.0,26.0,33.0,10.0,9.0,0.0,8.0,24.0,80.0
S003932,M00358,P0471,T031,,,,,,,,,,,,,,,,,,,,,,,,,,,,,,,,,,,,1.0,38.0,32.0,8.0,7.0,0.0,12.0,24.0,78.0
S003933,M00358,P0468,T031,,,,,,,,,,,,,,,,,,,,,,,,,,,,,,,,,,,,3.0,36.0,22.0,9.0,2.0,0.0,3.0,16.0,63.0
S003934,M00358,P0424,T025,,,,,,,,,,,,,,,,,,,,,,,,,,,,,,,,,,,,4.0,47.0,49.0,10.0,6.0,2.0,15.0,13.0,61.0
S003935,M00358,P0422,T025,,,,,,,,,,,,,,,,,,,,,,,,,,,,,,,,,,,,2.0,60.0,40.0,5.0,8.0,3.0,9.0,16.0,63.0
S003936,M00358,P0427,T025,,,,,,,,,,,,,,,,,,,,,,,,,,,,,,,,,,,,5.0,59.0,37.0,11.0,10.0,0.0,5.0,24.0,54.0
S003937,M00359,P0440,T027,,,,,,,,,,,,,,,,,,,,,,,,,,,,,,,,,,,,2.0,55.0,21.0,15.0,7.0,1.0,5.0,15.0,67.0
S003938,M00359,P0445,T027,,,,,,,,,,,,,,,,,,,,,,,,,,,,,,,,,,,,3.0,52.0,34.0,11.0,2.0,4.0,13.0,15.0,46.0
S003939,M00359,P0438,T027,,,,,,,,,,,,,,,,,,,,,,,,,,,,,,,,,,,,3.0,44.0,25.0,10.0,9.0,1.0,9.0,9.0,61.0
S003940,M00359,P0428,T026,,,,,,,,,,,,,,,,,,,,,,,,,,,,,,,,,,,,2.0,32.0,20.0,12.0,6.0,0.0,13.0,9.0,44.0
S003941,M00359,P0433,T026,,,,,,,,,,,,,,,,,,,,,,,,,,,,,,,,,,,,2.0,42.0,42.0,3.0,2.0,3.0,3.0,8.0,71.0
S003942,M00359,P0430,T026,,,,,,,,,,,,,,,,,,,,,,,,,,,,,,,,,,,,5.0,38.0,45.0,5.0,5.0,2.0,10.0,21.0,52.0
S003943,M00360,P0443,T027,,,,,,,,,,,,,,,,,,,,,,,,,,,,,,,,,,,,2.0,59.0,22.0,9.0,7.0,0.0,12.0,25.0,66.0
S003944,M00360,P0438,T027,,,,,,,,,,,,,,,,,,,,,,,,,,,,,,,,,,,,5.0,30.0,25.0,7.0,9.0,4.0,8.0,24.0,73.0
S003945,M00360,P0444,T027,,,,,,,,,,,,,,,,,,,,,,,,,,,,,,,,,,,,3.0,32.0,22.0,5.0,6.0,5.0,13.0,24.0,71.0
S003946,M00360,P0423,T025,,,,,,,,,,,,,,,,,,,,,,,,,,,,,,,,,,,,4.0,39.0,43.0,6.0,1.0,3.0,6.0,22.0,70.0
S003947,M00360,P0421,T025,,,,,,,,,,,,,,,,,,,,,,,,,,,,,,,,,,,,2.0,56.0,41.0,3.0,8.0,2.0,9.0,13.0,68.0
S003948,M00360,P0425,T025,,,,,,,,,,,,,,,,,,,,,,,,,,,,,,,,,,,,4.0,57.0,18.0,8.0,2.0,4.0,6.0,12.0,56.0
S003949,M00362,P0467,T031,,,,,,,,,,,,,,,,,,,,,,,,,,,,,,,,,,,,1.0,52.0,17.0,11.0,6.0,2.0,8.0,13.0,44.0
S003950,M00362,P0468,T031,,,,,,,,,,,,,,,,,,,,,,,,,,,,,,,,,,,,5.0,28.0,33.0,3.0,6.0,1.0,11.0,16.0,55.0
S003951,M00362,P0466,T031,,,,,,,,,,,,,,,,,,,,,,,,,,,,,,,,,,,,3.0,55.0,31.0,2.0,2.0,3.0,15.0,5.0,68.0
S003952,M00362,P0421,T025,,,,,,,,,,,,,,,,,,,,,,,,,,,,,,,,,,,,3.0,58.0,22.0,6.0,5.0,2.0,6.0,10.0,71.0
S003953,M00362,P0426,T025,,,,,,,,,,,,,,,,,,,,,,,,,,,,,,,,,,,,3.0,31.0,16.0,3.0,6.0,3.0,12.0,6.0,57.0
S003954,M00362,P0424,T025,,,,,,,,,,,,,,,,,,,,,,,,,,,,,,,,,,,,4.0,26.0,39.0,12.0,5.0,0.0,8.0,18.0,54.0
S003955,M00363,P0449,T028,,,,,,,,,,,,,,,,,,,,,,,,,,,,,,,,,,,,5.0,37.0,15.0,13.0,10.0,0.0,6.0,11.0,44.0
S003956,M00363,P0453,T028,,,,,,,,,,,,,,,,,,,,,,,,,,,,,,,,,,,,4.0,52.0,19.0,2.0,10.0,0.0,10.0,6.0,76.0
S003957,M00363,P0452,T028,,,,,,,,,,,,,,,,,,,,,,,,,,,,,,,,,,,,3.0,50.0,21.0,12.0,5.0,2.0,4.0,12.0,77.0
S003958,M00363,P0423,T025,,,,,,,,,,,,,,,,,,,,,,,,,,,,,,,,,,,,5.0,42.0,35.0,10.0,4.0,4.0,10.0,9.0,64.0
S003959,M00363,P0421,T025,,,,,,,,,,,,,,,,,,,,,,,,,,,,,,,,,,,,5.0,22.0,44.0,4.0,10.0,3.0,9.0,5.0,73.0
S003960,M00363,P0427,T025,,,,,,,,,,,,,,,,,,,,,,,,,,,,,,,,,,,,1.0,54.0,31.0,5.0,9.0,4.0,4.0,15.0,74.0
S003961,M00365,P0423,T025,,,,,,,,,,,,,,,,,,,,,,,,,,,,,,,,,,,,4.0,30.0,27.0,12.0,1.0,4.0,12.0,4.0,69.0
S003962,M00365,P0425,T025,,,,,,,,,,,,,,,,,,,,,,,,,,,,,,,,,,,,1.0,39.0,39.0,6.0,5.0,2.0,3.0,10.0,41.0
S003963,M00365,P0422,T025,,,,,,,,,,,,,,,,,,,,,,,,,,,,,,,,,,,,1.0,44.0,15.0,6.0,6.0,5.0,14.0,6.0,79.0
S003964,M00365,P0481,T032,,,,,,,,,,,,,,,,,,,,,,,,,,,,,,,,,,,,5.0,50.0,29.0,5.0,1.0,0.0,5.0,18.0,80.0
S003965,M00365,P0472,T032,,,,,,,,,,,,,,,,,,,,,,,,,,,,,,,,,,,,4.0,35.0,23.0,14.0,8.0,1.0,5.0,9.0,71.0
S003966,M00365,P0473,T032,,,,,,,,,,,,,,,,,,,,,,,,,,,,,,,,,,,,2.0,47.0,35.0,2.0,5.0,1.0,5.0,23.0,64.0
S003967,M00367,P0428,T026,,,,,,,,,,,,,,,,,,,,,,,,,,,,,,,,,,,,1.0,36.0,44.0,5.0,6.0,1.0,8.0,7.0,50.0
S003968,M00367,P0430,T026,,,,,,,,,,,,,,,,,,,,,,,,,,,,,,,,,,,,4.0,43.0,31.0,11.0,4.0,0.0,15.0,14.0,53.0
S003969,M00367,P0432,T026,,,,,,,,,,,,,,,,,,,,,,,,,,,,,,,,,,,,5.0,49.0,27.0,14.0,5.0,2.0,4.0,9.0,62.0
S003970,M00367,P0452,T028,,,,,,,,,,,,,,,,,,,,,,,,,,,,,,,,,,,,4.0,23.0,39.0,15.0,1.0,5.0,3.0,22.0,75.0
S003971,M00367,P0448,T028,,,,,,,,,,,,,,,,,,,,,,,,,,,,,,,,,,,,5.0,49.0,25.0,9.0,5.0,0.0,14.0,13.0,45.0
S003972,M00367,P0447,T028,,,,,,,,,,,,,,,,,,,,,,,,,,,,,,,,,,,,3.0,35.0,22.0,15.0,7.0,2.0,4.0,5.0,78.0
S003973,M00368,P0463,T030,,,,,,,,,,,,,,,,,,,,,,,,,,,,,,,,,,,,4.0,43.0,41.0,6.0,1.0,5.0,15.0,8.0,63.0
S003974,M00368,P0459,T030,,,,,,,,,,,,,,,,,,,,,,,,,,,,,,,,,,,,3.0,31.0,42.0,2.0,1.0,3.0,5.0,20.0,76.0
S003975,M00368,P0460,T030,,,,,,,,,,,,,,,,,,,,,,,,,,,,,,,,,,,,2.0,30.0,27.0,10.0,5.0,1.0,8.0,17.0,78.0
S003976,M00368,P0481,T032,,,,,,,,,,,,,,,,,,,,,,,,,,,,,,,,,,,,5.0,39.0,38.0,10.0,10.0,1.0,5.0,13.0,44.0
S003977,M00368,P0475,T032,,,,,,,,,,,,,,,,,,,,,,,,,,,,,,,,,,,,4.0,37.0,46.0,7.0,3.0,4.0,7.0,22.0,68.0
S003978,M00368,P0477,T032,,,,,,,,,,,,,,,,,,,,,,,,,,,,,,,,,,,,4.0,42.0,40.0,7.0,6.0,0.0,5.0,19.0,72.0
S003979,M00369,P0464,T030,,,,,,,,,,,,,,,,,,,,,,,,,,,,,,,,,,,,4.0,32.0,49.0,5.0,7.0,3.0,9.0,16.0,62.0
S003980,M00369,P0463,T030,,,,,,,,,,,,,,,,,,,,,,,,,,,,,,,,,,,,4.0,23.0,28.0,3.0,1.0,0.0,5.0,7.0,80.0
S003981,M00369,P0461,T030,,,,,,,,,,,,,,,,,,,,,,,,,,,,,,,,,,,,1.0,35.0,29.0,12.0,9.0,3.0,8.0,9.0,56.0
S003982,M00369,P0422,T025,,,,,,,,,,,,,,,,,,,,,,,,,,,,,,,,,,,,3.0,52.0,28.0,15.0,6.0,2.0,13.0,13.0,69.0
S003983,M00369,P0421,T025,,,,,,,,,,,,,,,,,,,,,,,,,,,,,,,,,,,,3.0,56.0,47.0,10.0,4.0,4.0,9.0,19.0,52.0
S003984,M00369,P0423,T025,,,,,,,,,,,,,,,,,,,,,,,,,,,,,,,,,,,,5.0,28.0,38.0,4.0,6.0,2.0,6.0,4.0,79.0
S003985,M00370,P0475,T032,,,,,,,,,,,,,,,,,,,,,,,,,,,,,,,,,,,,3.0,31.0,19.0,7.0,2.0,3.0,6.0,24.0,58.0
S003986,M00370,P0477,T032,,,,,,,,,,,,,,,,,,,,,,,,,,,,,,,,,,,,4.0,46.0,16.0,14.0,7.0,4.0,14.0,21.0,80.0
S003987,M00370,P0481,T032,,,,,,,,,,,,,,,,,,,,,,,,,,,,,,,,,,,,5.0,29.0,31.0,9.0,2.0,2.0,10.0,13.0,66.0
S003988,M00370,P0466,T031,,,,,,,,,,,,,,,,,,,,,,,,,,,,,,,,,,,,1.0,22.0,28.0,15.0,1.0,1.0,5.0,6.0,48.0
S003989,M00370,P0471,T031,,,,,,,,,,,,,,,,,,,,,,,,,,,,,,,,,,,,2.0,57.0,36.0,7.0,2.0,1.0,4.0,16.0,78.0
S003990,M00370,P0470,T031,,,,,,,,,,,,,,,,,,,,,,,,,,,,,,,,,,,,5.0,34.0,23.0,5.0,3.0,4.0,8.0,11.0,46.0
S003991,M00371,P0461,T030,,,,,,,,,,,,,,,,,,,,,,,,,,,,,,,,,,,,4.0,34.0,23.0,8.0,3.0,0.0,7.0,11.0,60.0
S003992,M00371,P0460,T030,,,,,,,,,,,,,,,,,,,,,,,,,,,,,,,,,,,,2.0,50.0,21.0,7.0,1.0,2.0,8.0,6.0,79.0
S003993,M00371,P0464,T030,,,,,,,,,,,,,,,,,,,,,,,,,,,,,,,,,,,,4.0,51.0,49.0,15.0,8.0,3.0,11.0,19.0,42.0
S003994,M00371,P0447,T028,,,,,,,,,,,,,,,,,,,,,,,,,,,,,,,,,,,,3.0,58.0,21.0,5.0,3.0,3.0,11.0,12.0,51.0
S003995,M00371,P0451,T028,,,,,,,,,,,,,,,,,,,,,,,,,,,,,,,,,,,,2.0,31.0,40.0,5.0,6.0,2.0,15.0,11.0,66.0
S003996,M00371,P0446,T028,,,,,,,,,,,,,,,,,,,,,,,,,,,,,,,,,,,,5.0,22.0,28.0,5.0,7.0,5.0,12.0,25.0,52.0
S003997,M00372,P0459,T030,,,,,,,,,,,,,,,,,,,,,,,,,,,,,,,,,,,,4.0,25.0,44.0,5.0,3.0,1.0,14.0,20.0,46.0
S003998,M00372,P0465,T030,,,,,,,,,,,,,,,,,,,,,,,,,,,,,,,,,,,,3.0,38.0,36.0,7.0,3.0,3.0,11.0,18.0,67.0
S003999,M00372,P0461,T030,,,,,,,,,,,,,,,,,,,,,,,,,,,,,,,,,,,,2.0,60.0,39.0,2.0,3.0,1.0,8.0,16.0,58.0
S004000,M00372,P0428,T026,,,,,,,,,,,,,,,,,,,,,,,,,,,,,,,,,,,,2.0,20.0,49.0,8.0,9.0,4.0,4.0,22.0,63.0
S004001,M00372,P0433,T026,,,,,,,,,,,,,,,,,,,,,,,,,,,,,,,,,,,,1.0,50.0,50.0,8.0,8.0,4.0,9.0,21.0,76.0
S004002,M00372,P0432,T026,,,,,,,,,,,,,,,,,,,,,,,,,,,,,,,,,,,,5.0,56.0,28.0,12.0,9.0,0.0,12.0,23.0,47.0
S004003,M00374,P0445,T027,,,,,,,,,,,,,,,,,,,,,,,,,,,,,,,,,,,,3.0,44.0,22.0,4.0,4.0,5.0,4.0,22.0,40.0
S004004,M00374,P0440,T027,,,,,,,,,,,,,,,,,,,,,,,,,,,,,,,,,,,,1.0,29.0,33.0,3.0,6.0,2.0,4.0,18.0,60.0
S004005,M00374,P0443,T027,,,,,,,,,,,,,,,,,,,,,,,,,,,,,,,,,,,,5.0,45.0,28.0,9.0,4.0,2.0,6.0,9.0,50.0
S004006,M00374,P0424,T025,,,,,,,,,,,,,,,,,,,,,,,,,,,,,,,,,,,,5.0,57.0,40.0,8.0,7.0,4.0,9.0,20.0,63.0
S004007,M00374,P0421,T025,,,,,,,,,,,,,,,,,,,,,,,,,,,,,,,,,,,,5.0,37.0,28.0,3.0,2.0,3.0,5.0,5.0,43.0
S004008,M00374,P0422,T025,,,,,,,,,,,,,,,,,,,,,,,,,,,,,,,,,,,,4.0,42.0,20.0,6.0,10.0,2.0,10.0,9.0,79.0
S004009,M00376,P0462,T030,,,,,,,,,,,,,,,,,,,,,,,,,,,,,,,,,,,,3.0,32.0,20.0,2.0,6.0,2.0,10.0,18.0,44.0
S004010,M00376,P0464,T030,,,,,,,,,,,,,,,,,,,,,,,,,,,,,,,,,,,,1.0,33.0,18.0,12.0,3.0,3.0,8.0,21.0,66.0
S004011,M00376,P0461,T030,,,,,,,,,,,,,,,,,,,,,,,,,,,,,,,,,,,,1.0,55.0,49.0,11.0,6.0,4.0,9.0,22.0,68.0
S004012,M00376,P0449,T028,,,,,,,,,,,,,,,,,,,,,,,,,,,,,,,,,,,,3.0,33.0,31.0,4.0,4.0,0.0,7.0,21.0,57.0
S004013,M00376,P0448,T028,,,,,,,,,,,,,,,,,,,,,,,,,,,,,,,,,,,,3.0,30.0,21.0,4.0,6.0,5.0,11.0,16.0,42.0
S004014,M00376,P0450,T028,,,,,,,,,,,,,,,,,,,,,,,,,,,,,,,,,,,,4.0,28.0,15.0,14.0,10.0,4.0,4.0,20.0,42.0
S004015,M00377,P0450,T028,,,,,,,,,,,,,,,,,,,,,,,,,,,,,,,,,,,,5.0,59.0,22.0,7.0,2.0,2.0,14.0,6.0,58.0
S004016,M00377,P0446,T028,,,,,,,,,,,,,,,,,,,,,,,,,,,,,,,,,,,,1.0,42.0,18.0,10.0,6.0,0.0,13.0,5.0,55.0
S004017,M00377,P0451,T028,,,,,,,,,,,,,,,,,,,,,,,,,,,,,,,,,,,,3.0,50.0,32.0,13.0,3.0,4.0,14.0,15.0,54.0
S004018,M00377,P0427,T025,,,,,,,,,,,,,,,,,,,,,,,,,,,,,,,,,,,,1.0,31.0,25.0,14.0,7.0,2.0,10.0,7.0,60.0
S004019,M00377,P0424,T025,,,,,,,,,,,,,,,,,,,,,,,,,,,,,,,,,,,,3.0,34.0,26.0,6.0,6.0,1.0,12.0,15.0,40.0
S004020,M00377,P0423,T025,,,,,,,,,,,,,,,,,,,,,,,,,,,,,,,,,,,,3.0,28.0,31.0,2.0,9.0,0.0,10.0,12.0,80.0
S004021,M00378,P0450,T028,,,,,,,,,,,,,,,,,,,,,,,,,,,,,,,,,,,,2.0,56.0,40.0,10.0,6.0,5.0,5.0,17.0,67.0
S004022,M00378,P0447,T028,,,,,,,,,,,,,,,,,,,,,,,,,,,,,,,,,,,,5.0,31.0,16.0,11.0,2.0,4.0,13.0,20.0,46.0
S004023,M00378,P0448,T028,,,,,,,,,,,,,,,,,,,,,,,,,,,,,,,,,,,,2.0,29.0,34.0,14.0,7.0,3.0,4.0,11.0,50.0
S004024,M00378,P0465,T030,,,,,,,,,,,,,,,,,,,,,,,,,,,,,,,,,,,,5.0,51.0,15.0,4.0,1.0,4.0,15.0,17.0,77.0
S004025,M00378,P0463,T030,,,,,,,,,,,,,,,,,,,,,,,,,,,,,,,,,,,,1.0,58.0,42.0,12.0,4.0,2.0,4.0,24.0,60.0
S004026,M00378,P0459,T030,,,,,,,,,,,,,,,,,,,,,,,,,,,,,,,,,,,,5.0,24.0,19.0,9.0,6.0,5.0,6.0,10.0,47.0
S004027,M00381,P0489,T033,,,,,,,,,,,,,,,,,,,,,,,,,,,,,,,,,,,,3.0,33.0,30.0,9.0,10.0,3.0,3.0,20.0,64.0
S004028,M00381,P0482,T033,,,,,,,,,,,,,,,,,,,,,,,,,,,,,,,,,,,,1.0,39.0,30.0,9.0,8.0,2.0,11.0,17.0,51.0
S004029,M00381,P0483,T033,,,,,,,,,,,,,,,,,,,,,,,,,,,,,,,,,,,,3.0,32.0,44.0,3.0,8.0,1.0,3.0,24.0,47.0
S004030,M00381,P0506,T036,,,,,,,,,,,,,,,,,,,,,,,,,,,,,,,,,,,,2.0,21.0,15.0,5.0,3.0,2.0,9.0,21.0,66.0
S004031,M00381,P0505,T036,,,,,,,,,,,,,,,,,,,,,,,,,,,,,,,,,,,,3.0,48.0,31.0,3.0,4.0,1.0,4.0,6.0,62.0
S004032,M00381,P0508,T036,,,,,,,,,,,,,,,,,,,,,,,,,,,,,,,,,,,,1.0,58.0,41.0,10.0,4.0,4.0,7.0,20.0,59.0
S004033,M00383,P0484,T033,,,,,,,,,,,,,,,,,,,,,,,,,,,,,,,,,,,,4.0,32.0,20.0,7.0,5.0,1.0,3.0,21.0,79.0
S004034,M00383,P0483,T033,,,,,,,,,,,,,,,,,,,,,,,,,,,,,,,,,,,,1.0,33.0,34.0,13.0,10.0,0.0,6.0,5.0,62.0
S004035,M00383,P0485,T033,,,,,,,,,,,,,,,,,,,,,,,,,,,,,,,,,,,,4.0,60.0,36.0,5.0,7.0,3.0,10.0,5.0,53.0
S004036,M00383,P0507,T036,,,,,,,,,,,,,,,,,,,,,,,,,,,,,,,,,,,,2.0,41.0,20.0,13.0,5.0,2.0,5.0,8.0,72.0
S004037,M00383,P0506,T036,,,,,,,,,,,,,,,,,,,,,,,,,,,,,,,,,,,,2.0,33.0,23.0,7.0,4.0,2.0,11.0,24.0,60.0
S004038,M00383,P0509,T036,,,,,,,,,,,,,,,,,,,,,,,,,,,,,,,,,,,,2.0,58.0,43.0,14.0,10.0,4.0,6.0,25.0,56.0
S004039,M00385,P0538,T040,,,,,,,,,,,,,,,,,,,,,,,,,,,,,,,,,,,,4.0,49.0,35.0,10.0,4.0,5.0,6.0,14.0,51.0
S004040,M00385,P0537,T040,,,,,,,,,,,,,,,,,,,,,,,,,,,,,,,,,,,,1.0,58.0,46.0,2.0,7.0,2.0,3.0,16.0,58.0
S004041,M00385,P0536,T040,,,,,,,,,,,,,,,,,,,,,,,,,,,,,,,,,,,,1.0,29.0,27.0,13.0,2.0,2.0,7.0,4.0,49.0
S004042,M00385,P0520,T038,,,,,,,,,,,,,,,,,,,,,,,,,,,,,,,,,,,,5.0,33.0,15.0,9.0,6.0,0.0,4.0,15.0,52.0
S004043,M00385,P0518,T038,,,,,,,,,,,,,,,,,,,,,,,,,,,,,,,,,,,,2.0,51.0,16.0,5.0,5.0,4.0,4.0,11.0,46.0
S004044,M00385,P0519,T038,,,,,,,,,,,,,,,,,,,,,,,,,,,,,,,,,,,,1.0,42.0,23.0,8.0,10.0,5.0,9.0,9.0,66.0
S004045,M00386,P0528,T039,,,,,,,,,,,,,,,,,,,,,,,,,,,,,,,,,,,,2.0,24.0,26.0,15.0,7.0,2.0,13.0,13.0,58.0
S004046,M00386,P0526,T039,,,,,,,,,,,,,,,,,,,,,,,,,,,,,,,,,,,,2.0,44.0,46.0,8.0,9.0,5.0,15.0,18.0,79.0
S004047,M00386,P0531,T039,,,,,,,,,,,,,,,,,,,,,,,,,,,,,,,,,,,,4.0,50.0,34.0,8.0,8.0,5.0,5.0,15.0,78.0
S004048,M00386,P0514,T037,,,,,,,,,,,,,,,,,,,,,,,,,,,,,,,,,,,,1.0,25.0,29.0,5.0,4.0,1.0,10.0,22.0,75.0
S004049,M00386,P0513,T037,,,,,,,,,,,,,,,,,,,,,,,,,,,,,,,,,,,,5.0,28.0,21.0,15.0,8.0,0.0,5.0,23.0,66.0
S004050,M00386,P0511,T037,,,,,,,,,,,,,,,,,,,,,,,,,,,,,,,,,,,,4.0,27.0,39.0,3.0,5.0,4.0,7.0,22.0,46.0
S004051,M00389,P0521,T038,,,,,,,,,,,,,,,,,,,,,,,,,,,,,,,,,,,,4.0,42.0,42.0,3.0,7.0,5.0,3.0,9.0,74.0
S004052,M00389,P0516,T038,,,,,,,,,,,,,,,,,,,,,,,,,,,,,,,,,,,,3.0,57.0,35.0,13.0,3.0,3.0,3.0,16.0,72.0
S004053,M00389,P0518,T038,,,,,,,,,,,,,,,,,,,,,,,,,,,,,,,,,,,,2.0,30.0,47.0,9.0,10.0,2.0,14.0,15.0,44.0
S004054,M00389,P0528,T039,,,,,,,,,,,,,,,,,,,,,,,,,,,,,,,,,,,,5.0,44.0,39.0,3.0,6.0,4.0,5.0,22.0,52.0
S004055,M00389,P0525,T039,,,,,,,,,,,,,,,,,,,,,,,,,,,,,,,,,,,,2.0,41.0,43.0,10.0,10.0,0.0,11.0,19.0,61.0
S004056,M00389,P0524,T039,,,,,,,,,,,,,,,,,,,,,,,,,,,,,,,,,,,,1.0,47.0,15.0,5.0,1.0,5.0,15.0,10.0,58.0
S004057,M00390,P0509,T036,,,,,,,,,,,,,,,,,,,,,,,,,,,,,,,,,,,,1.0,31.0,18.0,4.0,8.0,1.0,3.0,23.0,48.0
S004058,M00390,P0507,T036,,,,,,,,,,,,,,,,,,,,,,,,,,,,,,,,,,,,2.0,53.0,38.0,12.0,10.0,2.0,14.0,6.0,48.0
S004059,M00390,P0504,T036,,,,,,,,,,,,,,,,,,,,,,,,,,,,,,,,,,,,5.0,60.0,24.0,2.0,8.0,1.0,5.0,9.0,42.0
S004060,M00390,P0519,T038,,,,,,,,,,,,,,,,,,,,,,,,,,,,,,,,,,,,5.0,29.0,29.0,5.0,10.0,4.0,12.0,24.0,62.0
S004061,M00390,P0517,T038,,,,,,,,,,,,,,,,,,,,,,,,,,,,,,,,,,,,1.0,26.0,22.0,5.0,10.0,4.0,10.0,18.0,55.0
S004062,M00390,P0518,T038,,,,,,,,,,,,,,,,,,,,,,,,,,,,,,,,,,,,5.0,49.0,25.0,9.0,9.0,3.0,9.0,17.0,74.0
S004063,M00391,P0505,T036,,,,,,,,,,,,,,,,,,,,,,,,,,,,,,,,,,,,1.0,60.0,50.0,13.0,5.0,1.0,5.0,21.0,64.0
S004064,M00391,P0509,T036,,,,,,,,,,,,,,,,,,,,,,,,,,,,,,,,,,,,4.0,41.0,21.0,6.0,5.0,5.0,7.0,19.0,64.0
S004065,M00391,P0507,T036,,,,,,,,,,,,,,,,,,,,,,,,,,,,,,,,,,,,3.0,49.0,32.0,5.0,1.0,3.0,5.0,3.0,64.0
S004066,M00391,P0538,T040,,,,,,,,,,,,,,,,,,,,,,,,,,,,,,,,,,,,5.0,60.0,34.0,14.0,10.0,4.0,13.0,6.0,77.0
S004067,M00391,P0534,T040,,,,,,,,,,,,,,,,,,,,,,,,,,,,,,,,,,,,5.0,48.0,24.0,2.0,3.0,4.0,11.0,5.0,44.0
S004068,M00391,P0536,T040,,,,,,,,,,,,,,,,,,,,,,,,,,,,,,,,,,,,2.0,20.0,15.0,10.0,5.0,1.0,13.0,9.0,77.0
S004069,M00392,P0510,T037,,,,,,,,,,,,,,,,,,,,,,,,,,,,,,,,,,,,5.0,55.0,22.0,14.0,2.0,5.0,13.0,17.0,77.0
S004070,M00392,P0512,T037,,,,,,,,,,,,,,,,,,,,,,,,,,,,,,,,,,,,4.0,35.0,27.0,2.0,6.0,0.0,10.0,11.0,76.0
S004071,M00392,P0515,T037,,,,,,,,,,,,,,,,,,,,,,,,,,,,,,,,,,,,3.0,23.0,33.0,6.0,4.0,1.0,10.0,6.0,77.0
S004072,M00392,P0505,T036,,,,,,,,,,,,,,,,,,,,,,,,,,,,,,,,,,,,2.0,53.0,32.0,12.0,5.0,0.0,15.0,16.0,45.0
S004073,M00392,P0508,T036,,,,,,,,,,,,,,,,,,,,,,,,,,,,,,,,,,,,4.0,57.0,28.0,12.0,7.0,1.0,7.0,4.0,73.0
S004074,M00392,P0504,T036,,,,,,,,,,,,,,,,,,,,,,,,,,,,,,,,,,,,5.0,41.0,22.0,12.0,7.0,1.0,5.0,10.0,72.0
S004075,M00393,P0497,T035,,,,,,,,,,,,,,,,,,,,,,,,,,,,,,,,,,,,1.0,40.0,45.0,13.0,5.0,0.0,3.0,10.0,70.0
S004076,M00393,P0498,T035,,,,,,,,,,,,,,,,,,,,,,,,,,,,,,,,,,,,4.0,30.0,26.0,8.0,6.0,4.0,7.0,6.0,60.0
S004077,M00393,P0500,T035,,,,,,,,,,,,,,,,,,,,,,,,,,,,,,,,,,,,2.0,43.0,49.0,5.0,9.0,2.0,4.0,16.0,54.0
S004078,M00393,P0536,T040,,,,,,,,,,,,,,,,,,,,,,,,,,,,,,,,,,,,1.0,27.0,41.0,6.0,5.0,5.0,9.0,16.0,72.0
S004079,M00393,P0537,T040,,,,,,,,,,,,,,,,,,,,,,,,,,,,,,,,,,,,3.0,50.0,21.0,15.0,4.0,1.0,13.0,22.0,43.0
S004080,M00393,P0538,T040,,,,,,,,,,,,,,,,,,,,,,,,,,,,,,,,,,,,1.0,23.0,26.0,15.0,10.0,5.0,4.0,13.0,73.0
S004081,M00394,P0529,T039,,,,,,,,,,,,,,,,,,,,,,,,,,,,,,,,,,,,5.0,43.0,48.0,3.0,2.0,0.0,4.0,12.0,64.0
S004082,M00394,P0525,T039,,,,,,,,,,,,,,,,,,,,,,,,,,,,,,,,,,,,1.0,28.0,27.0,14.0,6.0,1.0,8.0,23.0,77.0
S004083,M00394,P0532,T039,,,,,,,,,,,,,,,,,,,,,,,,,,,,,,,,,,,,4.0,52.0,25.0,10.0,10.0,0.0,4.0,11.0,43.0
S004084,M00394,P0517,T038,,,,,,,,,,,,,,,,,,,,,,,,,,,,,,,,,,,,2.0,41.0,42.0,5.0,2.0,3.0,10.0,15.0,65.0
S004085,M00394,P0522,T038,,,,,,,,,,,,,,,,,,,,,,,,,,,,,,,,,,,,1.0,29.0,43.0,3.0,7.0,4.0,12.0,8.0,69.0
S004086,M00394,P0523,T038,,,,,,,,,,,,,,,,,,,,,,,,,,,,,,,,,,,,5.0,60.0,50.0,10.0,5.0,3.0,11.0,24.0,69.0
S004087,M00395,P0525,T039,,,,,,,,,,,,,,,,,,,,,,,,,,,,,,,,,,,,5.0,32.0,49.0,5.0,5.0,3.0,13.0,17.0,42.0
S004088,M00395,P0532,T039,,,,,,,,,,,,,,,,,,,,,,,,,,,,,,,,,,,,3.0,25.0,15.0,12.0,5.0,3.0,6.0,3.0,80.0
S004089,M00395,P0533,T039,,,,,,,,,,,,,,,,,,,,,,,,,,,,,,,,,,,,5.0,21.0,26.0,10.0,3.0,0.0,6.0,6.0,45.0
S004090,M00395,P0520,T038,,,,,,,,,,,,,,,,,,,,,,,,,,,,,,,,,,,,2.0,39.0,20.0,15.0,5.0,5.0,6.0,3.0,57.0
S004091,M00395,P0522,T038,,,,,,,,,,,,,,,,,,,,,,,,,,,,,,,,,,,,3.0,39.0,39.0,11.0,8.0,4.0,13.0,21.0,58.0
S004092,M00395,P0523,T038,,,,,,,,,,,,,,,,,,,,,,,,,,,,,,,,,,,,2.0,40.0,41.0,5.0,5.0,4.0,15.0,3.0,41.0
S004093,M00397,P0517,T038,,,,,,,,,,,,,,,,,,,,,,,,,,,,,,,,,,,,4.0,53.0,29.0,5.0,5.0,2.0,3.0,4.0,56.0
S004094,M00397,P0520,T038,,,,,,,,,,,,,,,,,,,,,,,,,,,,,,,,,,,,1.0,59.0,38.0,3.0,2.0,1.0,13.0,4.0,53.0
S004095,M00397,P0519,T038,,,,,,,,,,,,,,,,,,,,,,,,,,,,,,,,,,,,1.0,48.0,39.0,15.0,7.0,0.0,10.0,3.0,64.0
S004096,M00397,P0495,T034,,,,,,,,,,,,,,,,,,,,,,,,,,,,,,,,,,,,4.0,55.0,32.0,15.0,7.0,2.0,15.0,25.0,74.0
S004097,M00397,P0490,T034,,,,,,,,,,,,,,,,,,,,,,,,,,,,,,,,,,,,2.0,21.0,48.0,9.0,3.0,4.0,7.0,19.0,44.0
S004098,M00397,P0493,T034,,,,,,,,,,,,,,,,,,,,,,,,,,,,,,,,,,,,5.0,26.0,49.0,8.0,10.0,3.0,12.0,7.0,54.0
S004099,M00398,P0496,T034,,,,,,,,,,,,,,,,,,,,,,,,,,,,,,,,,,,,3.0,23.0,35.0,7.0,8.0,1.0,7.0,18.0,69.0
S004100,M00398,P0492,T034,,,,,,,,,,,,,,,,,,,,,,,,,,,,,,,,,,,,2.0,25.0,29.0,14.0,10.0,3.0,6.0,23.0,65.0
S004101,M00398,P0495,T034,,,,,,,,,,,,,,,,,,,,,,,,,,,,,,,,,,,,2.0,21.0,19.0,8.0,1.0,5.0,7.0,21.0,58.0
S004102,M00398,P0534,T040,,,,,,,,,,,,,,,,,,,,,,,,,,,,,,,,,,,,2.0,24.0,16.0,3.0,8.0,0.0,14.0,15.0,67.0
S004103,M00398,P0537,T040,,,,,,,,,,,,,,,,,,,,,,,,,,,,,,,,,,,,5.0,44.0,30.0,15.0,8.0,1.0,4.0,25.0,74.0
S004104,M00398,P0535,T040,,,,,,,,,,,,,,,,,,,,,,,,,,,,,,,,,,,,3.0,55.0,28.0,15.0,6.0,4.0,7.0,23.0,43.0
S004105,M00401,P0512,T037,,,,,,,,,,,,,,,,,,,,,,,,,,,,,,,,,,,,3.0,49.0,20.0,15.0,3.0,3.0,8.0,15.0,62.0
S004106,M00401,P0513,T037,,,,,,,,,,,,,,,,,,,,,,,,,,,,,,,,,,,,4.0,37.0,21.0,12.0,7.0,2.0,9.0,15.0,66.0
S004107,M00401,P0510,T037,,,,,,,,,,,,,,,,,,,,,,,,,,,,,,,,,,,,4.0,26.0,36.0,9.0,2.0,0.0,4.0,7.0,42.0
S004108,M00401,P0537,T040,,,,,,,,,,,,,,,,,,,,,,,,,,,,,,,,,,,,5.0,21.0,36.0,12.0,9.0,4.0,6.0,14.0,76.0
S004109,M00401,P0534,T040,,,,,,,,,,,,,,,,,,,,,,,,,,,,,,,,,,,,4.0,51.0,26.0,14.0,7.0,1.0,8.0,13.0,48.0
S004110,M00401,P0539,T040,,,,,,,,,,,,,,,,,,,,,,,,,,,,,,,,,,,,3.0,49.0,41.0,3.0,6.0,0.0,14.0,25.0,55.0
S004111,M00403,P0519,T038,,,,,,,,,,,,,,,,,,,,,,,,,,,,,,,,,,,,5.0,36.0,49.0,2.0,9.0,3.0,4.0,19.0,67.0
S004112,M00403,P0518,T038,,,,,,,,,,,,,,,,,,,,,,,,,,,,,,,,,,,,5.0,32.0,15.0,15.0,5.0,1.0,7.0,7.0,50.0
S004113,M00403,P0520,T038,,,,,,,,,,,,,,,,,,,,,,,,,,,,,,,,,,,,5.0,58.0,46.0,10.0,6.0,1.0,5.0,6.0,40.0
S004114,M00403,P0497,T035,,,,,,,,,,,,,,,,,,,,,,,,,,,,,,,,,,,,2.0,57.0,49.0,11.0,4.0,0.0,12.0,3.0,57.0
S004115,M00403,P0502,T035,,,,,,,,,,,,,,,,,,,,,,,,,,,,,,,,,,,,1.0,23.0,30.0,9.0,7.0,2.0,11.0,12.0,76.0
S004116,M00403,P0498,T035,,,,,,,,,,,,,,,,,,,,,,,,,,,,,,,,,,,,1.0,26.0,34.0,2.0,6.0,3.0,8.0,3.0,49.0
S004117,M00404,P0496,T034,,,,,,,,,,,,,,,,,,,,,,,,,,,,,,,,,,,,5.0,51.0,17.0,12.0,10.0,0.0,12.0,13.0,79.0
S004118,M00404,P0492,T034,,,,,,,,,,,,,,,,,,,,,,,,,,,,,,,,,,,,1.0,29.0,44.0,13.0,10.0,4.0,3.0,11.0,65.0
S004119,M00404,P0493,T034,,,,,,,,,,,,,,,,,,,,,,,,,,,,,,,,,,,,2.0,45.0,19.0,14.0,10.0,4.0,4.0,19.0,52.0
S004120,M00404,P0532,T039,,,,,,,,,,,,,,,,,,,,,,,,,,,,,,,,,,,,5.0,54.0,27.0,8.0,3.0,3.0,12.0,16.0,45.0
S004121,M00404,P0530,T039,,,,,,,,,,,,,,,,,,,,,,,,,,,,,,,,,,,,4.0,32.0,39.0,9.0,8.0,0.0,10.0,25.0,69.0
S004122,M00404,P0528,T039,,,,,,,,,,,,,,,,,,,,,,,,,,,,,,,,,,,,3.0,31.0,41.0,13.0,10.0,5.0,7.0,24.0,51.0
S004123,M00407,P0539,T040,,,,,,,,,,,,,,,,,,,,,,,,,,,,,,,,,,,,1.0,42.0,32.0,13.0,9.0,5.0,12.0,17.0,74.0
S004124,M00407,P0537,T040,,,,,,,,,,,,,,,,,,,,,,,,,,,,,,,,,,,,5.0,25.0,31.0,3.0,3.0,2.0,8.0,8.0,68.0
S004125,M00407,P0538,T040,,,,,,,,,,,,,,,,,,,,,,,,,,,,,,,,,,,,4.0,22.0,38.0,2.0,9.0,3.0,8.0,13.0,42.0
S004126,M00407,P0521,T038,,,,,,,,,,,,,,,,,,,,,,,,,,,,,,,,,,,,3.0,38.0,49.0,3.0,9.0,5.0,15.0,20.0,74.0
S004127,M00407,P0519,T038,,,,,,,,,,,,,,,,,,,,,,,,,,,,,,,,,,,,4.0,48.0,48.0,11.0,6.0,0.0,4.0,10.0,76.0
S004128,M00407,P0517,T038,,,,,,,,,,,,,,,,,,,,,,,,,,,,,,,,,,,,1.0,56.0,27.0,10.0,8.0,0.0,10.0,11.0,45.0
S004129,M00409,P0506,T036,,,,,,,,,,,,,,,,,,,,,,,,,,,,,,,,,,,,1.0,35.0,32.0,15.0,10.0,5.0,15.0,20.0,59.0
S004130,M00409,P0505,T036,,,,,,,,,,,,,,,,,,,,,,,,,,,,,,,,,,,,2.0,55.0,26.0,10.0,2.0,2.0,3.0,12.0,64.0
S004131,M00409,P0504,T036,,,,,,,,,,,,,,,,,,,,,,,,,,,,,,,,,,,,2.0,39.0,45.0,10.0,7.0,5.0,14.0,9.0,62.0
S004132,M00409,P0540,T040,,,,,,,,,,,,,,,,,,,,,,,,,,,,,,,,,,,,2.0,46.0,25.0,9.0,4.0,1.0,3.0,19.0,76.0
S004133,M00409,P0537,T040,,,,,,,,,,,,,,,,,,,,,,,,,,,,,,,,,,,,1.0,35.0,34.0,7.0,5.0,2.0,9.0,23.0,72.0
S004134,M00409,P0535,T040,,,,,,,,,,,,,,,,,,,,,,,,,,,,,,,,,,,,3.0,35.0,26.0,15.0,2.0,5.0,3.0,22.0,60.0
S004135,M00413,P0536,T040,,,,,,,,,,,,,,,,,,,,,,,,,,,,,,,,,,,,5.0,46.0,21.0,9.0,8.0,5.0,13.0,9.0,43.0
S004136,M00413,P0538,T040,,,,,,,,,,,,,,,,,,,,,,,,,,,,,,,,,,,,4.0,56.0,15.0,11.0,10.0,0.0,14.0,21.0,79.0
S004137,M00413,P0537,T040,,,,,,,,,,,,,,,,,,,,,,,,,,,,,,,,,,,,5.0,37.0,40.0,9.0,7.0,0.0,10.0,3.0,78.0
S004138,M00413,P0521,T038,,,,,,,,,,,,,,,,,,,,,,,,,,,,,,,,,,,,1.0,33.0,37.0,8.0,3.0,2.0,10.0,25.0,65.0
S004139,M00413,P0516,T038,,,,,,,,,,,,,,,,,,,,,,,,,,,,,,,,,,,,2.0,24.0,18.0,13.0,10.0,0.0,5.0,19.0,41.0
S004140,M00413,P0522,T038,,,,,,,,,,,,,,,,,,,,,,,,,,,,,,,,,,,,3.0,49.0,36.0,7.0,1.0,0.0,15.0,4.0,56.0
S004141,M00414,P0536,T040,,,,,,,,,,,,,,,,,,,,,,,,,,,,,,,,,,,,3.0,47.0,39.0,12.0,4.0,0.0,8.0,17.0,50.0
S004142,M00414,P0540,T040,,,,,,,,,,,,,,,,,,,,,,,,,,,,,,,,,,,,4.0,43.0,42.0,4.0,3.0,0.0,5.0,6.0,68.0
S004143,M00414,P0534,T040,,,,,,,,,,,,,,,,,,,,,,,,,,,,,,,,,,,,3.0,54.0,26.0,15.0,9.0,1.0,12.0,25.0,41.0
S004144,M00414,P0487,T033,,,,,,,,,,,,,,,,,,,,,,,,,,,,,,,,,,,,1.0,27.0,29.0,12.0,8.0,5.0,9.0,25.0,41.0
S004145,M00414,P0483,T033,,,,,,,,,,,,,,,,,,,,,,,,,,,,,,,,,,,,4.0,31.0,15.0,12.0,4.0,1.0,14.0,11.0,73.0
S004146,M00414,P0485,T033,,,,,,,,,,,,,,,,,,,,,,,,,,,,,,,,,,,,5.0,32.0,24.0,5.0,8.0,3.0,8.0,16.0,71.0
S004147,M00416,P0500,T035,,,,,,,,,,,,,,,,,,,,,,,,,,,,,,,,,,,,4.0,44.0,49.0,7.0,4.0,1.0,7.0,6.0,58.0
S004148,M00416,P0501,T035,,,,,,,,,,,,,,,,,,,,,,,,,,,,,,,,,,,,5.0,38.0,24.0,8.0,9.0,4.0,11.0,20.0,42.0
S004149,M00416,P0499,T035,,,,,,,,,,,,,,,,,,,,,,,,,,,,,,,,,,,,4.0,48.0,37.0,9.0,5.0,3.0,15.0,14.0,73.0
S004150,M00416,P0512,T037,,,,,,,,,,,,,,,,,,,,,,,,,,,,,,,,,,,,4.0,39.0,38.0,3.0,10.0,1.0,7.0,7.0,68.0
S004151,M00416,P0513,T037,,,,,,,,,,,,,,,,,,,,,,,,,,,,,,,,,,,,5.0,35.0,31.0,8.0,9.0,5.0,5.0,23.0,79.0
S004152,M00416,P0515,T037,,,,,,,,,,,,,,,,,,,,,,,,,,,,,,,,,,,,5.0,43.0,20.0,8.0,6.0,1.0,5.0,24.0,73.0
S004153,M00423,P0531,T039,,,,,,,,,,,,,,,,,,,,,,,,,,,,,,,,,,,,1.0,25.0,50.0,9.0,8.0,4.0,9.0,10.0,56.0
S004154,M00423,P0527,T039,,,,,,,,,,,,,,,,,,,,,,,,,,,,,,,,,,,,1.0,37.0,33.0,10.0,8.0,5.0,10.0,17.0,59.0
S004155,M00423,P0529,T039,,,,,,,,,,,,,,,,,,,,,,,,,,,,,,,,,,,,4.0,46.0,27.0,11.0,8.0,5.0,14.0,5.0,41.0
S004156,M00423,P0505,T036,,,,,,,,,,,,,,,,,,,,,,,,,,,,,,,,,,,,2.0,51.0,46.0,15.0,10.0,3.0,3.0,16.0,74.0
S004157,M00423,P0504,T036,,,,,,,,,,,,,,,,,,,,,,,,,,,,,,,,,,,,5.0,53.0,39.0,9.0,5.0,5.0,5.0,3.0,61.0
S004158,M00423,P0507,T036,,,,,,,,,,,,,,,,,,,,,,,,,,,,,,,,,,,,1.0,40.0,45.0,10.0,5.0,3.0,5.0,7.0,44.0
S004159,M00424,P0530,T039,,,,,,,,,,,,,,,,,,,,,,,,,,,,,,,,,,,,4.0,41.0,20.0,10.0,7.0,2.0,15.0,6.0,62.0
S004160,M00424,P0527,T039,,,,,,,,,,,,,,,,,,,,,,,,,,,,,,,,,,,,2.0,25.0,23.0,3.0,5.0,0.0,13.0,10.0,73.0
S004161,M00424,P0528,T039,,,,,,,,,,,,,,,,,,,,,,,,,,,,,,,,,,,,2.0,60.0,47.0,12.0,8.0,4.0,3.0,20.0,67.0
S004162,M00424,P0502,T035,,,,,,,,,,,,,,,,,,,,,,,,,,,,,,,,,,,,3.0,26.0,31.0,8.0,7.0,0.0,15.0,6.0,71.0
S004163,M00424,P0501,T035,,,,,,,,,,,,,,,,,,,,,,,,,,,,,,,,,,,,1.0,42.0,30.0,11.0,7.0,3.0,3.0,6.0,61.0
S004164,M00424,P0500,T035,,,,,,,,,,,,,,,,,,,,,,,,,,,,,,,,,,,,3.0,30.0,26.0,8.0,5.0,0.0,14.0,7.0,56.0
S004165,M00425,P0537,T040,,,,,,,,,,,,,,,,,,,,,,,,,,,,,,,,,,,,2.0,58.0,38.0,13.0,8.0,4.0,10.0,9.0,60.0
S004166,M00425,P0536,T040,,,,,,,,,,,,,,,,,,,,,,,,,,,,,,,,,,,,1.0,44.0,49.0,5.0,3.0,0.0,5.0,8.0,69.0
S004167,M00425,P0539,T040,,,,,,,,,,,,,,,,,,,,,,,,,,,,,,,,,,,,1.0,25.0,28.0,12.0,2.0,4.0,3.0,4.0,49.0
S004168,M00425,P0504,T036,,,,,,,,,,,,,,,,,,,,,,,,,,,,,,,,,,,,1.0,54.0,31.0,9.0,6.0,2.0,8.0,17.0,71.0
S004169,M00425,P0506,T036,,,,,,,,,,,,,,,,,,,,,,,,,,,,,,,,,,,,2.0,38.0,28.0,4.0,9.0,1.0,6.0,22.0,44.0
S004170,M00425,P0509,T036,,,,,,,,,,,,,,,,,,,,,,,,,,,,,,,,,,,,2.0,28.0,19.0,10.0,4.0,3.0,9.0,21.0,56.0
S004171,M00428,P0494,T034,,,,,,,,,,,,,,,,,,,,,,,,,,,,,,,,,,,,3.0,57.0,47.0,12.0,1.0,4.0,7.0,15.0,78.0
S004172,M00428,P0496,T034,,,,,,,,,,,,,,,,,,,,,,,,,,,,,,,,,,,,5.0,51.0,28.0,4.0,10.0,3.0,8.0,19.0,57.0
S004173,M00428,P0491,T034,,,,,,,,,,,,,,,,,,,,,,,,,,,,,,,,,,,,3.0,47.0,24.0,9.0,2.0,5.0,6.0,17.0,43.0
S004174,M00428,P0509,T036,,,,,,,,,,,,,,,,,,,,,,,,,,,,,,,,,,,,3.0,45.0,48.0,6.0,6.0,4.0,11.0,22.0,41.0
S004175,M00428,P0505,T036,,,,,,,,,,,,,,,,,,,,,,,,,,,,,,,,,,,,5.0,23.0,39.0,8.0,1.0,4.0,7.0,17.0,73.0
S004176,M00428,P0506,T036,,,,,,,,,,,,,,,,,,,,,,,,,,,,,,,,,,,,2.0,23.0,41.0,4.0,7.0,2.0,9.0,13.0,72.0
S004177,M00429,P0508,T036,,,,,,,,,,,,,,,,,,,,,,,,,,,,,,,,,,,,2.0,37.0,32.0,14.0,5.0,3.0,6.0,5.0,49.0
S004178,M00429,P0509,T036,,,,,,,,,,,,,,,,,,,,,,,,,,,,,,,,,,,,5.0,37.0,23.0,12.0,1.0,4.0,5.0,17.0,59.0
S004179,M00429,P0507,T036,,,,,,,,,,,,,,,,,,,,,,,,,,,,,,,,,,,,5.0,35.0,17.0,11.0,9.0,0.0,13.0,5.0,49.0
S004180,M00429,P0498,T035,,,,,,,,,,,,,,,,,,,,,,,,,,,,,,,,,,,,1.0,41.0,21.0,4.0,9.0,2.0,4.0,9.0,64.0
S004181,M00429,P0497,T035,,,,,,,,,,,,,,,,,,,,,,,,,,,,,,,,,,,,5.0,37.0,17.0,7.0,5.0,0.0,14.0,15.0,61.0
S004182,M00429,P0503,T035,,,,,,,,,,,,,,,,,,,,,,,,,,,,,,,,,,,,2.0,34.0,46.0,2.0,1.0,4.0,10.0,18.0,70.0
S004183,M00430,P0492,T034,,,,,,,,,,,,,,,,,,,,,,,,,,,,,,,,,,,,1.0,22.0,28.0,4.0,3.0,5.0,9.0,3.0,70.0
S004184,M00430,P0490,T034,,,,,,,,,,,,,,,,,,,,,,,,,,,,,,,,,,,,2.0,38.0,44.0,10.0,5.0,1.0,5.0,16.0,69.0
S004185,M00430,P0494,T034,,,,,,,,,,,,,,,,,,,,,,,,,,,,,,,,,,,,3.0,54.0,34.0,8.0,5.0,5.0,6.0,5.0,43.0
S004186,M00430,P0540,T040,,,,,,,,,,,,,,,,,,,,,,,,,,,,,,,,,,,,2.0,34.0,49.0,12.0,6.0,2.0,6.0,17.0,67.0
S004187,M00430,P0535,T040,,,,,,,,,,,,,,,,,,,,,,,,,,,,,,,,,,,,4.0,35.0,18.0,13.0,6.0,4.0,8.0,20.0,51.0
S004188,M00430,P0539,T040,,,,,,,,,,,,,,,,,,,,,,,,,,,,,,,,,,,,1.0,59.0,42.0,13.0,5.0,2.0,12.0,22.0,66.0
S004189,M00431,P0508,T036,,,,,,,,,,,,,,,,,,,,,,,,,,,,,,,,,,,,3.0,33.0,20.0,4.0,2.0,1.0,8.0,14.0,72.0
S004190,M00431,P0505,T036,,,,,,,,,,,,,,,,,,,,,,,,,,,,,,,,,,,,5.0,59.0,48.0,5.0,10.0,1.0,14.0,9.0,41.0
S004191,M00431,P0509,T036,,,,,,,,,,,,,,,,,,,,,,,,,,,,,,,,,,,,4.0,54.0,22.0,6.0,2.0,1.0,15.0,13.0,69.0
S004192,M00431,P0510,T037,,,,,,,,,,,,,,,,,,,,,,,,,,,,,,,,,,,,1.0,49.0,46.0,15.0,10.0,5.0,13.0,23.0,51.0
S004193,M00431,P0513,T037,,,,,,,,,,,,,,,,,,,,,,,,,,,,,,,,,,,,3.0,36.0,36.0,6.0,8.0,2.0,13.0,22.0,68.0
S004194,M00431,P0514,T037,,,,,,,,,,,,,,,,,,,,,,,,,,,,,,,,,,,,1.0,26.0,29.0,15.0,2.0,2.0,15.0,25.0,66.0
S004195,M00432,P0532,T039,,,,,,,,,,,,,,,,,,,,,,,,,,,,,,,,,,,,1.0,22.0,23.0,6.0,3.0,3.0,15.0,12.0,60.0
S004196,M00432,P0531,T039,,,,,,,,,,,,,,,,,,,,,,,,,,,,,,,,,,,,5.0,47.0,29.0,11.0,5.0,3.0,11.0,12.0,63.0
S004197,M00432,P0527,T039,,,,,,,,,,,,,,,,,,,,,,,,,,,,,,,,,,,,5.0,33.0,21.0,14.0,1.0,4.0,3.0,9.0,62.0
S004198,M00432,P0521,T038,,,,,,,,,,,,,,,,,,,,,,,,,,,,,,,,,,,,4.0,28.0,39.0,5.0,3.0,5.0,15.0,18.0,62.0
S004199,M00432,P0520,T038,,,,,,,,,,,,,,,,,,,,,,,,,,,,,,,,,,,,1.0,31.0,46.0,12.0,2.0,4.0,5.0,15.0,59.0
S004200,M00432,P0523,T038,,,,,,,,,,,,,,,,,,,,,,,,,,,,,,,,,,,,2.0,27.0,15.0,4.0,4.0,4.0,15.0,17.0,50.0
S004201,M00434,P0503,T035,,,,,,,,,,,,,,,,,,,,,,,,,,,,,,,,,,,,1.0,51.0,30.0,8.0,7.0,5.0,15.0,25.0,80.0
S004202,M00434,P0501,T035,,,,,,,,,,,,,,,,,,,,,,,,,,,,,,,,,,,,3.0,56.0,46.0,2.0,7.0,5.0,12.0,13.0,77.0
S004203,M00434,P0502,T035,,,,,,,,,,,,,,,,,,,,,,,,,,,,,,,,,,,,5.0,20.0,22.0,11.0,7.0,5.0,13.0,11.0,54.0
S004204,M00434,P0539,T040,,,,,,,,,,,,,,,,,,,,,,,,,,,,,,,,,,,,3.0,46.0,24.0,5.0,10.0,2.0,15.0,3.0,51.0
S004205,M00434,P0540,T040,,,,,,,,,,,,,,,,,,,,,,,,,,,,,,,,,,,,1.0,24.0,22.0,10.0,8.0,0.0,13.0,4.0,40.0
S004206,M00434,P0535,T040,,,,,,,,,,,,,,,,,,,,,,,,,,,,,,,,,,,,1.0,54.0,23.0,4.0,3.0,0.0,8.0,10.0,48.0
S004207,M00435,P0495,T034,,,,,,,,,,,,,,,,,,,,,,,,,,,,,,,,,,,,5.0,57.0,30.0,11.0,6.0,3.0,15.0,4.0,73.0
S004208,M00435,P0491,T034,,,,,,,,,,,,,,,,,,,,,,,,,,,,,,,,,,,,5.0,53.0,16.0,6.0,7.0,3.0,4.0,17.0,47.0
S004209,M00435,P0490,T034,,,,,,,,,,,,,,,,,,,,,,,,,,,,,,,,,,,,1.0,25.0,33.0,9.0,9.0,1.0,7.0,17.0,62.0
S004210,M00435,P0501,T035,,,,,,,,,,,,,,,,,,,,,,,,,,,,,,,,,,,,1.0,51.0,27.0,11.0,1.0,3.0,9.0,13.0,43.0
S004211,M00435,P0503,T035,,,,,,,,,,,,,,,,,,,,,,,,,,,,,,,,,,,,4.0,52.0,48.0,12.0,9.0,2.0,10.0,25.0,67.0
S004212,M00435,P0497,T035,,,,,,,,,,,,,,,,,,,,,,,,,,,,,,,,,,,,1.0,31.0,44.0,5.0,2.0,3.0,3.0,10.0,62.0
S004213,M00436,P0490,T034,,,,,,,,,,,,,,,,,,,,,,,,,,,,,,,,,,,,3.0,20.0,40.0,15.0,4.0,1.0,14.0,17.0,43.0
S004214,M00436,P0491,T034,,,,,,,,,,,,,,,,,,,,,,,,,,,,,,,,,,,,3.0,29.0,32.0,3.0,7.0,4.0,7.0,23.0,60.0
S004215,M00436,P0492,T034,,,,,,,,,,,,,,,,,,,,,,,,,,,,,,,,,,,,4.0,39.0,39.0,10.0,7.0,3.0,10.0,15.0,80.0
S004216,M00436,P0502,T035,,,,,,,,,,,,,,,,,,,,,,,,,,,,,,,,,,,,4.0,59.0,22.0,6.0,3.0,5.0,11.0,12.0,40.0
S004217,M00436,P0503,T035,,,,,,,,,,,,,,,,,,,,,,,,,,,,,,,,,,,,1.0,20.0,15.0,15.0,2.0,1.0,15.0,17.0,56.0
S004218,M00436,P0499,T035,,,,,,,,,,,,,,,,,,,,,,,,,,,,,,,,,,,,2.0,48.0,47.0,6.0,8.0,5.0,4.0,3.0,70.0
S004219,M00438,P0498,T035,,,,,,,,,,,,,,,,,,,,,,,,,,,,,,,,,,,,2.0,31.0,24.0,7.0,9.0,5.0,6.0,10.0,70.0
S004220,M00438,P0501,T035,,,,,,,,,,,,,,,,,,,,,,,,,,,,,,,,,,,,4.0,30.0,24.0,15.0,4.0,5.0,6.0,11.0,61.0
S004221,M00438,P0503,T035,,,,,,,,,,,,,,,,,,,,,,,,,,,,,,,,,,,,1.0,27.0,36.0,6.0,2.0,3.0,10.0,15.0,63.0
S004222,M00438,P0537,T040,,,,,,,,,,,,,,,,,,,,,,,,,,,,,,,,,,,,4.0,25.0,17.0,13.0,1.0,0.0,3.0,14.0,78.0
S004223,M00438,P0538,T040,,,,,,,,,,,,,,,,,,,,,,,,,,,,,,,,,,,,1.0,27.0,48.0,8.0,3.0,5.0,14.0,11.0,71.0
S004224,M00438,P0540,T040,,,,,,,,,,,,,,,,,,,,,,,,,,,,,,,,,,,,5.0,35.0,28.0,12.0,4.0,2.0,11.0,24.0,76.0
S004225,M00440,P0534,T040,,,,,,,,,,,,,,,,,,,,,,,,,,,,,,,,,,,,2.0,45.0,39.0,5.0,2.0,2.0,14.0,14.0,80.0
S004226,M00440,P0536,T040,,,,,,,,,,,,,,,,,,,,,,,,,,,,,,,,,,,,3.0,53.0,18.0,12.0,1.0,4.0,10.0,14.0,71.0
S004227,M00440,P0540,T040,,,,,,,,,,,,,,,,,,,,,,,,,,,,,,,,,,,,3.0,49.0,36.0,3.0,4.0,0.0,11.0,10.0,75.0
S004228,M00440,P0518,T038,,,,,,,,,,,,,,,,,,,,,,,,,,,,,,,,,,,,1.0,54.0,32.0,6.0,5.0,3.0,11.0,23.0,60.0
S004229,M00440,P0517,T038,,,,,,,,,,,,,,,,,,,,,,,,,,,,,,,,,,,,1.0,26.0,27.0,12.0,9.0,0.0,6.0,19.0,63.0
S004230,M00440,P0519,T038,,,,,,,,,,,,,,,,,,,,,,,,,,,,,,,,,,,,3.0,26.0,50.0,6.0,3.0,4.0,6.0,8.0,65.0
